OID_,BasinID,BasinName,Total,COM,CON,DOM,ENV,IND,IRR,MM,MUN,OTH,PWR,QM,REC,STK,WLD,GlobalID,Shape_Length,Shape_Area
1,009,Long Valley,297.000000000000000,0.000000000000000,0.000000000000000,6.000000000000000,0.000000000000000,0.000000000000000,155.000000000000000,0.000000000000000,0.000000000000000,0.000000000000000,0,0.000000000000000,0.000000000000000,136,0.000000000000000,{00000000-0000-0000-0000-000000000000},225645.674761083530029,1126935605.798793315887451
2,033B,Quinn River Valley,3316.769999999999982,0.000000000000000,0.000000000000000,40.000000000000000,0.000000000000000,0.000000000000000,3148.000000000000000,0.000000000000000,62.070000000000000,0.000000000000000,0,46.700000000000003,0.000000000000000,20,0.000000000000000,{00000000-0000-0000-0000-000000000000},233873.918112746847328,1516126958.036951541900635
3,012,Mosquito Valley,0.000000000000000,0.000000000000000,0.000000000000000,0.000000000000000,0.000000000000000,0.000000000000000,0.000000000000000,0.000000000000000,0.000000000000000,0.000000000000000,0,0.000000000000000,0.000000000000000,0,0.000000000000000,{00000000-0000-0000-0000-000000000000},47416.631321249893517,85753381.262251138687134
4,007,Swan Lake Valley,44.000000000000000,0.000000000000000,0.000000000000000,1.000000000000000,0.000000000000000,0.000000000000000,0.000000000000000,0.000000000000000,0.000000000000000,0.000000000000000,0,0.000000000000000,0.000000000000000,43,0.000000000000000,{00000000-0000-0000-0000-000000000000},140437.181357522873441,605153604.628151178359985
5,029,Pine Forest Valley,22028.799999999999272,4.480000000000000,0.000000000000000,17.000000000000000,0.000000000000000,0.000000000000000,21982.000000000000000,0.000000000000000,0.000000000000000,0.000000000000000,0,6.320000000000000,0.000000000000000,19,0.000000000000000,{00000000-0000-0000-0000-000000000000},191394.527411391551141,1370976822.105604648590088
6,014,Surprise Valley,496.000000000000000,0.000000000000000,0.000000000000000,0.000000000000000,0.000000000000000,0.000000000000000,460.000000000000000,0.000000000000000,0.000000000000000,0.000000000000000,0,0.000000000000000,0.000000000000000,36,0.000000000000000,{00000000-0000-0000-0000-000000000000},210387.031730671704281,541616486.344849705696106
7,189B,Thousand Springs Valley,84.689999999999998,0.000000000000000,0.000000000000000,8.000000000000000,0.000000000000000,0.000000000000000,0.000000000000000,0.000000000000000,0.000000000000000,0.000000000000000,0,5.470000000000000,0.000000000000000,65,6.220000000000000,{00000000-0000-0000-0000-000000000000},227417.968778458714951,1604594023.603501558303833
8,033A,Quinn River Valley,52918.467499999998836,80.400000000000006,0.000000000000000,54.000000000000000,0.000000000000000,0.000000000000000,52678.000000000000000,0.000000000000000,88.037499999999994,0.000000000000000,0,0.000000000000000,0.000000000000000,18,0.030000000000000,{00000000-0000-0000-0000-000000000000},201619.810018309683073,1622036598.282354354858398
9,067,Little Humboldt Valley,5974.421454129999802,0.000000000000000,0.000000000000000,2.000000000000000,0.000000000000000,0.000000000000000,5971.421454129999802,0.000000000000000,0.000000000000000,0.000000000000000,0,0.000000000000000,0.000000000000000,1,0.000000000000000,{00000000-0000-0000-0000-000000000000},348117.931481754581910,2553570695.450396060943604
10,190,Grouse Creek Valley,3.000000000000000,0.000000000000000,0.000000000000000,0.000000000000000,0.000000000000000,0.000000000000000,0.000000000000000,0.000000000000000,0.000000000000000,0.000000000000000,0,0.000000000000000,0.000000000000000,3,0.000000000000000,{00000000-0000-0000-0000-000000000000},103299.981865828245645,154726349.971503168344498
11,008,Massacre Lake Valley,86.219999999999999,0.000000000000000,0.000000000000000,0.000000000000000,0.000000000000000,0.000000000000000,0.000000000000000,0.000000000000000,0.000000000000000,0.000000000000000,0,0.000000000000000,0.000000000000000,86,0.220000000000000,{00000000-0000-0000-0000-000000000000},96041.392628449102631,449765948.768603265285492
12,003,Gridley Lake Valley,5380.000000000000000,0.000000000000000,0.000000000000000,0.000000000000000,0.000000000000000,0.000000000000000,5296.000000000000000,0.000000000000000,0.000000000000000,0.000000000000000,0,0.000000000000000,0.000000000000000,84,0.000000000000000,{00000000-0000-0000-0000-000000000000},105750.068533395300619,508421218.451962828636169
13,042,Marys River Area,5867.216238289999637,31.271238919999998,0.000000000000000,157.000000000000000,242.139999999999986,0.000000000000000,4756.987599330000194,0.000000000000000,419.166726470000015,0.000000000000000,0,31.570673580000001,0.000000000000000,220,9.080000000000000,{00000000-0000-0000-0000-000000000000},329022.134264760592487,2809241192.704005241394043
14,068,Hardscrabble Area,0.000000000000000,0.000000000000000,0.000000000000000,0.000000000000000,0.000000000000000,0.000000000000000,0.000000000000000,0.000000000000000,0.000000000000000,0.000000000000000,0,0.000000000000000,0.000000000000000,0,0.000000000000000,{00000000-0000-0000-0000-000000000000},107027.263071198336547,426143820.663298189640045
15,189D,Thousand Springs Valley,5865.409999999999854,8.410000000000000,0.000000000000000,50.000000000000000,0.000000000000000,0.000000000000000,5756.000000000000000,0.000000000000000,0.000000000000000,0.000000000000000,0,0.000000000000000,0.000000000000000,51,0.000000000000000,{00000000-0000-0000-0000-000000000000},215759.732356479536975,1258621484.347789287567139
16,013,Warner Valley,68.000000000000000,0.000000000000000,0.000000000000000,0.000000000000000,0.000000000000000,0.000000000000000,0.000000000000000,0.000000000000000,0.000000000000000,0.000000000000000,0,0.000000000000000,0.000000000000000,68,0.000000000000000,{00000000-0000-0000-0000-000000000000},63730.722769259322376,218746615.466644436120987
17,011,Coleman Valley,23.000000000000000,0.000000000000000,0.000000000000000,0.000000000000000,0.000000000000000,0.000000000000000,0.000000000000000,0.000000000000000,0.000000000000000,0.000000000000000,0,0.000000000000000,0.000000000000000,23,0.000000000000000,{00000000-0000-0000-0000-000000000000},60812.895406260438904,139144949.876395374536514
18,041,Goose Creek Area,696.000000000000000,0.000000000000000,0.000000000000000,1.000000000000000,0.000000000000000,0.000000000000000,642.000000000000000,0.000000000000000,0.000000000000000,0.000000000000000,0,0.000000000000000,0.000000000000000,53,0.000000000000000,{00000000-0000-0000-0000-000000000000},125274.895495694290730,837816770.101592898368835
19,010,Macy Flat,4.000000000000000,0.000000000000000,0.000000000000000,0.000000000000000,0.000000000000000,0.000000000000000,0.000000000000000,0.000000000000000,0.000000000000000,0.000000000000000,0,0.000000000000000,0.000000000000000,4,0.000000000000000,{00000000-0000-0000-0000-000000000000},39425.238070938728924,71973042.124700278043747
20,040,Salmon Falls Creek Area,4375.264000000000124,549.370000000000005,0.000000000000000,21.000000000000000,0.000000000000000,0.000000000000000,2781.000000000000000,0.000000000000000,150.439999999999998,39.820000000000000,0,759.634000000000015,0.000000000000000,74,0.000000000000000,{00000000-0000-0000-0000-000000000000},266107.221897901385091,3164230280.580036163330078
21,006,Guano Valley,0.000000000000000,0.000000000000000,0.000000000000000,0.000000000000000,0.000000000000000,0.000000000000000,0.000000000000000,0.000000000000000,0.000000000000000,0.000000000000000,0,0.000000000000000,0.000000000000000,0,0.000000000000000,{00000000-0000-0000-0000-000000000000},103887.221399328831467,384944733.406049311161041
22,005,Sage Hen Valley,0.000000000000000,0.000000000000000,0.000000000000000,0.000000000000000,0.000000000000000,0.000000000000000,0.000000000000000,0.000000000000000,0.000000000000000,0.000000000000000,0,0.000000000000000,0.000000000000000,0,0.000000000000000,{00000000-0000-0000-0000-000000000000},45703.600153774917999,58529137.938652746379375
23,004,Virgin Valley,17.000000000000000,0.000000000000000,0.000000000000000,10.000000000000000,0.000000000000000,0.000000000000000,0.000000000000000,0.000000000000000,0.000000000000000,0.000000000000000,0,7.000000000000000,0.000000000000000,0,0.000000000000000,{00000000-0000-0000-0000-000000000000},195389.257615253125550,1268281753.186951398849487
24,039,Jarbidge River Area,1.000000000000000,0.000000000000000,0.000000000000000,1.000000000000000,0.000000000000000,0.000000000000000,0.000000000000000,0.000000000000000,0.000000000000000,0.000000000000000,0,0.000000000000000,0.000000000000000,0,0.000000000000000,{00000000-0000-0000-0000-000000000000},132599.500564145739190,723674966.629646062850952
25,002,Continental Lake Valley,1780.000000000000000,0.000000000000000,0.000000000000000,2.000000000000000,0.000000000000000,0.000000000000000,1759.000000000000000,0.000000000000000,0.000000000000000,0.000000000000000,0,0.000000000000000,0.000000000000000,19,0.000000000000000,{00000000-0000-0000-0000-000000000000},112203.853767197884736,549806763.029398679733276
26,038,Bruneau River Area,5.000000000000000,0.000000000000000,0.000000000000000,2.000000000000000,0.000000000000000,0.000000000000000,0.000000000000000,0.000000000000000,0.000000000000000,0.000000000000000,0,0.000000000000000,0.000000000000000,3,0.000000000000000,{00000000-0000-0000-0000-000000000000},234278.633141862723278,1345606546.281848192214966
27,001,Pueblo Valley,4583.489999999999782,5.430000000000000,0.000000000000000,20.000000000000000,0.000000000000000,0.000000000000000,4551.000000000000000,0.000000000000000,0.000000000000000,0.000000000000000,0,4.060000000000000,0.000000000000000,3,0.000000000000000,{00000000-0000-0000-0000-000000000000},110161.643975856117322,365971821.167492926120758
28,030A,Kings River Valley,46620.470000000001164,112.349999999999994,0.000000000000000,19.000000000000000,0.000000000000000,0.000000000000000,46368.000000000000000,0.000000000000000,0.000000000000000,94.120000000000005,0,1.000000000000000,0.000000000000000,26,0.000000000000000,{00000000-0000-0000-0000-000000000000},139607.025363013934111,773413533.141696572303772
29,037,Owyhee River Area,241.770000000000010,0.000000000000000,0.000000000000000,103.000000000000000,0.000000000000000,0.000000000000000,0.000000000000000,0.000000000000000,0.000000000000000,112.599999999999994,0,19.719999999999999,4.450000000000000,2,0.000000000000000,{00000000-0000-0000-0000-000000000000},211794.548863472737139,1376915556.230250835418701
30,034,Little Owyhee  River Area,9.180000000000000,0.000000000000000,0.000000000000000,3.000000000000000,0.000000000000000,0.000000000000000,0.000000000000000,0.000000000000000,0.000000000000000,0.000000000000000,0,0.000000000000000,0.000000000000000,6,0.180000000000000,{00000000-0000-0000-0000-000000000000},223643.376933871244546,1806596674.227542638778687
31,035,South Fork Owyhee River Area,1070.240000000000009,0.000000000000000,0.000000000000000,4.000000000000000,0.000000000000000,0.000000000000000,960.000000000000000,0.000000000000000,0.000000000000000,0.000000000000000,0,7.240000000000000,0.000000000000000,99,0.000000000000000,{00000000-0000-0000-0000-000000000000},295120.632783851528075,3401077507.693449497222900
32,028,Black Rock Desert,7834.615999999999985,0.000000000000000,0.000000000000000,13.000000000000000,0.000000000000000,0.000000000000000,7671.000000000000000,129.475999999999999,0.000000000000000,0.000000000000000,0,6.140000000000000,0.000000000000000,15,0.000000000000000,{00000000-0000-0000-0000-000000000000},461755.996616352233104,5624780810.094588279724121
33,189C,Thousand Springs Valley,9.000000000000000,0.000000000000000,0.000000000000000,0.000000000000000,0.000000000000000,0.000000000000000,0.000000000000000,0.000000000000000,0.000000000000000,0.000000000000000,0,0.000000000000000,0.000000000000000,9,0.000000000000000,{00000000-0000-0000-0000-000000000000},105638.658932973135961,485117681.576954841613770
34,069,Paradise Valley,43825.857648689998314,53.389971240000001,0.000000000000000,399.000000000000000,0.000000000000000,8.430896640000000,43333.552481919999991,0.000000000000000,0.000000000000000,14.192468079999999,0,8.791830810000000,2.500000000000000,6,0.000000000000000,{00000000-0000-0000-0000-000000000000},200343.770891171647236,1558756898.835252046585083
35,025,High Rock Lake Valley,5.000000000000000,0.000000000000000,0.000000000000000,2.000000000000000,0.000000000000000,0.000000000000000,0.000000000000000,0.000000000000000,0.000000000000000,0.000000000000000,0,0.000000000000000,0.000000000000000,3,0.000000000000000,{00000000-0000-0000-0000-000000000000},231279.976351844612509,1726429279.264697551727295
36,030B,Kings River Valley,6.000000000000000,0.000000000000000,0.000000000000000,1.000000000000000,0.000000000000000,0.000000000000000,0.000000000000000,0.000000000000000,0.000000000000000,0.000000000000000,0,0.000000000000000,0.000000000000000,5,0.000000000000000,{00000000-0000-0000-0000-000000000000},99225.046760857192567,300295434.050750315189362
37,027,Summit Lake Valley,2.000000000000000,0.000000000000000,0.000000000000000,1.000000000000000,0.000000000000000,0.000000000000000,0.000000000000000,0.000000000000000,0.000000000000000,0.000000000000000,0,0.000000000000000,0.000000000000000,1,0.000000000000000,{00000000-0000-0000-0000-000000000000},63403.656302338175010,149003751.175806403160095
38,044,North Fork Area,3056.315080469999884,2.537895000000000,0.000000000000000,430.000000000000000,242.139999999999986,120.214909509999998,1350.451618499999995,745.259999999999991,0.000000000000000,0.000000000000000,0,20.710657449999999,0.000000000000000,145,0.000000000000000,{00000000-0000-0000-0000-000000000000},303208.058007748390082,2853408357.204699039459229
39,036,Independence Valley,4073.733304280000084,0.000000000000000,0.000000000000000,19.000000000000000,0.000000000000000,1219.493304280000075,2662.000000000000000,133.430000000000007,17.879999999999999,0.000000000000000,0,1.930000000000000,0.000000000000000,20,0.000000000000000,{00000000-0000-0000-0000-000000000000},156366.200156563951168,895752847.450151801109314
40,026,Mud Meadow,1105.000000000000000,0.000000000000000,0.000000000000000,0.000000000000000,0.000000000000000,0.000000000000000,1105.000000000000000,0.000000000000000,0.000000000000000,0.000000000000000,0,0.000000000000000,0.000000000000000,0,0.000000000000000,{00000000-0000-0000-0000-000000000000},207627.667063808068633,1288045540.184286594390869
41,189A,Thousand Springs Valley,161.000000000000000,0.000000000000000,0.000000000000000,14.000000000000000,0.000000000000000,0.000000000000000,113.000000000000000,0.000000000000000,0.000000000000000,0.000000000000000,0,0.000000000000000,0.000000000000000,34,0.000000000000000,{00000000-0000-0000-0000-000000000000},102267.224650852702325,401538432.294246971607208
42,031,Desert Valley,25317.070999999999913,1.810000000000000,0.208000000000000,15.000000000000000,0.000000000000000,2312.722999999999956,22127.540000000000873,7.430000000000000,0.000000000000000,65.150000000000006,0,0.010000000000000,772.200000000000045,15,0.000000000000000,{00000000-0000-0000-0000-000000000000},249249.903187503368827,2743738393.307090759277344
43,015,Boulder Valley,0.000000000000000,0.000000000000000,0.000000000000000,0.000000000000000,0.000000000000000,0.000000000000000,0.000000000000000,0.000000000000000,0.000000000000000,0.000000000000000,0,0.000000000000000,0.000000000000000,0,0.000000000000000,{00000000-0000-0000-0000-000000000000},71054.671399475017097,225146199.071302473545074
44,032,Silver State Valley,17059.240000000001601,0.000000000000000,0.000000000000000,17.000000000000000,0.000000000000000,0.000000000000000,17022.000000000000000,0.000000000000000,0.000000000000000,0.000000000000000,0,2.240000000000000,0.000000000000000,18,0.000000000000000,{00000000-0000-0000-0000-000000000000},133550.365929037536262,827834723.361150860786438
45,063,Willow Creek Valley,535.764708720000044,0.000000000000000,0.000000000000000,5.000000000000000,0.000000000000000,0.000000000000000,176.668858730000011,321.000000000000000,0.000000000000000,0.000000000000000,0,28.095849990000001,0.000000000000000,5,0.000000000000000,{00000000-0000-0000-0000-000000000000},164027.307127737643896,1054324623.575746417045593
46,016,Duck Lake Valley,1798.240000000000009,68.500000000000000,0.000000000000000,2.000000000000000,0.000000000000000,0.000000000000000,1664.740000000000009,0.000000000000000,0.000000000000000,0.000000000000000,0,0.000000000000000,0.000000000000000,63,0.000000000000000,{00000000-0000-0000-0000-000000000000},187218.795938489813125,1390149743.225947856903076
47,066,Kelley Creek Area,11114.611616379999759,0.000000000000000,0.000000000000000,7.000000000000000,0.013441710000000,18.410000000000000,4779.748174669999571,6309.439999999999600,0.000000000000000,0.000000000000000,0,0.000000000000000,0.000000000000000,0,0.000000000000000,{00000000-0000-0000-0000-000000000000},145667.155903141101589,781948389.605459451675415
48,064,Clovers Area,9743.182190310000806,0.000000000000000,0.000000000000000,167.000000000000000,88.870000000000005,1754.615984060000073,6062.664999999999964,1418.670000000000073,157.769625249999990,0.000000000000000,0,15.439250840000000,49.152330159999998,29,0.000000000000000,{00000000-0000-0000-0000-000000000000},237654.845819797716103,1869457208.351552248001099
49,188,Independence Valley,4433.779999999999745,0.000000000000000,0.000000000000000,16.000000000000000,0.000000000000000,0.000000000000000,4347.000000000000000,0.000000000000000,0.000000000000000,0.000000000000000,0,25.780000000000001,0.000000000000000,45,0.000000000000000,{00000000-0000-0000-0000-000000000000},205009.233944795007119,1459589925.069358825683594
50,051,Maggie Creek Area,20861.172111560001213,0.030689000000000,0.000000000000000,13.000000000000000,0.000000000000000,0.000000000000000,1202.141422559999910,19585.000000000000000,0.000000000000000,0.000000000000000,0,0.000000000000000,0.000000000000000,61,0.000000000000000,{00000000-0000-0000-0000-000000000000},182216.367107770493021,1020231624.851750135421753
51,191,Pilot Creek Valley,438.990000000000009,0.000000000000000,6.890000000000000,89.000000000000000,0.000000000000000,0.000000000000000,281.000000000000000,49.100000000000001,0.000000000000000,0.000000000000000,0,0.000000000000000,0.000000000000000,13,0.000000000000000,{00000000-0000-0000-0000-000000000000},148291.757124483992811,852998627.847046017646790
52,187,Goshute Valley,2109.610000000000127,0.000000000000000,0.000000000000000,8.000000000000000,0.000000000000000,0.000000000000000,0.000000000000000,0.000000000000000,1992.869999999999891,0.000000000000000,0,51.740000000000002,0.000000000000000,57,0.000000000000000,{00000000-0000-0000-0000-000000000000},309244.844670713413507,2477411828.764247894287109
53,043,Starr Valley Area,359.257555589999981,0.000000000000000,0.000000000000000,59.000000000000000,0.000000000000000,0.000000000000000,223.257555590000010,0.000000000000000,0.000000000000000,0.000000000000000,0,0.000000000000000,0.000000000000000,77,0.000000000000000,{00000000-0000-0000-0000-000000000000},152840.651181984343566,847031293.382852792739868
54,062,Rock Creek Valley,532.690000000000055,0.000000000000000,0.000000000000000,2.000000000000000,10.300000000000001,0.000000000000000,0.000000000000000,515.000000000000000,0.000000000000000,0.390000000000000,0,0.000000000000000,0.000000000000000,5,0.000000000000000,{00000000-0000-0000-0000-000000000000},183434.672566223191097,1145373681.380706071853638
55,070,Winnemucca Segment,21584.630321799999365,183.685008240000002,5.324205600000000,718.000000000000000,0.000000000000000,2015.691591710000012,16943.905224689999159,0.000000000000000,691.381552879999958,724.245047979999981,0,211.089969389999993,45.038930980000004,1,45.268790330000002,{00000000-0000-0000-0000-000000000000},241039.731492034217808,1103638177.493648529052734
56,061,Boulder Flat,32487.635630320000928,9.356718219999999,0.000000000000000,15.000000000000000,12.340000000000000,1839.522623300000078,15889.688000000000102,14567.909999999999854,0.000000000000000,0.000000000000000,0,10.818288790000000,0.000000000000000,143,0.000000000000000,{00000000-0000-0000-0000-000000000000},235577.847637261467753,1415303058.636177539825439
57,192,Great Salt Lake Desert,4.000000000000000,0.000000000000000,0.000000000000000,3.000000000000000,0.000000000000000,0.000000000000000,0.000000000000000,0.000000000000000,0.000000000000000,0.000000000000000,0,0.000000000000000,0.000000000000000,1,0.000000000000000,{00000000-0000-0000-0000-000000000000},237417.779532100830693,1327796590.992152690887451
58,050,Susie Creek Area,233.465887879999997,0.000000000000000,0.000000000000000,21.000000000000000,0.000000000000000,2.056163000000000,116.690297070000000,0.000000000000000,0.000000000000000,0.012275600000000,0,33.347152219999998,0.000000000000000,60,0.360000000000000,{00000000-0000-0000-0000-000000000000},143246.098216266109375,574667671.282347798347473
59,177,Clover Valley,9416.260000000000218,26.699999999999999,0.000000000000000,53.000000000000000,0.000000000000000,0.000000000000000,9290.000000000000000,0.000000000000000,0.000000000000000,0.000000000000000,0,15.400000000000000,0.000000000000000,31,0.160000000000000,{00000000-0000-0000-0000-000000000000},169600.179320873256074,1170586237.225792407989502
60,065,Pumpernickel Valley,1680.561002390000112,0.000000000000000,0.000000000000000,4.000000000000000,0.000000000000000,0.000000000000000,1449.161002390000021,226.400000000000006,0.000000000000000,0.000000000000000,0,0.000000000000000,0.000000000000000,1,0.000000000000000,{00000000-0000-0000-0000-000000000000},153504.118523200566415,800179703.734053373336792
61,021,Smoke Creek Desert,1048.630000000000109,8.279999999999999,0.000000000000000,11.000000000000000,0.000000000000000,0.000000000000000,496.000000000000000,0.000000000000000,0.000000000000000,0.000000000000000,0,0.000000000000000,0.000000000000000,84,449.350000000000023,{00000000-0000-0000-0000-000000000000},266265.634613084606826,2527933502.144303321838379
62,017,Pilgrim Flat,0.000000000000000,0.000000000000000,0.000000000000000,0.000000000000000,0.000000000000000,0.000000000000000,0.000000000000000,0.000000000000000,0.000000000000000,0.000000000000000,0,0.000000000000000,0.000000000000000,0,0.000000000000000,{00000000-0000-0000-0000-000000000000},27085.331167077056307,25381310.430700305849314
63,045,Lamoille Valley,1101.542441379999900,8.868703000000000,0.000000000000000,355.000000000000000,0.000000000000000,0.000000000000000,617.153738370000042,0.000000000000000,0.000000000000000,0.000000000000000,0,70.519999999999996,0.000000000000000,50,0.000000000000000,{00000000-0000-0000-0000-000000000000},123359.965469685397693,651355654.234575152397156
64,018,Painter Flat,0.000000000000000,0.000000000000000,0.000000000000000,0.000000000000000,0.000000000000000,0.000000000000000,0.000000000000000,0.000000000000000,0.000000000000000,0.000000000000000,0,0.000000000000000,0.000000000000000,0,0.000000000000000,{00000000-0000-0000-0000-000000000000},52860.435660727926006,85924626.501847520470619
65,176,Ruby Valley,13378.590000000000146,4.490000000000000,0.000000000000000,112.000000000000000,0.000000000000000,0.000000000000000,12943.000000000000000,200.939999999999998,0.000000000000000,0.240000000000000,0,23.739999999999998,0.000000000000000,93,1.180000000000000,{00000000-0000-0000-0000-000000000000},307992.006033945421223,2614741603.928364276885986
66,048,Dixie Creek-Tenmile Creek Area,3810.599614320000001,18.565103380000000,3.100000000000000,530.000000000000000,0.000000000000000,0.000000000000000,344.151582580000024,349.000000000000000,2233.685465770000064,11.940000000000000,0,4.704051030000000,255.319411559999992,60,0.134000000000000,{00000000-0000-0000-0000-000000000000},185166.475071072694845,1009126448.824904441833496
67,072,Imlay Area,2244.744914630000039,5.372087890000000,0.000000000000000,85.000000000000000,9.609999999999999,0.000000000000000,1366.762826740000037,773.000000000000000,0.000000000000000,0.000000000000000,0,4.000000000000000,0.000000000000000,1,0.000000000000000,{00000000-0000-0000-0000-000000000000},226530.546557961293729,1974024958.447057247161865
68,023,Granite Basin,0.000000000000000,0.000000000000000,0.000000000000000,0.000000000000000,0.000000000000000,0.000000000000000,0.000000000000000,0.000000000000000,0.000000000000000,0.000000000000000,0,0.000000000000000,0.000000000000000,0,0.000000000000000,{00000000-0000-0000-0000-000000000000},25945.188369656487339,23143156.364950969815254
69,131,Buffalo Valley,7307.520000000000437,0.000000000000000,0.000000000000000,1.000000000000000,1389.349999999999909,0.000000000000000,3083.000000000000000,2801.170000000000073,0.000000000000000,0.000000000000000,0,0.000000000000000,0.000000000000000,33,0.000000000000000,{00000000-0000-0000-0000-000000000000},172310.974418046826031,1294169465.992938995361328
70,052,Marys Creek Area,451.088171209999985,0.000000000000000,0.000000000000000,18.000000000000000,0.000000000000000,0.000000000000000,0.000000000000000,0.000000000000000,430.088171209999985,0.000000000000000,0,0.000000000000000,0.000000000000000,3,0.000000000000000,{00000000-0000-0000-0000-000000000000},66425.386412411316996,166664764.789047926664352
71,059,Lower Reese River Valley,10191.376322899999650,1.030000000000000,0.000000000000000,343.000000000000000,0.000000000000000,6.564635940000000,7969.912168120000388,1081.000000000000000,750.710000000000036,0.000000000000000,0,6.159518840000000,0.000000000000000,33,0.000000000000000,{00000000-0000-0000-0000-000000000000},225866.325150596909225,1539427736.110882520675659
72,060,Whirlwind Valley,1273.061378000000104,0.061378000000000,0.000000000000000,3.000000000000000,0.000000000000000,89.000000000000000,0.000000000000000,0.000000000000000,0.000000000000000,0.000000000000000,1177,0.000000000000000,0.000000000000000,4,0.000000000000000,{00000000-0000-0000-0000-000000000000},76419.569276058435207,253946945.230903446674347
73,022,San Emidio Desert,4841.000000000000000,0.000000000000000,0.000000000000000,7.000000000000000,0.000000000000000,882.000000000000000,3866.000000000000000,0.000000000000000,0.000000000000000,0.000000000000000,0,86.000000000000000,0.000000000000000,0,0.000000000000000,{00000000-0000-0000-0000-000000000000},142840.802694353129482,790128524.505802989006042
74,079,Kumiva Valley,0.000000000000000,0.000000000000000,0.000000000000000,0.000000000000000,0.000000000000000,0.000000000000000,0.000000000000000,0.000000000000000,0.000000000000000,0.000000000000000,0,0.000000000000000,0.000000000000000,0,0.000000000000000,{00000000-0000-0000-0000-000000000000},145859.793963659729343,857610501.207849621772766
75,046,South Fork Area,65.819996840000002,0.000000000000000,0.000000000000000,49.000000000000000,0.000000000000000,0.000000000000000,0.000000000000000,0.000000000000000,0.000000000000000,0.000000000000000,0,2.819996840000000,0.000000000000000,14,0.000000000000000,{00000000-0000-0000-0000-000000000000},86386.499120252512512,262009317.377649873495102
76,053,Pine Valley,3131.242592619999868,0.000000000000000,0.000000000000000,22.000000000000000,0.000000000000000,0.000000000000000,2960.945609819999845,55.000000000000000,0.000000000000000,0.000000000000000,0,30.296982799999999,0.000000000000000,63,0.000000000000000,{00000000-0000-0000-0000-000000000000},273952.485889817762654,2592377145.031846046447754
77,047,Huntington Valley,621.792973640000014,61.306475949999999,0.000000000000000,53.000000000000000,0.000000000000000,0.000000000000000,284.973891540000011,161.000000000000000,0.000000000000000,0.285406140000000,0,0.000000000000000,0.000000000000000,61,0.227200000000000,{00000000-0000-0000-0000-000000000000},234285.980592638778035,2049252654.157611608505249
78,078,Granite Springs Valley,5363.970000000000255,0.000000000000000,0.000000000000000,5.000000000000000,0.000000000000000,0.000000000000000,5341.000000000000000,0.000000000000000,0.000000000000000,0.000000000000000,0,0.000000000000000,0.000000000000000,11,6.970000000000000,{00000000-0000-0000-0000-000000000000},267387.828149459091946,2504304811.325552463531494
79,129,Buena Vista Valley,7522.979999999999563,7.840000000000000,0.000000000000000,40.000000000000000,0.000000000000000,0.000000000000000,6961.000000000000000,498.139999999999986,0.000000000000000,0.000000000000000,0,0.000000000000000,0.000000000000000,16,0.000000000000000,{00000000-0000-0000-0000-000000000000},200525.831703943083994,1909292090.734798431396484
80,054,Crescent Valley,10782.591242979999151,0.000000000000000,0.000000000000000,86.000000000000000,411.122257849999983,0.000000000000000,6904.490050289999999,3131.210000000000036,1.057230290000000,0.000000000000000,0,134.711704550000007,0.000000000000000,114,0.000000000000000,{00000000-0000-0000-0000-000000000000},223431.807970056892373,1943299766.396453380584717
81,178A,Butte Valley,17.000000000000000,0.000000000000000,0.000000000000000,2.000000000000000,0.000000000000000,0.000000000000000,0.000000000000000,0.000000000000000,0.000000000000000,0.000000000000000,0,0.000000000000000,0.000000000000000,15,0.000000000000000,{00000000-0000-0000-0000-000000000000},130784.107946079224348,703577782.048225522041321
82,186B,Antelope Valley,19.000000000000000,0.000000000000000,0.000000000000000,1.000000000000000,0.000000000000000,0.000000000000000,0.000000000000000,0.000000000000000,0.000000000000000,0.000000000000000,0,0.000000000000000,0.000000000000000,18,0.000000000000000,{00000000-0000-0000-0000-000000000000},122501.327267890213989,707836282.857497334480286
83,098,Skedaddle Creek Valley,0.000000000000000,0.000000000000000,0.000000000000000,0.000000000000000,0.000000000000000,0.000000000000000,0.000000000000000,0.000000000000000,0.000000000000000,0.000000000000000,0,0.000000000000000,0.000000000000000,0,0.000000000000000,{00000000-0000-0000-0000-000000000000},53192.329265814987593,110181225.930552959442139
84,130,Pleasant Valley,1117.000000000000000,0.000000000000000,0.000000000000000,3.000000000000000,0.000000000000000,0.000000000000000,1104.000000000000000,0.000000000000000,0.000000000000000,0.000000000000000,0,0.000000000000000,0.000000000000000,10,0.000000000000000,{00000000-0000-0000-0000-000000000000},135947.556313912326004,729496118.013951539993286
85,073,Lovelock Valley,342.035989620000009,56.232989619999998,0.000000000000000,59.000000000000000,0.000000000000000,0.000000000000000,156.961999999999989,57.549999999999997,0.545000000000000,0.000000000000000,0,0.000000000000000,1.746000000000000,10,0.000000000000000,{00000000-0000-0000-0000-000000000000},198613.498112870147452,1631579812.937299251556396
86,073A,Lovelock Valley,1240.274596709999969,7.723790020000000,0.000000000000000,75.000000000000000,0.000000000000000,0.000000000000000,0.000000000000000,0.000000000000000,1057.686500000000024,0.000000000000000,0,96.979556410000001,2.884750280000000,0,0.000000000000000,{00000000-0000-0000-0000-000000000000},76711.374721273299656,260928322.312649190425873
87,080,Winnemucca Lake Valley,5.690000000000000,0.000000000000000,0.000000000000000,4.000000000000000,0.000000000000000,0.000000000000000,0.000000000000000,1.690000000000000,0.000000000000000,0.000000000000000,0,0.000000000000000,0.000000000000000,0,0.000000000000000,{00000000-0000-0000-0000-000000000000},160264.597654844634235,958807673.134646773338318
88,019,Dry Valley,0.000000000000000,0.000000000000000,0.000000000000000,0.000000000000000,0.000000000000000,0.000000000000000,0.000000000000000,0.000000000000000,0.000000000000000,0.000000000000000,0,0.000000000000000,0.000000000000000,0,0.000000000000000,{00000000-0000-0000-0000-000000000000},44918.544646719063167,107279187.357950419187546
89,081,Pyramid Lake Valley,74.409999999999997,15.330000000000000,0.000000000000000,48.000000000000000,0.000000000000000,0.000000000000000,0.000000000000000,0.000000000000000,0.000000000000000,0.000000000000000,0,9.080000000000000,0.000000000000000,2,0.000000000000000,{00000000-0000-0000-0000-000000000000},254129.787188498186879,1753439741.402900695800781
90,179,Steptoe Valley,47546.991999999998370,32.509999999999998,0.000000000000000,458.000000000000000,0.000000000000000,38.399999999999999,29306.000000000000000,11213.819999999999709,5179.872000000000298,0.000000000000000,0,1258.059999999999945,28.870000000000001,29,2.460000000000000,{00000000-0000-0000-0000-000000000000},510835.661350101581775,5040897566.414048194885254
91,020,Sano Valley,0.000000000000000,0.000000000000000,0.000000000000000,0.000000000000000,0.000000000000000,0.000000000000000,0.000000000000000,0.000000000000000,0.000000000000000,0.000000000000000,0,0.000000000000000,0.000000000000000,0,0.000000000000000,{00000000-0000-0000-0000-000000000000},32071.247865239736711,27030691.901700243353844
92,097,Honey Lake Valley,931.710000000000036,0.000000000000000,0.000000000000000,34.000000000000000,0.000000000000000,0.000000000000000,862.000000000000000,0.000000000000000,3.710000000000000,0.000000000000000,0,21.000000000000000,0.000000000000000,11,0.000000000000000,{00000000-0000-0000-0000-000000000000},110400.233186467899941,500139197.800691306591034
93,132,Jersey Valley,10.000000000000000,0.000000000000000,0.000000000000000,0.000000000000000,0.000000000000000,0.000000000000000,0.000000000000000,0.000000000000000,0.000000000000000,0.000000000000000,0,0.000000000000000,0.000000000000000,10,0.000000000000000,{00000000-0000-0000-0000-000000000000},85358.873761947295861,349484721.990601658821106
94,055,Carico Lake Valley,1325.737048960000038,0.000000000000000,0.000000000000000,4.000000000000000,0.000000000000000,0.000000000000000,1024.737048960000038,273.000000000000000,0.000000000000000,0.000000000000000,0,0.000000000000000,0.000000000000000,24,0.000000000000000,{00000000-0000-0000-0000-000000000000},173525.118781088676769,977322332.814949274063110
95,186A,Antelope Valley,7.520000000000000,0.000000000000000,0.000000000000000,0.000000000000000,0.000000000000000,0.000000000000000,0.000000000000000,2.520000000000000,0.000000000000000,0.000000000000000,0,0.000000000000000,0.000000000000000,5,0.000000000000000,{00000000-0000-0000-0000-000000000000},85015.035333391002496,326885274.559648871421814
96,101A,Carson Desert,15.609999999999999,0.000000000000000,0.000000000000000,5.000000000000000,0.000000000000000,0.000000000000000,0.000000000000000,9.609999999999999,0.000000000000000,0.000000000000000,0,0.000000000000000,0.000000000000000,1,0.000000000000000,{00000000-0000-0000-0000-000000000000},116077.591480283168494,437595838.240702033042908
97,058,Middle Reese River Valley,22193.000000000000000,0.000000000000000,0.000000000000000,13.000000000000000,0.000000000000000,0.000000000000000,22164.000000000000000,0.000000000000000,0.000000000000000,0.000000000000000,0,0.000000000000000,0.000000000000000,16,0.000000000000000,{00000000-0000-0000-0000-000000000000},158694.146886974602239,827445678.413676738739014
98,178B,Butte Valley,25.000000000000000,0.000000000000000,0.000000000000000,0.000000000000000,0.000000000000000,0.000000000000000,0.000000000000000,0.000000000000000,0.000000000000000,0.000000000000000,0,0.000000000000000,0.000000000000000,25,0.000000000000000,{00000000-0000-0000-0000-000000000000},254411.983472561580129,1922693403.036051750183105
99,193,Deep Creek Valley,1.000000000000000,0.000000000000000,0.000000000000000,1.000000000000000,0.000000000000000,0.000000000000000,0.000000000000000,0.000000000000000,0.000000000000000,0.000000000000000,0,0.000000000000000,0.000000000000000,0,0.000000000000000,{00000000-0000-0000-0000-000000000000},134542.904567993042292,548270841.219449162483215
100,153,Diamond Valley,74069.346999999994296,3.790000000000000,0.000000000000000,116.000000000000000,0.000000000000000,0.000000000000000,73497.000000000000000,281.569999999999993,111.736999999999995,0.000000000000000,0,39.250000000000000,0.000000000000000,20,0.000000000000000,{00000000-0000-0000-0000-000000000000},234327.061971614923095,1932406037.529350757598877
101,175,Long Valley,518.740000000000009,0.000000000000000,0.000000000000000,0.000000000000000,0.000000000000000,0.000000000000000,0.000000000000000,491.740000000000009,0.000000000000000,0.000000000000000,0,0.000000000000000,0.000000000000000,27,0.000000000000000,{00000000-0000-0000-0000-000000000000},255041.812489485222613,1677170323.412222862243652
102,128,Dixie Valley,9855.399999999999636,0.000000000000000,0.000000000000000,20.000000000000000,0.000000000000000,3827.800000000000182,5493.000000000000000,0.000000000000000,0.000000000000000,0.000000000000000,0,218.000000000000000,0.000000000000000,35,261.600000000000023,{00000000-0000-0000-0000-000000000000},338688.988898054289166,3384580792.947341918945312
103,057,Antelope Valley,17647.789501870000095,0.000000000000000,0.000000000000000,8.000000000000000,0.000000000000000,0.000000000000000,17612.819501869998930,0.000000000000000,0.000000000000000,0.000000000000000,0,4.970000000000000,0.000000000000000,22,0.000000000000000,{00000000-0000-0000-0000-000000000000},198359.570045158179710,1170986483.921269178390503
104,138,Grass Valley,3195.581999999999880,0.000000000000000,0.000000000000000,2.000000000000000,0.000000000000000,0.000000000000000,3168.000000000000000,1.582000000000000,0.000000000000000,0.000000000000000,0,0.000000000000000,0.000000000000000,24,0.000000000000000,{00000000-0000-0000-0000-000000000000},199973.970142117992509,1537186792.692955732345581
105,095,Dry Valley,10.000000000000000,0.000000000000000,0.000000000000000,10.000000000000000,0.000000000000000,0.000000000000000,0.000000000000000,0.000000000000000,0.000000000000000,0.000000000000000,0,0.000000000000000,0.000000000000000,0,0.000000000000000,{00000000-0000-0000-0000-000000000000},78825.745011359074851,212371250.955504387617111
106,185,Tippett Valley,307.000000000000000,0.000000000000000,0.000000000000000,0.000000000000000,0.000000000000000,0.000000000000000,306.000000000000000,0.000000000000000,0.000000000000000,0.000000000000000,0,0.000000000000000,0.000000000000000,1,0.000000000000000,{00000000-0000-0000-0000-000000000000},141126.723538761958480,896691975.936396360397339
107,096,Newcomb Lake Valley,0.000000000000000,0.000000000000000,0.000000000000000,0.000000000000000,0.000000000000000,0.000000000000000,0.000000000000000,0.000000000000000,0.000000000000000,0.000000000000000,0,0.000000000000000,0.000000000000000,0,0.000000000000000,{00000000-0000-0000-0000-000000000000},21923.176766700704320,19185489.517051383852959
108,074,White Plains,16.480000000000000,4.480000000000000,0.000000000000000,4.000000000000000,0.000000000000000,0.000000000000000,0.000000000000000,0.000000000000000,0.000000000000000,0.000000000000000,0,8.000000000000000,0.000000000000000,0,0.000000000000000,{00000000-0000-0000-0000-000000000000},104942.504010716802441,429271730.179798305034637
109,184,Spring Valley,9928.719999999999345,0.000000000000000,0.000000000000000,21.000000000000000,0.000000000000000,0.000000000000000,9710.000000000000000,20.390000000000001,0.000000000000000,0.000000000000000,0,78.640000000000001,0.000000000000000,41,57.689999999999998,{00000000-0000-0000-0000-000000000000},490004.697375885094516,4318108810.353544235229492
110,101,Carson Desert,14086.457280200000241,713.960000000000036,1.252111200000000,4116.000000000000000,151.160168999999996,1033.519999999999982,3703.000000000000000,0.850000000000000,2177.918999999999869,0.000000000000000,0,1774.660000000000082,130.719999999999999,219,64.415999999999997,{00000000-0000-0000-0000-000000000000},376507.964747793565039,5214858762.894900321960449
111,077,Fireball Valley,0.000000000000000,0.000000000000000,0.000000000000000,0.000000000000000,0.000000000000000,0.000000000000000,0.000000000000000,0.000000000000000,0.000000000000000,0.000000000000000,0,0.000000000000000,0.000000000000000,0,0.000000000000000,{00000000-0000-0000-0000-000000000000},56460.940910111152334,149426322.973151504993439
112,075,Bradys Hot Springs Area,33.990000000000002,0.000000000000000,0.000000000000000,3.000000000000000,0.000000000000000,21.190000000000001,0.000000000000000,7.800000000000000,0.000000000000000,0.000000000000000,0,0.000000000000000,0.000000000000000,2,0.000000000000000,{00000000-0000-0000-0000-000000000000},108645.081026815358200,461855575.233549356460571
113,154,Newark Valley,8711.059999999999491,0.000000000000000,0.000000000000000,14.000000000000000,0.000000000000000,14.449999999999999,8664.000000000000000,2.580000000000000,0.000000000000000,0.000000000000000,0,8.029999999999999,0.000000000000000,6,2.000000000000000,{00000000-0000-0000-0000-000000000000},259377.128539858997101,2086733139.957028865814209
114,056,Upper Reese River Valley,9432.646155509999517,0.000000000000000,0.000000000000000,64.000000000000000,0.000000000000000,0.000000000000000,9219.815146990000358,0.000000000000000,14.765931889999999,0.000000000000000,0,101.065076629999993,0.000000000000000,33,0.000000000000000,{00000000-0000-0000-0000-000000000000},375954.477146777848247,2960756522.304401397705078
115,099,Red Rock Valley,721.490000000000009,5.020000000000000,0.000000000000000,386.000000000000000,0.000000000000000,0.000000000000000,182.000000000000000,0.000000000000000,137.469999999999999,10.000000000000000,0,0.000000000000000,0.000000000000000,1,0.000000000000000,{00000000-0000-0000-0000-000000000000},52471.262539055067464,109096721.649046555161476
116,094,Bedell Flat,90.000000000000000,8.520000000000000,0.000000000000000,75.000000000000000,0.000000000000000,0.000000000000000,0.000000000000000,0.000000000000000,0.000000000000000,0.000000000000000,0,0.000000000000000,0.000000000000000,6,0.480000000000000,{00000000-0000-0000-0000-000000000000},56102.289823909799452,130923390.279499396681786
117,139,Kobeh Valley,1912.220000000000027,0.000000000000000,0.000000000000000,7.000000000000000,0.000000000000000,0.000000000000000,1858.220000000000027,0.000000000000000,0.000000000000000,0.000000000000000,0,0.000000000000000,0.000000000000000,47,0.000000000000000,{00000000-0000-0000-0000-000000000000},247400.829909367195796,2233714880.488095283508301
118,093,Antelope Valley,254.560000000000002,0.000000000000000,0.000000000000000,201.000000000000000,0.000000000000000,0.000000000000000,0.000000000000000,0.000000000000000,0.000000000000000,0.000000000000000,0,52.560000000000002,0.000000000000000,1,0.000000000000000,{00000000-0000-0000-0000-000000000000},30116.733930502035946,42322299.439250215888023
119,194,Pleasant Valley,119.000000000000000,0.000000000000000,0.000000000000000,0.000000000000000,0.000000000000000,0.000000000000000,119.000000000000000,0.000000000000000,0.000000000000000,0.000000000000000,0,0.000000000000000,0.000000000000000,0,0.000000000000000,{00000000-0000-0000-0000-000000000000},71488.262999886370380,193119420.165350288152695
120,082,Dodge Flat,567.860000000000014,453.199999999999989,0.000000000000000,23.000000000000000,0.000000000000000,0.000000000000000,0.000000000000000,0.000000000000000,0.000000000000000,0.000000000000000,0,86.659999999999997,0.000000000000000,5,0.000000000000000,{00000000-0000-0000-0000-000000000000},71958.340125348884612,234551887.628562599420547
121,133,Edwards Creek Valley,2499.000000000000000,11.000000000000000,0.000000000000000,6.000000000000000,0.000000000000000,0.000000000000000,2438.000000000000000,0.000000000000000,0.000000000000000,0.000000000000000,0,0.000000000000000,0.000000000000000,44,0.000000000000000,{00000000-0000-0000-0000-000000000000},160165.106925545784179,1083002116.587795972824097
122,195,Snake Valley,9310.899999999999636,9.320000000000000,0.000000000000000,40.000000000000000,0.000000000000000,0.000000000000000,9201.000000000000000,0.000000000000000,0.000000000000000,0.000000000000000,0,55.579999999999998,0.000000000000000,5,0.000000000000000,{00000000-0000-0000-0000-000000000000},272403.817893675644882,2031002677.626051425933838
123,076,Fernley Area,5971.475376460000007,25.410000000000000,0.000000000000000,510.000000000000000,0.140000000000000,1209.700000000000045,365.000000000000000,12.705246000000001,3845.520130460000019,0.000000000000000,0,0.000000000000000,0.000000000000000,3,0.000000000000000,{00000000-0000-0000-0000-000000000000},98983.614846257769386,320899868.455598890781403
124,134,Smith Creek,1143.000000000000000,0.000000000000000,0.000000000000000,3.000000000000000,0.000000000000000,0.000000000000000,1133.000000000000000,0.000000000000000,0.000000000000000,0.000000000000000,0,0.000000000000000,0.000000000000000,7,0.000000000000000,{00000000-0000-0000-0000-000000000000},210454.614430648245616,1509474641.583949804306030
125,174,Jakes Valley,4.000000000000000,0.000000000000000,0.000000000000000,1.000000000000000,0.000000000000000,0.000000000000000,0.000000000000000,0.000000000000000,0.000000000000000,0.000000000000000,0,0.000000000000000,0.000000000000000,3,0.000000000000000,{00000000-0000-0000-0000-000000000000},161716.609509873756906,1094686468.215103864669800
126,126,Cowkick Valley,6.000000000000000,0.000000000000000,0.000000000000000,1.000000000000000,0.000000000000000,0.000000000000000,0.000000000000000,0.000000000000000,0.000000000000000,0.000000000000000,0,0.000000000000000,0.000000000000000,5,0.000000000000000,{00000000-0000-0000-0000-000000000000},119573.800158978207037,280339379.919651508331299
127,127,Eastgate Valley Area,10.000000000000000,0.000000000000000,0.000000000000000,1.000000000000000,0.000000000000000,0.000000000000000,0.000000000000000,0.000000000000000,0.000000000000000,0.000000000000000,0,0.000000000000000,0.000000000000000,9,0.000000000000000,{00000000-0000-0000-0000-000000000000},115198.147018623800250,554174091.605548381805420
128,152,Stevens Basin,27.000000000000000,0.000000000000000,0.000000000000000,0.000000000000000,0.000000000000000,0.000000000000000,0.000000000000000,0.000000000000000,0.000000000000000,0.000000000000000,0,0.000000000000000,0.000000000000000,27,0.000000000000000,{00000000-0000-0000-0000-000000000000},31497.930805714917369,43290913.488953106105328
129,151,Antelope Valley,798.000000000000000,0.000000000000000,0.000000000000000,1.000000000000000,0.000000000000000,0.000000000000000,620.000000000000000,0.000000000000000,0.000000000000000,0.000000000000000,0,0.000000000000000,0.000000000000000,177,0.000000000000000,{00000000-0000-0000-0000-000000000000},172872.351455889060162,1161933925.691351652145386
130,124,Fairview Valley,13.390000000000001,0.000000000000000,0.000000000000000,1.000000000000000,0.000000000000000,0.000000000000000,0.000000000000000,0.000000000000000,0.000000000000000,0.000000000000000,0,4.390000000000000,0.000000000000000,8,0.000000000000000,{00000000-0000-0000-0000-000000000000},146458.931771462026518,743860883.439805150032043
131,155A,Little Smoky Valley,3432.000000000000000,0.000000000000000,0.000000000000000,4.000000000000000,0.000000000000000,0.000000000000000,3422.000000000000000,0.000000000000000,0.000000000000000,0.000000000000000,0,0.000000000000000,0.000000000000000,6,0.000000000000000,{00000000-0000-0000-0000-000000000000},206700.962528283911524,1503314349.622346878051758
132,140A,Monitor Valley,81.000000000000000,0.000000000000000,0.000000000000000,4.000000000000000,0.000000000000000,0.000000000000000,71.000000000000000,0.000000000000000,0.000000000000000,0.000000000000000,0,0.000000000000000,0.000000000000000,6,0.000000000000000,{00000000-0000-0000-0000-000000000000},195492.690336223517079,1362650343.504904985427856
133,125,Stingaree Valley,8.000000000000000,0.000000000000000,0.000000000000000,1.000000000000000,0.000000000000000,0.000000000000000,0.000000000000000,0.000000000000000,0.000000000000000,0.000000000000000,0,0.000000000000000,0.000000000000000,7,0.000000000000000,{00000000-0000-0000-0000-000000000000},49375.439566263914458,122067203.741352275013924
134,207,White River Valley,22154.509999999998399,9.359999999999999,0.000000000000000,207.000000000000000,0.000000000000000,0.000000000000000,21593.000000000000000,0.000000000000000,0.000000000000000,0.000000000000000,0,67.079999999999998,16.070000000000000,262,0.000000000000000,{00000000-0000-0000-0000-000000000000},383279.051954756083433,4140189384.201395034790039
135,173B,Railroad Valley,15486.139999999999418,1.050000000000000,0.000000000000000,32.000000000000000,0.000000000000000,71.879999999999995,13365.000000000000000,0.000000000000000,0.000000000000000,0.000000000000000,0,0.240000000000000,1993.970000000000027,22,0.000000000000000,{00000000-0000-0000-0000-000000000000},448612.753367120982148,5543004143.218110084533691
136,123,Rawhide Flats,28.000000000000000,0.000000000000000,0.000000000000000,1.000000000000000,0.000000000000000,0.000000000000000,0.000000000000000,0.000000000000000,0.000000000000000,0.000000000000000,0,0.000000000000000,0.000000000000000,27,0.000000000000000,{00000000-0000-0000-0000-000000000000},134676.295508618757594,588209910.042598962783813
137,110A,Walker Lake Valley,61.259999999999998,4.450000000000000,0.000000000000000,53.000000000000000,0.000000000000000,0.000000000000000,0.000000000000000,0.000000000000000,0.000000000000000,0.000000000000000,0,2.810000000000000,0.000000000000000,1,0.000000000000000,{00000000-0000-0000-0000-000000000000},213468.361788772337604,1358570997.045300245285034
138,122,Gabbs Valley,11522.815233999999691,0.000000000000000,0.000000000000000,9.000000000000000,0.000000000000000,0.000000000000000,4529.000000000000000,6837.545234000000164,73.500000000000000,0.000000000000000,0,1.770000000000000,0.000000000000000,72,0.000000000000000,{00000000-0000-0000-0000-000000000000},285460.827013564761728,3312564076.922354698181152
139,150,Little Fish Lake Valley,431.000000000000000,0.000000000000000,0.000000000000000,0.000000000000000,0.000000000000000,0.000000000000000,381.000000000000000,0.000000000000000,0.000000000000000,0.000000000000000,0,0.000000000000000,0.000000000000000,50,0.000000000000000,{00000000-0000-0000-0000-000000000000},175806.572250385215739,1118941364.395706176757812
140,155C,Little Smoky Valley,3.000000000000000,0.000000000000000,0.000000000000000,0.000000000000000,0.000000000000000,0.000000000000000,0.000000000000000,0.000000000000000,0.000000000000000,0.000000000000000,0,0.000000000000000,0.000000000000000,3,0.000000000000000,{00000000-0000-0000-0000-000000000000},215060.090078872366576,1315657291.917798280715942
141,135,Ione Valley,15.840000000000000,0.000000000000000,0.000000000000000,4.000000000000000,0.000000000000000,0.000000000000000,0.000000000000000,0.000000000000000,0.000000000000000,0.000000000000000,0,0.000000000000000,2.840000000000000,9,0.000000000000000,{00000000-0000-0000-0000-000000000000},172032.948563119367464,1177805033.823503255844116
142,140B,Monitor Valley,22.000000000000000,0.000000000000000,0.000000000000000,12.000000000000000,0.000000000000000,0.000000000000000,0.000000000000000,4.000000000000000,0.000000000000000,0.000000000000000,0,0.000000000000000,0.000000000000000,6,0.000000000000000,{00000000-0000-0000-0000-000000000000},166637.092547539592488,1320180122.284598112106323
143,156,Hot Creek,2289.139999999999873,0.000000000000000,0.000000000000000,6.000000000000000,0.000000000000000,21.699999999999999,2252.000000000000000,0.000000000000000,0.000000000000000,0.000000000000000,0,6.440000000000000,0.000000000000000,3,0.000000000000000,{00000000-0000-0000-0000-000000000000},341230.225275734381285,2664959113.001148700714111
144,155B,Little Smoky Valley,1.000000000000000,0.000000000000000,0.000000000000000,0.000000000000000,0.000000000000000,0.000000000000000,0.000000000000000,0.000000000000000,0.000000000000000,0.000000000000000,0,0.000000000000000,0.000000000000000,1,0.000000000000000,{00000000-0000-0000-0000-000000000000},65261.730172933894210,155921448.173800855875015
145,196,Hamlin Valley,48.960000000000001,0.000000000000000,0.000000000000000,1.000000000000000,0.000000000000000,0.000000000000000,0.000000000000000,0.000000000000000,0.000000000000000,8.960000000000001,0,0.000000000000000,0.000000000000000,39,0.000000000000000,{00000000-0000-0000-0000-000000000000},221853.133730775793083,1062527881.258960247039795
146,180,Cave Valley,14.000000000000000,0.000000000000000,0.000000000000000,5.000000000000000,0.000000000000000,0.000000000000000,0.000000000000000,0.000000000000000,0.000000000000000,0.000000000000000,0,0.000000000000000,0.000000000000000,9,0.000000000000000,{00000000-0000-0000-0000-000000000000},167179.933002989768283,931358367.454048633575439
147,183,Lake Valley,15442.450000000000728,0.000000000000000,0.000000000000000,22.000000000000000,0.000000000000000,0.000000000000000,15374.000000000000000,0.000000000000000,0.000000000000000,0.000000000000000,0,13.449999999999999,0.000000000000000,33,0.000000000000000,{00000000-0000-0000-0000-000000000000},196236.970480702380883,1456223590.277306795120239
148,110B,Walker Lake Valley,1905.960000000000036,23.940000000000001,0.000000000000000,6.000000000000000,0.000000000000000,0.000000000000000,0.000000000000000,0.000000000000000,0.000000000000000,0.000000000000000,0,1876.019999999999982,0.000000000000000,0,0.000000000000000,{00000000-0000-0000-0000-000000000000},135913.345278741529910,771607088.974951982498169
149,137A,Big Smoky Valley,6409.850000000000364,0.000000000000000,0.000000000000000,51.000000000000000,0.000000000000000,607.879999999999995,5581.000000000000000,107.719999999999999,0.000000000000000,0.000000000000000,0,12.250000000000000,0.000000000000000,50,0.000000000000000,{00000000-0000-0000-0000-000000000000},361639.663924885680899,4141813817.256352901458740
150,110C,Walker Lake Valley,2434.413284000000203,0.000000000000000,0.000000000000000,19.000000000000000,0.070000000000000,72.303284000000005,1570.000000000000000,0.000000000000000,770.799999999999955,0.000000000000000,0,2.240000000000000,0.000000000000000,0,0.000000000000000,{00000000-0000-0000-0000-000000000000},226529.388132381835021,1394143386.190702676773071
151,149,Stone Cabin Valley,10224.170000000000073,0.000000000000000,0.000000000000000,3.000000000000000,0.000000000000000,0.000000000000000,9191.000000000000000,0.000000000000000,0.000000000000000,0.000000000000000,0,630.169999999999959,0.000000000000000,400,0.000000000000000,{00000000-0000-0000-0000-000000000000},300042.010106228874065,2535453470.013509750366211
152,141,Ralston Valley,675.690000000000055,0.000000000000000,0.000000000000000,22.000000000000000,0.000000000000000,7.860000000000000,0.000000000000000,0.000000000000000,391.250000000000000,0.000000000000000,0,233.580000000000013,0.000000000000000,21,0.000000000000000,{00000000-0000-0000-0000-000000000000},313793.851967186958063,2537152299.919291019439697
153,121A,Soda Spring Valley,323.414823000000013,5.810000000000000,0.000000000000000,4.000000000000000,6.440000000000000,0.000000000000000,0.000000000000000,0.000000000000000,304.949999999999989,0.000000000000000,0,0.214823000000000,0.000000000000000,2,0.000000000000000,{00000000-0000-0000-0000-000000000000},131027.028264843145735,650872071.483548879623413
154,121B,Soda Spring Valley,0.000000000000000,0.000000000000000,0.000000000000000,0.000000000000000,0.000000000000000,0.000000000000000,0.000000000000000,0.000000000000000,0.000000000000000,0.000000000000000,0,0.000000000000000,0.000000000000000,0,0.000000000000000,{00000000-0000-0000-0000-000000000000},74478.409754001622787,333091417.399847924709320
155,136,Monte Cristo Valley,7.490000000000000,0.000000000000000,0.000000000000000,0.000000000000000,0.000000000000000,0.000000000000000,0.000000000000000,0.000000000000000,0.000000000000000,0.000000000000000,0,0.000000000000000,0.000000000000000,3,4.490000000000000,{00000000-0000-0000-0000-000000000000},124273.593475016197772,716020848.615852355957031
156,181,Dry Lake Valley,6.000000000000000,0.000000000000000,0.000000000000000,2.000000000000000,0.000000000000000,0.000000000000000,0.000000000000000,0.000000000000000,0.000000000000000,0.000000000000000,0,0.000000000000000,0.000000000000000,4,0.000000000000000,{00000000-0000-0000-0000-000000000000},271000.566288974252529,2278781523.868898868560791
157,120,Garfield Flat,0.000000000000000,0.000000000000000,0.000000000000000,0.000000000000000,0.000000000000000,0.000000000000000,0.000000000000000,0.000000000000000,0.000000000000000,0.000000000000000,0,0.000000000000000,0.000000000000000,0,0.000000000000000,{00000000-0000-0000-0000-000000000000},76071.811513530978118,242791801.886252760887146
158,201,Spring Valley,780.870000000000005,0.000000000000000,0.000000000000000,7.000000000000000,0.000000000000000,0.000000000000000,764.000000000000000,0.000000000000000,0.000000000000000,0.000000000000000,0,9.000000000000000,0.870000000000000,0,0.000000000000000,{00000000-0000-0000-0000-000000000000},125279.167591419885866,749707527.014693856239319
159,119,Rhodes Salt Marsh Valley,300.000000000000000,0.000000000000000,0.000000000000000,0.000000000000000,0.000000000000000,0.000000000000000,0.000000000000000,0.000000000000000,0.000000000000000,0.000000000000000,0,0.000000000000000,0.000000000000000,0,300.000000000000000,{00000000-0000-0000-0000-000000000000},99508.524830837312038,482357383.980396389961243
160,172,Garden Valley,413.540000000000020,0.000000000000000,0.000000000000000,7.000000000000000,0.000000000000000,4.540000000000000,397.000000000000000,0.000000000000000,0.000000000000000,0.000000000000000,0,0.000000000000000,0.000000000000000,5,0.000000000000000,{00000000-0000-0000-0000-000000000000},193688.815347006195225,1295503100.327147722244263
161,111A,Alkali Valley,0.000000000000000,0.000000000000000,0.000000000000000,0.000000000000000,0.000000000000000,0.000000000000000,0.000000000000000,0.000000000000000,0.000000000000000,0.000000000000000,0,0.000000000000000,0.000000000000000,0,0.000000000000000,{00000000-0000-0000-0000-000000000000},31090.546981946936285,47206201.494599603116512
162,118,Columbus Salt Marsh Valley,1577.140000000000100,0.000000000000000,0.000000000000000,3.000000000000000,0.000000000000000,0.000000000000000,0.000000000000000,1541.279999999999973,0.000000000000000,0.000000000000000,0,31.859999999999999,0.000000000000000,1,0.000000000000000,{00000000-0000-0000-0000-000000000000},179188.445158518065000,986066570.409801363945007
163,208,Pahroc Valley,10.000000000000000,0.000000000000000,0.000000000000000,1.000000000000000,0.000000000000000,0.000000000000000,0.000000000000000,0.000000000000000,0.000000000000000,0.000000000000000,0,0.000000000000000,0.000000000000000,9,0.000000000000000,{00000000-0000-0000-0000-000000000000},219265.981470450293273,1331402207.880621433258057
164,202,Patterson Valley,4162.359999999999673,0.000000000000000,0.000000000000000,30.000000000000000,0.000000000000000,0.000000000000000,3863.000000000000000,0.000000000000000,259.899999999999977,0.000000000000000,0,4.480000000000000,0.000000000000000,4,0.980000000000000,{00000000-0000-0000-0000-000000000000},163187.138625219726237,1068306991.758750081062317
165,111B,Alkali Valley,0.000000000000000,0.000000000000000,0.000000000000000,0.000000000000000,0.000000000000000,0.000000000000000,0.000000000000000,0.000000000000000,0.000000000000000,0.000000000000000,0,0.000000000000000,0.000000000000000,0,0.000000000000000,{00000000-0000-0000-0000-000000000000},70141.708361750323093,165580780.349802523851395
166,114,Teels Marsh Valley,13.180000000000000,1.180000000000000,0.000000000000000,1.000000000000000,0.000000000000000,0.000000000000000,0.000000000000000,0.000000000000000,0.000000000000000,0.000000000000000,0,10.000000000000000,0.000000000000000,1,0.000000000000000,{00000000-0000-0000-0000-000000000000},132506.589144021068932,829656445.044144630432129
167,113,Huntoon Valley,10.000000000000000,0.000000000000000,0.000000000000000,0.000000000000000,0.000000000000000,0.000000000000000,0.000000000000000,0.000000000000000,0.000000000000000,0.000000000000000,0,0.000000000000000,0.000000000000000,10,0.000000000000000,{00000000-0000-0000-0000-000000000000},79112.143540976452641,260452154.235448688268661
168,171,Coal Valley,2.000000000000000,0.000000000000000,0.000000000000000,1.000000000000000,0.000000000000000,0.000000000000000,0.000000000000000,0.000000000000000,0.000000000000000,0.000000000000000,0,0.000000000000000,0.000000000000000,1,0.000000000000000,{00000000-0000-0000-0000-000000000000},180751.723085130332038,1169839757.107198953628540
169,112,Mono Valley,0.000000000000000,0.000000000000000,0.000000000000000,0.000000000000000,0.000000000000000,0.000000000000000,0.000000000000000,0.000000000000000,0.000000000000000,0.000000000000000,0,0.000000000000000,0.000000000000000,0,0.000000000000000,{00000000-0000-0000-0000-000000000000},44082.828013977268711,75479940.979951098561287
170,173A,Railroad Valley,4004.000000000000000,0.000000000000000,0.000000000000000,1.000000000000000,0.000000000000000,0.000000000000000,3972.000000000000000,0.000000000000000,0.000000000000000,0.000000000000000,0,0.000000000000000,0.000000000000000,31,0.000000000000000,{00000000-0000-0000-0000-000000000000},190560.934272229438648,1559830586.511299610137939
171,200,Eagle Valley,273.519999999999982,0.000000000000000,0.000000000000000,36.000000000000000,0.000000000000000,0.000000000000000,234.000000000000000,0.000000000000000,0.000000000000000,0.000000000000000,0,3.520000000000000,0.000000000000000,0,0.000000000000000,{00000000-0000-0000-0000-000000000000},53785.340816600932158,132749233.612297296524048
172,170,Penoyer Valley,10926.000000000000000,9.000000000000000,0.000000000000000,41.000000000000000,0.000000000000000,0.000000000000000,10813.000000000000000,0.000000000000000,0.000000000000000,0.000000000000000,0,2.000000000000000,0.000000000000000,61,0.000000000000000,{00000000-0000-0000-0000-000000000000},218323.364267418568488,1798354067.124500274658203
173,115,Adobe Valley,0.000000000000000,0.000000000000000,0.000000000000000,0.000000000000000,0.000000000000000,0.000000000000000,0.000000000000000,0.000000000000000,0.000000000000000,0.000000000000000,0,0.000000000000000,0.000000000000000,0,0.000000000000000,{00000000-0000-0000-0000-000000000000},33335.388843717388227,37598965.209852859377861
174,142,Alkali Spring Valley,79.049999999999997,0.000000000000000,0.000000000000000,0.000000000000000,0.000000000000000,0.000000000000000,0.000000000000000,0.000000000000000,40.969999999999999,0.000000000000000,0,33.079999999999998,0.000000000000000,5,0.000000000000000,{00000000-0000-0000-0000-000000000000},127693.581054039081209,793377611.865593671798706
175,199,Rose Valley,670.000000000000000,0.000000000000000,0.000000000000000,7.000000000000000,0.000000000000000,0.000000000000000,663.000000000000000,0.000000000000000,0.000000000000000,0.000000000000000,0,0.000000000000000,0.000000000000000,0,0.000000000000000,{00000000-0000-0000-0000-000000000000},29135.797272019222873,28973817.843452453613281
176,198,Dry Valley,5289.000000000000000,0.000000000000000,0.000000000000000,32.000000000000000,0.000000000000000,0.000000000000000,5243.000000000000000,0.000000000000000,0.000000000000000,0.000000000000000,0,0.000000000000000,7.000000000000000,7,0.000000000000000,{00000000-0000-0000-0000-000000000000},94321.600282106286613,309726943.094001352787018
177,143,Clayton Valley,8801.680000000000291,0.000000000000000,0.000000000000000,1.000000000000000,0.000000000000000,0.000000000000000,0.000000000000000,8386.879999999999200,112.010000000000005,0.000000000000000,0,295.790000000000020,0.000000000000000,6,0.000000000000000,{00000000-0000-0000-0000-000000000000},198317.368840876006288,1442342372.308206558227539
178,116,Queen Valley,1.000000000000000,0.000000000000000,0.000000000000000,1.000000000000000,0.000000000000000,0.000000000000000,0.000000000000000,0.000000000000000,0.000000000000000,0.000000000000000,0,0.000000000000000,0.000000000000000,0,0.000000000000000,{00000000-0000-0000-0000-000000000000},59228.655410519029829,170229531.752099096775055
179,117,Fish Lake Valley,29342.000000000000000,16.000000000000000,0.000000000000000,218.000000000000000,0.000000000000000,0.000000000000000,28894.000000000000000,0.000000000000000,0.000000000000000,1.000000000000000,0,11.000000000000000,181.000000000000000,21,0.000000000000000,{00000000-0000-0000-0000-000000000000},256804.446032364910934,1837710616.132542371749878
180,197,Escalante Desert,1.000000000000000,0.000000000000000,0.000000000000000,0.000000000000000,0.000000000000000,0.000000000000000,0.000000000000000,0.000000000000000,0.000000000000000,0.000000000000000,0,0.000000000000000,0.000000000000000,1,0.000000000000000,{00000000-0000-0000-0000-000000000000},85224.298503990183235,272910063.614449679851532
181,148,Cactus Flat,90.049999999999997,0.000000000000000,0.000000000000000,0.000000000000000,0.000000000000000,0.000000000000000,0.000000000000000,0.000000000000000,0.000000000000000,0.000000000000000,0,85.049999999999997,0.000000000000000,5,0.000000000000000,{00000000-0000-0000-0000-000000000000},152554.406213029200444,1023206659.286802053451538
182,147,Gold Flat,391.060000000000002,0.000000000000000,0.000000000000000,0.000000000000000,0.000000000000000,0.000000000000000,0.000000000000000,0.000000000000000,0.000000000000000,0.000000000000000,0,380.060000000000002,0.000000000000000,11,0.000000000000000,{00000000-0000-0000-0000-000000000000},245166.649586566520156,1766173371.101146221160889
183,145,Stonewall Flat,2.000000000000000,0.000000000000000,0.000000000000000,0.000000000000000,0.000000000000000,0.000000000000000,0.000000000000000,0.000000000000000,0.000000000000000,0.000000000000000,0,0.000000000000000,0.000000000000000,2,0.000000000000000,{00000000-0000-0000-0000-000000000000},148326.760519070288865,968526373.868649005889893
184,209,Pahranagat Valley,5790.000000000000000,42.000000000000000,0.000000000000000,121.000000000000000,0.000000000000000,0.000000000000000,5262.000000000000000,0.000000000000000,283.000000000000000,0.000000000000000,0,2.000000000000000,0.000000000000000,12,68.000000000000000,{00000000-0000-0000-0000-000000000000},260073.996747790137306,1988910197.761792898178101
185,144,Lida Valley,37.700000000000003,0.000000000000000,0.000000000000000,4.000000000000000,0.000000000000000,0.000000000000000,0.000000000000000,0.000000000000000,0.000000000000000,0.000000000000000,0,29.699999999999999,0.000000000000000,4,0.000000000000000,{00000000-0000-0000-0000-000000000000},166627.100195720297052,1378190556.888452768325806
186,182,Delamar Valley,1.000000000000000,0.000000000000000,0.000000000000000,0.000000000000000,0.000000000000000,0.000000000000000,0.000000000000000,0.000000000000000,0.000000000000000,0.000000000000000,0,0.000000000000000,0.000000000000000,1,0.000000000000000,{00000000-0000-0000-0000-000000000000},151419.177094723825576,992824568.323812007904053
187,157,Kawich Valley,0.000000000000000,0.000000000000000,0.000000000000000,0.000000000000000,0.000000000000000,0.000000000000000,0.000000000000000,0.000000000000000,0.000000000000000,0.000000000000000,0,0.000000000000000,0.000000000000000,0,0.000000000000000,{00000000-0000-0000-0000-000000000000},157020.360615287558176,906927463.299451470375061
188,169A,Tikapoo Valley,1.000000000000000,0.000000000000000,0.000000000000000,0.000000000000000,0.000000000000000,0.000000000000000,0.000000000000000,0.000000000000000,0.000000000000000,0.000000000000000,0,0.000000000000000,0.000000000000000,1,0.000000000000000,{00000000-0000-0000-0000-000000000000},223089.669018036307534,1608866200.762675523757935
189,158A,Emigrant Valley,1.000000000000000,0.000000000000000,0.000000000000000,0.000000000000000,0.000000000000000,0.000000000000000,0.000000000000000,0.000000000000000,0.000000000000000,0.000000000000000,0,0.000000000000000,0.000000000000000,1,0.000000000000000,{00000000-0000-0000-0000-000000000000},222029.236915587127442,1698520361.616201877593994
190,146,Sarcobatus Flat,51.259999999999998,0.000000000000000,0.000000000000000,14.000000000000000,0.000000000000000,0.000000000000000,0.000000000000000,0.000000000000000,0.000000000000000,0.000000000000000,0,25.260000000000002,0.000000000000000,12,0.000000000000000,{00000000-0000-0000-0000-000000000000},235338.066628167522140,2075804450.185297489166260
191,206,Kane Springs Valley,0.000000000000000,0.000000000000000,0.000000000000000,0.000000000000000,0.000000000000000,0.000000000000000,0.000000000000000,0.000000000000000,0.000000000000000,0.000000000000000,0,0.000000000000000,0.000000000000000,0,0.000000000000000,{00000000-0000-0000-0000-000000000000},133590.461597854708089,610198981.394149899482727
192,232,Oriental Wash,0.000000000000000,0.000000000000000,0.000000000000000,0.000000000000000,0.000000000000000,0.000000000000000,0.000000000000000,0.000000000000000,0.000000000000000,0.000000000000000,0,0.000000000000000,0.000000000000000,0,0.000000000000000,{00000000-0000-0000-0000-000000000000},128794.538889732735697,466392949.827889680862427
193,228,Oasis Valley,242.879999999999995,5.520000000000000,0.000000000000000,26.000000000000000,0.000000000000000,0.000000000000000,0.000000000000000,4.600000000000000,155.759999999999991,0.000000000000000,0,0.000000000000000,50.000000000000000,1,0.000000000000000,{00000000-0000-0000-0000-000000000000},190298.789726333547151,1192888856.701652765274048
194,169B,Tikapoo Valley,0.000000000000000,0.000000000000000,0.000000000000000,0.000000000000000,0.000000000000000,0.000000000000000,0.000000000000000,0.000000000000000,0.000000000000000,0.000000000000000,0,0.000000000000000,0.000000000000000,0,0.000000000000000,{00000000-0000-0000-0000-000000000000},178587.932792090723524,956856083.206306695938110
195,227B,Fortymile Canyon,0.000000000000000,0.000000000000000,0.000000000000000,0.000000000000000,0.000000000000000,0.000000000000000,0.000000000000000,0.000000000000000,0.000000000000000,0.000000000000000,0,0.000000000000000,0.000000000000000,0,0.000000000000000,{00000000-0000-0000-0000-000000000000},123044.933680116810137,613255452.464246153831482
196,159,Yucca Flat,1.000000000000000,0.000000000000000,0.000000000000000,1.000000000000000,0.000000000000000,0.000000000000000,0.000000000000000,0.000000000000000,0.000000000000000,0.000000000000000,0,0.000000000000000,0.000000000000000,0,0.000000000000000,{00000000-0000-0000-0000-000000000000},130363.459718608297408,786373808.254849791526794
197,231,Grapevine Canyon,1.000000000000000,0.000000000000000,0.000000000000000,0.000000000000000,0.000000000000000,0.000000000000000,0.000000000000000,0.000000000000000,0.000000000000000,0.000000000000000,0,0.000000000000000,0.000000000000000,1,0.000000000000000,{00000000-0000-0000-0000-000000000000},122197.835919385659508,449688806.095096707344055
198,158B,Emigrant Valley,0.000000000000000,0.000000000000000,0.000000000000000,0.000000000000000,0.000000000000000,0.000000000000000,0.000000000000000,0.000000000000000,0.000000000000000,0.000000000000000,0,0.000000000000000,0.000000000000000,0,0.000000000000000,{00000000-0000-0000-0000-000000000000},85736.785679463791894,264426625.399899721145630
199,168,Three Lakes Valley,0.000000000000000,0.000000000000000,0.000000000000000,0.000000000000000,0.000000000000000,0.000000000000000,0.000000000000000,0.000000000000000,0.000000000000000,0.000000000000000,0,0.000000000000000,0.000000000000000,0,0.000000000000000,{00000000-0000-0000-0000-000000000000},151836.930090244684834,747924010.363343358039856
200,160,Frenchman Flat,0.000000000000000,0.000000000000000,0.000000000000000,0.000000000000000,0.000000000000000,0.000000000000000,0.000000000000000,0.000000000000000,0.000000000000000,0.000000000000000,0,0.000000000000000,0.000000000000000,0,0.000000000000000,{00000000-0000-0000-0000-000000000000},199297.203292221529409,1183844809.215904951095581
201,161,Indian Springs Valley,619.000000000000000,3.000000000000000,0.000000000000000,78.000000000000000,0.000000000000000,0.000000000000000,138.000000000000000,0.000000000000000,262.000000000000000,0.000000000000000,0,138.000000000000000,0.000000000000000,0,0.000000000000000,{00000000-0000-0000-0000-000000000000},255962.721351499203593,1738289348.142755746841431
202,227A,Fortymile Canyon,4.000000000000000,0.000000000000000,0.000000000000000,2.000000000000000,0.000000000000000,0.000000000000000,0.000000000000000,0.000000000000000,0.000000000000000,0.000000000000000,0,0.000000000000000,0.000000000000000,2,0.000000000000000,{00000000-0000-0000-0000-000000000000},121066.513826709429850,691307952.587602496147156
203,229,Crater Flat,619.980000000000018,0.000000000000000,0.000000000000000,0.000000000000000,0.000000000000000,0.000000000000000,0.000000000000000,619.980000000000018,0.000000000000000,0.000000000000000,0,0.000000000000000,0.000000000000000,0,0.000000000000000,{00000000-0000-0000-0000-000000000000},99424.712477135690278,470008416.787451565265656
204,230,Amargosa Desert,16920.409999999999854,2086.619999999999891,0.000000000000000,252.000000000000000,0.000000000000000,0.000000000000000,13373.639999999999418,695.220000000000027,124.519999999999996,0.000000000000000,0,383.620000000000005,0.000000000000000,0,4.790000000000000,{00000000-0000-0000-0000-000000000000},303094.307203988835681,2531905773.112349987030029
205,226,Rock Valley,0.000000000000000,0.000000000000000,0.000000000000000,0.000000000000000,0.000000000000000,0.000000000000000,0.000000000000000,0.000000000000000,0.000000000000000,0.000000000000000,0,0.000000000000000,0.000000000000000,0,0.000000000000000,{00000000-0000-0000-0000-000000000000},64920.979687713792373,155727815.846294313669205
206,211,Three Lakes Valley,1016.929999999999950,0.000000000000000,0.000000000000000,2.000000000000000,0.000000000000000,0.000000000000000,0.000000000000000,0.000000000000000,0.000000000000000,0.000000000000000,0,1014.929999999999950,0.000000000000000,0,0.000000000000000,{00000000-0000-0000-0000-000000000000},173039.180391484725988,828662808.939595341682434
207,225,Mercury Valley,0.000000000000000,0.000000000000000,0.000000000000000,0.000000000000000,0.000000000000000,0.000000000000000,0.000000000000000,0.000000000000000,0.000000000000000,0.000000000000000,0,0.000000000000000,0.000000000000000,0,0.000000000000000,{00000000-0000-0000-0000-000000000000},62035.285559798612667,164550896.146397948265076
208,224,Greasewood Basin,0.000000000000000,0.000000000000000,0.000000000000000,0.000000000000000,0.000000000000000,0.000000000000000,0.000000000000000,0.000000000000000,0.000000000000000,0.000000000000000,0,0.000000000000000,0.000000000000000,0,0.000000000000000,{00000000-0000-0000-0000-000000000000},120161.358528370779823,291287337.506456017494202
209,213,Colorado Valley,809.529999999999973,5.710000000000000,0.000000000000000,26.000000000000000,0.000000000000000,0.000000000000000,0.000000000000000,26.989999999999998,3.280000000000000,0.000000000000000,0,610.100000000000023,134.449999999999989,3,0.000000000000000,{00000000-0000-0000-0000-000000000000},307727.739569690893404,1446957616.269160032272339
210,164A,Ivanpah Valley,254.169999999999987,14.430000000000000,0.800000000000000,93.000000000000000,0.000000000000000,119.000000000000000,0.000000000000000,0.000000000000000,0.000000000000000,0.000000000000000,0,25.940000000000001,0.000000000000000,1,0.000000000000000,{00000000-0000-0000-0000-000000000000},149183.509508867718978,663020407.902849435806274
211,165,Jean Lake Valley,149.780000000000001,0.000000000000000,0.000000000000000,1.000000000000000,0.000000000000000,0.000000000000000,0.000000000000000,148.780000000000001,0.000000000000000,0.000000000000000,0,0.000000000000000,0.000000000000000,0,0.000000000000000,{00000000-0000-0000-0000-000000000000},88947.388454536325298,234698971.987096875905991
212,166,Hidden Valley,9.020000000000000,0.000000000000000,0.000000000000000,0.000000000000000,0.000000000000000,0.000000000000000,0.000000000000000,9.020000000000000,0.000000000000000,0.000000000000000,0,0.000000000000000,0.000000000000000,0,0.000000000000000,{00000000-0000-0000-0000-000000000000},43767.463106448158214,83982576.160802647471428
213,164B,Ivanpah Valley,280.350000000000023,0.000000000000000,0.000000000000000,2.000000000000000,0.000000000000000,0.000000000000000,0.000000000000000,0.000000000000000,0.000000000000000,0.000000000000000,0,278.350000000000023,0.000000000000000,0,0.000000000000000,{00000000-0000-0000-0000-000000000000},95273.301992225242429,199000808.790453463792801
214,214,Piute Valley,848.840000000000032,26.879999999999999,0.000000000000000,13.000000000000000,0.000000000000000,0.000000000000000,0.000000000000000,316.259999999999991,209.479999999999990,0.000000000000000,0,273.220000000000027,0.000000000000000,10,0.000000000000000,{00000000-0000-0000-0000-000000000000},156739.263575747143477,873457337.664207100868225
215,091,Truckee Canyon Segment,1827.462999999999965,103.939999999999998,0.000000000000000,462.000000000000000,32.259999999999998,0.250000000000000,68.000000000000000,0.000000000000000,552.049999999999955,0.880000000000000,0,573.582999999999970,2.500000000000000,32,0.000000000000000,{00000000-0000-0000-0000-000000000000},85079.737025298090884,203344234.827650338411331
216,090,Lake Tahoe Basin,8827.889999999999418,96.000000000000000,0.000000000000000,37.600000000000001,734.919999999999959,0.000000000000000,1618.400000000000091,0.000000000000000,4503.100000000000364,0.000000000000000,0,1392.039999999999964,445.829999999999984,0,0.000000000000000,{00000000-0000-0000-0000-000000000000},103781.123989149316913,353463715.489500403404236
217,083,Tracy Segment,5231.463999999999942,116.971000000000004,0.000000000000000,730.000000000000000,0.000000000000000,1045.601000000000113,0.000000000000000,4.580000000000000,790.830000000000041,0.000000000000000,0,2540.481999999999971,0.000000000000000,3,0.000000000000000,{00000000-0000-0000-0000-000000000000},158740.587332601629896,762788558.431645274162292
218,102,Churchill Valley,2020.000000000000000,10.000000000000000,0.000000000000000,1352.000000000000000,0.000000000000000,1.000000000000000,66.000000000000000,0.000000000000000,0.000000000000000,0.000000000000000,0,576.000000000000000,14.000000000000000,1,0.000000000000000,{00000000-0000-0000-0000-000000000000},223929.765624007006409,1283765338.209937572479248
219,089,Washoe Valley,6501.000000000000000,17.000000000000000,0.000000000000000,1555.000000000000000,0.000000000000000,0.000000000000000,1899.000000000000000,0.000000000000000,1236.000000000000000,2.000000000000000,0,51.000000000000000,550.000000000000000,431,760.000000000000000,{00000000-0000-0000-0000-000000000000},79562.087840665000840,216826917.954000145196915
220,105,Carson Valley,23425.319999999999709,74.810000000000002,0.000000000000000,3697.000000000000000,193.419999999999987,231.830000000000013,6139.609999999999673,0.000000000000000,6682.090000000000146,129.740000000000009,0,4074.849999999999909,209.830000000000013,113,1879.140000000000100,{00000000-0000-0000-0000-000000000000},176383.002448360464768,1075254457.084201574325562
221,086,Sun Valley,246.219999999999999,0.000000000000000,0.000000000000000,231.000000000000000,0.830000000000000,0.000000000000000,14.390000000000001,0.000000000000000,0.000000000000000,0.000000000000000,0,0.000000000000000,0.000000000000000,0,0.000000000000000,{00000000-0000-0000-0000-000000000000},22311.205981139133655,23931606.065799646079540
222,088,Pleasant Valley,1663.000000000000000,15.000000000000000,0.000000000000000,720.000000000000000,0.000000000000000,0.000000000000000,44.000000000000000,0.000000000000000,331.000000000000000,73.000000000000000,0,454.000000000000000,26.000000000000000,0,0.000000000000000,{00000000-0000-0000-0000-000000000000},57793.040234471161966,101216010.006150484085083
223,109,East Walker Area,7062.140000000000327,0.000000000000000,0.000000000000000,29.000000000000000,0.000000000000000,0.000000000000000,6960.000000000000000,56.140000000000001,0.000000000000000,0.000000000000000,0,0.000000000000000,0.000000000000000,17,0.000000000000000,{00000000-0000-0000-0000-000000000000},232988.929382546455599,1534920903.952046394348145
224,221,Tule Desert,1.000000000000000,0.000000000000000,0.000000000000000,0.000000000000000,0.000000000000000,0.000000000000000,0.000000000000000,0.000000000000000,0.000000000000000,0.000000000000000,0,0.000000000000000,0.000000000000000,1,0.000000000000000,{00000000-0000-0000-0000-000000000000},130980.878644330616225,500283678.187800943851471
225,162,Pahrump Valley,16416.000000000000000,545.000000000000000,4.000000000000000,5582.000000000000000,0.000000000000000,159.000000000000000,4881.000000000000000,2.000000000000000,3820.000000000000000,0.000000000000000,0,660.000000000000000,763.000000000000000,0,0.000000000000000,{00000000-0000-0000-0000-000000000000},230972.130978604429401,2027994393.716794252395630
226,104,Eagle Valley,4257.029999999999745,21.289999999999999,0.000000000000000,862.000000000000000,0.000000000000000,1.110000000000000,21.000000000000000,0.000000000000000,3239.820000000000164,0.000000000000000,0,110.810000000000002,0.000000000000000,1,0.000000000000000,{00000000-0000-0000-0000-000000000000},69519.084951236567576,184808422.335700899362564
227,103,Dayton Valley,7157.929275999999845,124.655000000000001,0.720000000000000,1506.000000000000000,0.000000000000000,264.120000000000005,1213.270995000000084,34.950000000000003,3029.680600000000140,0.000000000000000,0,962.337680999999975,0.195000000000000,1,21.000000000000000,{00000000-0000-0000-0000-000000000000},174406.268170098686824,944502730.061001181602478
228,087,Truckee Meadows,15849.000000000000000,191.000000000000000,0.000000000000000,1749.000000000000000,3867.000000000000000,19.000000000000000,130.000000000000000,0.000000000000000,8330.000000000000000,5.000000000000000,0,1428.000000000000000,128.000000000000000,1,1.000000000000000,{00000000-0000-0000-0000-000000000000},144043.794148243352538,528108768.919003963470459
229,085,Spanish Springs Valley,2869.008099870000024,171.097814069999998,22.000000000000000,392.000000000000000,0.000000000000000,0.000000000000000,0.000000000000000,0.000000000000000,1098.273380800000041,0.000000000000000,0,573.297905000000014,609.339000000000055,3,0.000000000000000,{00000000-0000-0000-0000-000000000000},86209.127767256955849,189355973.896202564239502
230,092A,Lemmon Valley,950.779999999999973,1.220000000000000,0.000000000000000,632.000000000000000,0.000000000000000,3.070000000000000,4.460000000000000,0.000000000000000,0.000000000000000,0.430000000000000,0,293.649999999999977,15.949999999999999,0,0.000000000000000,{00000000-0000-0000-0000-000000000000},69246.829068349019508,147913374.134599119424820
231,092B,Lemmon Valley,1328.000000000000000,15.050000000000001,0.000000000000000,1228.000000000000000,0.000000000000000,0.730000000000000,1.880000000000000,0.000000000000000,22.280000000000001,0.000000000000000,0,49.070000000000000,10.990000000000000,0,0.000000000000000,{00000000-0000-0000-0000-000000000000},57798.493929324773489,105667118.453598394989967
232,100,Cold Spring Valley,1373.365999999999985,0.770000000000000,0.000000000000000,170.000000000000000,9.300000000000001,0.000000000000000,164.000000000000000,0.000000000000000,0.000000000000000,0.000000000000000,0,1029.296000000000049,0.000000000000000,0,0.000000000000000,{00000000-0000-0000-0000-000000000000},53550.604073093018087,76410900.619151040911674
233,084,Warm Springs Valley,3582.000000000000000,5.000000000000000,0.000000000000000,656.000000000000000,556.000000000000000,0.000000000000000,2267.000000000000000,0.000000000000000,0.000000000000000,0.000000000000000,0,58.000000000000000,9.000000000000000,31,0.000000000000000,{00000000-0000-0000-0000-000000000000},166117.744173605024116,648396966.546099305152893
234,024,Hualapai Flat,6164.960000000000036,4.480000000000000,0.000000000000000,4.000000000000000,0.000000000000000,0.000000000000000,6149.000000000000000,0.000000000000000,0.000000000000000,0.000000000000000,0,4.480000000000000,0.000000000000000,3,0.000000000000000,{00000000-0000-0000-0000-000000000000},139664.328953172691399,814986078.615047931671143
235,210,Coyote Spring Valley,1961.000000000000000,560.000000000000000,0.000000000000000,2.000000000000000,0.000000000000000,0.000000000000000,0.000000000000000,0.000000000000000,1399.000000000000000,0.000000000000000,0,0.000000000000000,0.000000000000000,0,0.000000000000000,{00000000-0000-0000-0000-000000000000},245521.667301076522563,1594675923.836040258407593
236,167,Eldorado Valley,706.010800000000017,0.000000000000000,220.960800000000006,9.000000000000000,0.000000000000000,0.250000000000000,0.000000000000000,475.680000000000007,0.000000000000000,0.000000000000000,0,0.120000000000000,0.000000000000000,0,0.000000000000000,{00000000-0000-0000-0000-000000000000},208836.070882059197174,1376857168.600899696350098
237,163,Mesquite Valley,625.000000000000000,14.000000000000000,0.000000000000000,443.000000000000000,0.000000000000000,0.000000000000000,34.000000000000000,0.000000000000000,0.000000000000000,0.000000000000000,0,134.000000000000000,0.000000000000000,0,0.000000000000000,{00000000-0000-0000-0000-000000000000},153527.874064078874653,609259098.603750109672546
238,108,Mason Valley,30414.229999999999563,560.679999999999950,0.000000000000000,789.000000000000000,0.000000000000000,3015.679999999999836,18440.849999999998545,244.759999999999991,1881.569999999999936,0.000000000000000,0,202.719999999999999,5091.369999999999891,79,108.599999999999994,{00000000-0000-0000-0000-000000000000},221908.771215099550318,1311032260.030180692672729
239,071,Grass Valley,21035.033769680001569,25.654750660000001,0.000000000000000,757.000000000000000,0.000000000000000,19.780000000000001,17718.896046469999419,0.000000000000000,2456.929999999999836,1.565139000000000,0,54.207833540000003,0.000000000000000,1,0.000000000000000,{00000000-0000-0000-0000-000000000000},199863.915892619173974,1352707614.137048244476318
240,203,Panaca Valley,14637.000000000000000,54.000000000000000,0.000000000000000,129.000000000000000,0.000000000000000,0.000000000000000,14121.000000000000000,11.000000000000000,278.000000000000000,0.000000000000000,0,41.000000000000000,0.000000000000000,3,0.000000000000000,{00000000-0000-0000-0000-000000000000},183170.522341238509398,891356417.530400037765503
241,204,Clover Valley,492.339999999999975,0.000000000000000,0.000000000000000,10.000000000000000,0.000000000000000,12.900000000000000,434.000000000000000,0.000000000000000,0.000000000000000,0.000000000000000,0,2.240000000000000,11.199999999999999,22,0.000000000000000,{00000000-0000-0000-0000-000000000000},165618.346393866086146,943496715.530898451805115
242,216,Garnet Valley,1981.000000000000000,13.000000000000000,217.000000000000000,0.000000000000000,0.000000000000000,717.000000000000000,0.000000000000000,173.000000000000000,831.000000000000000,0.000000000000000,0,30.000000000000000,0.000000000000000,0,0.000000000000000,{00000000-0000-0000-0000-000000000000},138076.951895757665625,411329029.099298655986786
243,217,Hidden Valley,0.000000000000000,0.000000000000000,0.000000000000000,0.000000000000000,0.000000000000000,0.000000000000000,0.000000000000000,0.000000000000000,0.000000000000000,0.000000000000000,0,0.000000000000000,0.000000000000000,0,0.000000000000000,{00000000-0000-0000-0000-000000000000},74743.609516618322232,212128813.980502665042877
244,219,Muddy River Springs Area,3553.000000000000000,33.000000000000000,0.000000000000000,44.000000000000000,0.000000000000000,535.000000000000000,115.000000000000000,0.000000000000000,2824.000000000000000,0.000000000000000,0,2.000000000000000,0.000000000000000,0,0.000000000000000,{00000000-0000-0000-0000-000000000000},128976.792901980661554,375592162.337748527526855
245,212,Las Vegas Valley,73010.100000000005821,1068.000000000000000,0.000000000000000,4940.000000000000000,3153.000000000000000,331.000000000000000,2071.000000000000000,1503.000000000000000,46991.199999999997090,0.000000000000000,0,7449.899999999999636,5360.000000000000000,0,143.000000000000000,{00000000-0000-0000-0000-000000000000},369028.089313596370630,3998415642.425900459289551
246,106,Antelope Valley,2290.692159860000174,48.305518480000003,0.000000000000000,342.000000000000000,0.000000000000000,0.000000000000000,1658.254842000000053,0.000000000000000,0.000000000000000,0.000000000000000,0,238.701913380000008,3.429886000000000,0,0.000000000000000,{00000000-0000-0000-0000-000000000000},88953.475387862126809,301331566.965746283531189
247,049,Elko Segment,8335.757544419999249,76.940940319999996,0.000000000000000,1231.000000000000000,8.179184640000001,19.700645690000002,147.469454549999995,1.000000000000000,6510.542000000000371,1.000000000000000,0,299.925319220000006,0.000000000000000,40,0.000000000000000,{00000000-0000-0000-0000-000000000000},179570.058483763859840,823154189.155251026153564
248,100A,Long Valley,289.870000000000005,0.000000000000000,0.000000000000000,6.000000000000000,0.000000000000000,0.000000000000000,0.000000000000000,0.000000000000000,0.000000000000000,0.000000000000000,0,283.870000000000005,0.000000000000000,0,0.000000000000000,{00000000-0000-0000-0000-000000000000},78477.985162317912909,55549561.550201594829559
249,205,Lower Meadow Valley Wash,2472.369999999999891,6.370000000000000,0.000000000000000,36.000000000000000,0.000000000000000,0.000000000000000,1985.000000000000000,0.000000000000000,440.000000000000000,0.000000000000000,0,0.000000000000000,3.000000000000000,2,0.000000000000000,{00000000-0000-0000-0000-000000000000},335438.858486521639861,2444036056.070399761199951
250,222,Virgin River Valley,6799.359999999999673,0.000000000000000,0.000000000000000,23.000000000000000,0.000000000000000,0.000000000000000,0.000000000000000,0.000000000000000,6565.630000000000109,0.000000000000000,0,177.430000000000007,21.300000000000001,12,0.000000000000000,{00000000-0000-0000-0000-000000000000},360611.919551282597240,2345342514.503858089447021
251,220,Lower Moapa Valley,2940.079999999999927,115.609999999999999,0.000000000000000,31.000000000000000,87.159999999999997,0.000000000000000,2486.000000000000000,220.310000000000002,0.000000000000000,0.000000000000000,0,0.000000000000000,0.000000000000000,0,0.000000000000000,{00000000-0000-0000-0000-000000000000},166802.473013721115422,704947538.462496638298035
252,218,California Wash,88.000000000000000,0.000000000000000,0.000000000000000,16.000000000000000,0.000000000000000,29.000000000000000,0.000000000000000,0.000000000000000,43.000000000000000,0.000000000000000,0,0.000000000000000,0.000000000000000,0,0.000000000000000,{00000000-0000-0000-0000-000000000000},177234.473577514581848,832033194.737050652503967
253,223,Gold Butte Area,1.120000000000000,0.000000000000000,0.000000000000000,0.000000000000000,0.000000000000000,0.000000000000000,0.000000000000000,1.120000000000000,0.000000000000000,0.000000000000000,0,0.000000000000000,0.000000000000000,0,0.000000000000000,{00000000-0000-0000-0000-000000000000},195559.883857237728080,1368174480.593054771423340
254,215,Black Mountains Area,1634.000000000000000,0.000000000000000,0.000000000000000,1.000000000000000,0.000000000000000,1507.000000000000000,0.000000000000000,115.000000000000000,0.000000000000000,0.000000000000000,0,11.000000000000000,0.000000000000000,0,0.000000000000000,{00000000-0000-0000-0000-000000000000},253297.125461604242446,1650755947.749201536178589
255,107,Smith Valley,14284.000000000000000,605.000000000000000,0.000000000000000,807.000000000000000,0.000000000000000,65.000000000000000,12482.000000000000000,0.000000000000000,0.000000000000000,0.000000000000000,0,92.000000000000000,57.000000000000000,176,0.000000000000000,{00000000-0000-0000-0000-000000000000},215552.741532287909649,1202024523.647856950759888
256,137B,Big Smoky Valley,14900.549999999999272,29.609999999999999,0.000000000000000,151.000000000000000,0.000000000000000,0.000000000000000,9685.000000000000000,4687.000000000000000,0.000000000000000,46.460000000000001,0,292.209999999999980,0.270000000000000,10,0.000000000000000,{00000000-0000-0000-0000-000000000000},316892.360662155842874,3406456955.557948589324951
