ReasonRemoved,SiteUUID,RegulatoryOverlayUUIDs,WaterSourceUUIDs,CoordinateAccuracy,CoordinateMethodCV,County,EPSGCodeCV,Geometry,GNISCodeCV,HUC12,HUC8,Latitude,Longitude,NHDNetworkStatusCV,NHDProductCV,PODorPOUSite,SiteName,SiteNativeID,SitePoint,SiteTypeCV,StateCV,USGSSiteID,WaDEUUID,IncompleteField,index
Incomplete or bad entry for Latitude,,,COwr_WSwadeId36,,,Arapahoe,4326,,,,,,,,,POD,Colo St Lnd Brd Nnt Den Wl Fld,204002,,Well Field,CO,,coD141334,,7615.0
Incomplete or bad entry for Latitude,,,COwr_WSwadeId36,,,Arapahoe,4326,,,,,,,,,POD,Colo St Lnd Brd Den Wl Fld,204003,,Well Field,CO,,coD140891,,7616.0
Incomplete or bad entry for Latitude,,,COwr_WSwadeId36,,,Arapahoe,4326,,,,,,,,,POD,Colo St Lnd Brd Nnt4P Den Wl Fld,204004,,Well Field,CO,,coD157293,,7617.0
Incomplete or bad entry for Latitude,,,COwr_WSwadeId50,,,Arapahoe,4326,,,,,,,,,POD,Colo St Lnd Brd Lfh Wl Fld,204005,,Well Field,CO,,coD141408,,7618.0
Incomplete or bad entry for Latitude,,,COwr_WSwadeId41,,,Adams,4326,,,,,,,,,POD,Gvr Partnership Uar Wl Fld,204006,,Well Field,CO,,coD140504,,7619.0
Incomplete or bad entry for Latitude,,,COwr_WSwadeId59,,,Adams,4326,,,,,,,,,POD,Gvr Partnership Lar Wl Fld,204007,,Well Field,CO,,coD141695,,7620.0
Incomplete or bad entry for Latitude,,,COwr_WSwadeId50,,,Adams,4326,,,,,,,,,POD,Gvr Partnership Lfh Wl Fld,204008,,Well Field,CO,,coD141546,,7621.0
Incomplete or bad entry for Latitude,,,COwr_WSwadeId36,,,Adams,4326,,,,,,,,,POD,Aurora Den Wl Fld,210013,,Well Field,CO,,coD11404,,12371.0
Incomplete or bad entry for Latitude,,,COwr_WSwadeId41,,,Adams,4326,,,,,,,,,POD,Aurora Uar Wl Fld,210014,,Well Field,CO,,coD10958,,12372.0
Incomplete or bad entry for Latitude,,,COwr_WSwadeId59,,,Adams,4326,,,,,,,,,POD,Aurora Lar Wl Fld,210017,,Well Field,CO,,coD11522,,12375.0
Incomplete or bad entry for Latitude,,,COwr_WSwadeId50,,,Adams,4326,,,,,,,,,POD,Aurora Lfh Wl Fld,210018,,Well Field,CO,,coD11064,,12376.0
Incomplete or bad entry for Latitude,,,COwr_WSwadeId193,,,Boulder,4326,,,,,,,,,POD,Dickens Private Ditch 2,500955,,Ditch,CO,,coD18520,,17055.0
Incomplete or bad entry for Latitude,,,COwr_WSwadeId205,,,Boulder,4326,,,,,,,,,POD,Happy Valley Fl Pl,600529,,Pipeline,CO,,coD16508,,17926.0
Incomplete or bad entry for Latitude,,,COwr_WSwadeId205,,,Boulder,4326,,,,,,,,,POD,Waterwheel Ditch,600556,,Ditch,CO,,coD19501,,17940.0
Incomplete or bad entry for Latitude,,,COwr_WSwadeId3,,,Douglas,4326,,,,,,,,,POD,Trenton Deep Well,808284,,Well,CO,,coD30272,,25555.0
Incomplete or bad entry for Latitude,,,COwr_WSwadeId60,,,Douglas,4326,,,,,,,,,POD,Hamilton Trust W Da5,808601,,Well,CO,,coD30435,,25614.0
Incomplete or bad entry for Latitude,,,COwr_WSwadeId36,,,Douglas,4326,,,,,,,,,POD,Hamilton Trust W Dn7,808608,,Well,CO,,coD31067,,25621.0
Incomplete or bad entry for Latitude,,,COwr_WSwadeId41,,,Douglas,4326,,,,,,,,,POD,Hamilton Trust W Ar3,808611,,Well,CO,,coD30149,,25624.0
Incomplete or bad entry for Latitude,,,COwr_WSwadeId60,,,Douglas,4326,,,,,,,,,POD,Burlington N Da Wl Fld,810395,,Well Field,CO,,coD32154,,26723.0
Incomplete or bad entry for Latitude,,,COwr_WSwadeId60,,,Douglas,4326,,,,,,,,,POD,Burlington N Uda Wl Fld,810396,,Well Field,CO,,coD31791,,26724.0
Incomplete or bad entry for Latitude,,,COwr_WSwadeId50,,,Arapahoe,4326,,,,,,,,,POD,Littleton Lfh Wl Fld,811501,,Well Field,CO,,coD31531,,27715.0
Incomplete or bad entry for Latitude,,,COwr_WSwadeId41,,,Arapahoe,4326,,,,,,,,,POD,Littleton Ar Wl Fld,811502,,Well Field,CO,,coD31954,,27716.0
Incomplete or bad entry for Latitude,,,COwr_WSwadeId57,,,Arapahoe,4326,,,,,,,,,POD,Littleton Lar Wl Fld,811503,,Well Field,CO,,coD32300,,27717.0
Incomplete or bad entry for Latitude,,,COwr_WSwadeId36,,,Arapahoe,4326,,,,,,,,,POD,Littleton Den Wl Fld,811504,,Well Field,CO,,coD32668,,27718.0
Incomplete or bad entry for Latitude,,,COwr_WSwadeId36,,,Denver,4326,,,,,,,,,POD,Highlands Ranch Nt Den Well Field,816292,,Well Field,CO,,coD152100,,31508.0
Incomplete or bad entry for Latitude,,,COwr_WSwadeId36,,,Douglas,4326,,,,,,,,,POD,Mission Viejo Nnt Den Well Field,816293,,Well Field,CO,,coD151271,,31509.0
Incomplete or bad entry for Latitude,,,COwr_WSwadeId41,,,Douglas,4326,,,,,,,,,POD,Mission Viejo Nt Ar Well Field,816294,,Well Field,CO,,coD152340,,31510.0
Incomplete or bad entry for Latitude,,,COwr_WSwadeId50,,,Douglas,4326,,,,,,,,,POD,Mission Viejo Nt Lfh Well Field,816295,,Well Field,CO,,coD152008,,31511.0
Incomplete or bad entry for Latitude,,,COwr_WSwadeId50,,,Jefferson,4326,,,,,,,,,POD,Lakewood W 101Sf,905353,,Well,CO,,coD36490,,34505.0
Incomplete or bad entry for Latitude,,,COwr_WSwadeId247,,,El Paso,4326,,,,,,,,,POD,Watson Ditch,1000839,,Ditch,CO,,coD39830,,35235.0
Incomplete or bad entry for Latitude,,,COwr_WSwadeId12,,,,4326,,,,,,,,,POD,Cherokee Metro Wwtp,1000972,,Other,CO,,coD37510,,35283.0
Incomplete or bad entry for Latitude,,,COwr_WSwadeId395,,,El Paso,4326,,,,,,,,,POD,Jc Orange Well No 1,1008188,,Well,CO,,coD37769,,37298.0
Incomplete or bad entry for Latitude,,,COwr_WSwadeId60,,Unable to spot,El Paso,4326,,,,,,,,,POD,Grandwood Ent Llc Nnt Dawson,1009319,,Well Field,CO,,coD169085,,37884.0
Incomplete or bad entry for Latitude,,,COwr_WSwadeId36,,Unable to spot,El Paso,4326,,,,,,,,,POD,Grandwood Ent Llc Nnt Denver,1009320,,Well Field,CO,,coD170100,,37885.0
Incomplete or bad entry for Latitude,,,COwr_WSwadeId41,,Unable to spot,El Paso,4326,,,,,,,,,POD,Grandwood Ent Llc Nnt Arapahoe,1009321,,Well Field,CO,,coD170444,,37886.0
Incomplete or bad entry for Latitude,,,COwr_WSwadeId3013,,Unable to spot,El Paso,4326,,,,,,,,,POD,Grandwood Ent Llc Nt Laramie Fox Hills,1009322,,Aquifer Nntnt Reservation,CO,,coD169272,,37887.0
Incomplete or bad entry for Latitude,,,COwr_WSwadeId395,,Unable to spot,Chaffee,4326,,,,,,,,,POD,Angel Of Shavano Cg Well,1105768,,Well,CO,,coD41776,,39306.0
Incomplete or bad entry for Latitude,,,COwr_WSwadeId411,,,Fremont,4326,,,,,,,,,POD,Taylor Spring Pipeline,1202688,,Spring,CO,,coD43028,,40351.0
Incomplete or bad entry for Latitude,,,COwr_WSwadeId12,,,,4326,,,,,,,,,POD,Cotter Sand Creek Exch,1202800,,Reach,CO,,coD42212,,40451.0
Incomplete or bad entry for Latitude,,,COwr_WSwadeId434,,,Fremont,4326,,,,,,,,,POD,Glen Vista Aug Plan,1207008,,Augmentationreplacement Plan,CO,,coD43503,,40888.0
Incomplete or bad entry for Latitude,,,COwr_WSwadeId395,,Unable to spot,Fremont,4326,,,,,,,,,POD,Carr Well No 1 115565,1208045,,Well,CO,,coD46054,,40936.0
Incomplete or bad entry for Latitude,,,COwr_WSwadeId411,,,Pueblo,4326,,,,,,,,,POD,Reservoir No 9,1403527,,Reservoir,CO,,coD43507,,42392.0
Incomplete or bad entry for Latitude,,,COwr_WSwadeId395,,,Pueblo,4326,,,,,,,,,POD,Barnes Well No 1,1408005,,Well,CO,,coD45671,,43231.0
Incomplete or bad entry for Latitude,,,COwr_WSwadeId395,,,Pueblo,4326,,,,,,,,,POD,Carlson Well No 1,1408024,,Well,CO,,coD46173,,43249.0
Incomplete or bad entry for Latitude,,,COwr_WSwadeId395,,,Pueblo,4326,,,,,,,,,POD,Carlson Well No 2,1408025,,Well,CO,,coD43508,,43250.0
Incomplete or bad entry for Latitude,,,COwr_WSwadeId395,,,Pueblo,4326,,,,,,,,,POD,Fabian Home Well,1408068,,Well,CO,,coD43521,,43293.0
Incomplete or bad entry for Latitude,,,COwr_WSwadeId395,,,Pueblo,4326,,,,,,,,,POD,Harbour Well,1408099,,Well,CO,,coD45611,,43324.0
Incomplete or bad entry for Latitude,,,COwr_WSwadeId395,,,Pueblo,4326,,,,,,,,,POD,Hitzing Domestic Stock,1408109,,Well,CO,,coD43671,,43334.0
Incomplete or bad entry for Latitude,,,COwr_WSwadeId395,,,Pueblo,4326,,,,,,,,,POD,Hutton Well,1408117,,Well,CO,,coD45160,,43342.0
Incomplete or bad entry for Latitude,,,COwr_WSwadeId395,,,Pueblo,4326,,,,,,,,,POD,Klomp Well No 31201,1408136,,Well,CO,,coD43509,,43361.0
Incomplete or bad entry for Latitude,,,COwr_WSwadeId395,,,Pueblo,4326,,,,,,,,,POD,Lindvay Well No 1,1408150,,Well,CO,,coD43510,,43375.0
Incomplete or bad entry for Latitude,,,COwr_WSwadeId395,,,Pueblo,4326,,,,,,,,,POD,Pisciotta Dom Stk Well,1408194,,Well,CO,,coD46410,,43418.0
Incomplete or bad entry for Latitude,,,COwr_WSwadeId395,,,Pueblo,4326,,,,,,,,,POD,Pisciotta Domestic Well,1408195,,Well,CO,,coD43511,,43419.0
Incomplete or bad entry for Latitude,,,COwr_WSwadeId571,,,Pueblo,4326,,,,,,,,,POD,Vivoda Overflow No 1,1502080,,Spring,CO,,"coD47456,coD47224",,43740.0
Incomplete or bad entry for Latitude,,,COwr_WSwadeId395,,,Custer,4326,,,,,,,,,POD,Fisher Well,1508084,,Well,CO,,coD46504,,44010.0
Incomplete or bad entry for Latitude,,,COwr_WSwadeId395,,,Pueblo,4326,,,,,,,,,POD,Michaels Well,1508152,,Well,CO,,coD47667,,44077.0
Incomplete or bad entry for Latitude,,,COwr_WSwadeId395,,,Pueblo,4326,,,,,,,,,POD,Patti Well No 1,1508164,,Well,CO,,coD46968,,44089.0
Incomplete or bad entry for Latitude,,,COwr_WSwadeId395,,,Pueblo,4326,,,,,,,,,POD,Patti Well No 2,1508165,,Well,CO,,coD47418,,44090.0
Incomplete or bad entry for Latitude,,,COwr_WSwadeId110,,,Huerfano,4326,,,,,,,,,POD,Willow Reservoir,1603512,,Reservoir,CO,,coD46505,,44765.0
Incomplete or bad entry for Latitude,,,COwr_WSwadeId411,,,Kiowa,4326,,,,,,,,,POD,Neesopah Reservoir,1703605,,Reservoir,CO,,coD49157,,45403.0
Incomplete or bad entry for Latitude,,,COwr_WSwadeId411,,,Kiowa,4326,,,,,,,,,POD,Nee Gronda Reservoir,1703606,,Reservoir,CO,,coD49307,,45404.0
Incomplete or bad entry for Latitude,,,COwr_WSwadeId411,,,Kiowa,4326,,,,,,,,,POD,Neenoshe Reservoir,1703607,,Reservoir,CO,,coD48246,,45405.0
Incomplete or bad entry for Latitude,,,COwr_WSwadeId411,,,Kiowa,4326,,,,,,,,,POD,Neeskah Reservoir,1703608,,Reservoir,CO,,coD48078,,45406.0
Incomplete or bad entry for Latitude,,,COwr_WSwadeId395,,,Otero,4326,,,,,,,,,POD,Eberhart Well,1706445,,Well,CO,,coD49553,,46647.0
Incomplete or bad entry for Latitude,,,COwr_WSwadeId434,,,Crowley,4326,,,,,,,,,POD,Hcwua Aug Plan,1707005,,Augmentationreplacement Plan,CO,,coD50587,,46709.0
Incomplete or bad entry for Latitude,,,COwr_WSwadeId395,,,Bent,4326,,,,,,,,,POD,Adamson Well,1708027,,Well,CO,,coD49501,,46737.0
Incomplete or bad entry for Latitude,,,COwr_WSwadeId395,,,Bent,4326,,,,,,,,,POD,Bush Well,1708065,,Well,CO,,coD49848,,46775.0
Incomplete or bad entry for Latitude,,,COwr_WSwadeId395,,Unable to spot,Crowley,4326,,,,,,,,,POD,Lake Well,1708198,,Well,CO,,coD50173,,46908.0
Incomplete or bad entry for Latitude,,,COwr_WSwadeId395,,,Otero,4326,,,,,,,,,POD,Ustick Well No 1,1708319,,Well,CO,,coD49969,,47029.0
Incomplete or bad entry for Latitude,,,COwr_WSwadeId395,,,Otero,4326,,,,,,,,,POD,Ustick Well No 1,1708320,,Well,CO,,coD50405,,47030.0
Incomplete or bad entry for Latitude,,,COwr_WSwadeId395,,,Otero,4326,,,,,,,,,POD,Wilson Well,1708348,,Well,CO,,coD50095,,47057.0
Incomplete or bad entry for Latitude,,,COwr_WSwadeId655,,,Las Animas,4326,,,,,,,,,POD,Sporleder Spring No 2,1802053,,Spring,CO,,coD49649,,47218.0
Incomplete or bad entry for Latitude,,,COwr_WSwadeId646,,,Las Animas,4326,,,,,,,,,POD,Starkville Springs,1900878,,Spring,CO,,coD49502,,47655.0
Incomplete or bad entry for Latitude,,,COwr_WSwadeId434,,,Las Animas,4326,,,,,,,,,POD,Cimarron Ranch Aug Plan,1907000,,Augmentationreplacement Plan,CO,,"coD52101,coD51813",,48108.0
Incomplete or bad entry for Latitude,,,COwr_WSwadeId434,,,Las Animas,4326,,,,,,,,,POD,Ted Jackson Co Aug Pln,1907001,,Augmentationreplacement Plan,CO,,"coD51191,coD52337",,48109.0
Incomplete or bad entry for Latitude,,,COwr_WSwadeId434,,,Las Animas,4326,,,,,,,,,POD,Hill Ranch Aug Plan,1907003,,Augmentationreplacement Plan,CO,,coD51152,,48110.0
Incomplete or bad entry for Latitude,,,COwr_WSwadeId395,,Unable to spot,Las Animas,4326,,,,,,,,,POD,Spanish Peaks Well No 1,1908001,,Well,CO,,coD52249,,48112.0
Incomplete or bad entry for Latitude,,,COwr_WSwadeId395,,Unable to spot,Las Animas,4326,,,,,,,,,POD,Spanish Peaks Well No 14,1908014,,Well,CO,,coD52094,,48125.0
Incomplete or bad entry for Latitude,,,COwr_WSwadeId718,,,Rio Grande,4326,,,,,,,,,POD,Embargo Cr Min Flow,2001033,,Minimum Flow,CO,,coD51943,,48553.0
Incomplete or bad entry for Latitude,,,COwr_WSwadeId699,,,Rio Grande,4326,,,,,,,,,POD,Rgwua Recharge Project,2001675,,Other,CO,,coD51495,,48684.0
Incomplete or bad entry for Latitude,,,COwr_WSwadeId699,,Unable to spot,Costilla,4326,,,,,,,,,POD,Tres Rios No 3,2001702,,Ditch,CO,,coD51067,,48708.0
Incomplete or bad entry for Latitude,,,COwr_WSwadeId483,,,Mineral,4326,,,,,,,,,POD,Village D,2001708,,Ditch,CO,,"coD51904,coD52005,coD51405,coD52395",,48711.0
Incomplete or bad entry for Latitude,,,COwr_WSwadeId483,,,Mineral,4326,,,,,,,,,POD,Ski Area Pipeline,2001709,,Pipeline,CO,,"coD51315,coD51029,coD51679,coD51688,coD51942",,48712.0
Incomplete or bad entry for Latitude,,,COwr_WSwadeId483,,,Mineral,4326,,,,,,,,,POD,Ski Area Pipeline Apd,2001861,,Pipeline,CO,,"coD169355,coD170258,coD170149,coD169568,coD169647,coD169851",,48862.0
Incomplete or bad entry for Latitude,,,COwr_WSwadeId765,,Unable to spot,Hinsdale,4326,,,,,,,,,POD,Usfs Qp37J,2001963,,Minimum Flow,CO,,coD52017,,48955.0
Incomplete or bad entry for Latitude,,,COwr_WSwadeId699,,,,4326,,,,,,,,,POD,Broadacres Compound Irrigation Diversion Apd 1,2002113,,Ditch,CO,,coD158701,,49020.0
Incomplete or bad entry for Latitude,,,COwr_WSwadeId699,,,,4326,,,,,,,,,POD,Broadacres Compound Irrigation Diversion Apd 2,2002114,,Ditch,CO,,coD159814,,49021.0
Incomplete or bad entry for Latitude,,,COwr_WSwadeId483,,,Mineral,4326,,,,,,,,,POD,Village Pond,2003639,,Reservoir,CO,,"coD53319,coD51000,coD53220",,49106.0
Incomplete or bad entry for Latitude,,,COwr_WSwadeId778,,,Mineral,4326,,,,,,,,,POD,North Gallery,2006687,,Well,CO,,"coD54369,coD54867,coD55337",,50427.0
Incomplete or bad entry for Latitude,,,COwr_WSwadeId483,,,Mineral,4326,,,,,,,,,POD,South Gallery,2006688,,Other,CO,,"coD55440,coD54437,coD54834",,50428.0
Incomplete or bad entry for Latitude,,,COwr_WSwadeId434,,,Rio Grande,4326,,,,,,,,,POD,Del Norte Aug Plan,2007010,,Augmentationreplacement Plan,CO,,coD54355,,50437.0
Incomplete or bad entry for Latitude,,,COwr_WSwadeId434,,,,4326,,,,,,,,,POD,Creede 240 Llc Augmentation Plan,2007065,,Augmentationreplacement Plan,CO,,coD148041,,50448.0
Incomplete or bad entry for Latitude,,,COwr_WSwadeId434,,,,4326,,,,,,,,,POD,Expo Llc Aug Plan,2107005,,Augmentationreplacement Plan,CO,,coD164418,,57306.0
Incomplete or bad entry for Latitude,,,COwr_WSwadeId378,,Unable to spot,Conejos,4326,,,,,,,,,POD,Chino Spring,2200856,,Spring,CO,,coD60499,,57512.0
Incomplete or bad entry for Latitude,,,COwr_WSwadeId378,,Unable to spot,Conejos,4326,,,,,,,,,POD,Gallo Spring,2200867,,Spring,CO,,coD61668,,57523.0
Incomplete or bad entry for Latitude,,,COwr_WSwadeId378,,Unable to spot,Conejos,4326,,,,,,,,,POD,Gomez Spring,2200868,,Spring,CO,,coD62731,,57524.0
Incomplete or bad entry for Latitude,,,COwr_WSwadeId803,,,Archuleta,4326,,,,,,,,,POD,Native Lake,2203301,,Reservoir,CO,,coD61838,,57615.0
Incomplete or bad entry for Latitude,,,COwr_WSwadeId803,,,Archuleta,4326,,,,,,,,,POD,Brush Fence Lake,2203302,,Reservoir,CO,,coD61864,,57616.0
Incomplete or bad entry for Latitude,,,COwr_WSwadeId807,,,Archuleta,4326,,,,,,,,,POD,T J Ramsey Lake,2203303,,Reservoir,CO,,coD62263,,57617.0
Incomplete or bad entry for Latitude,,,COwr_WSwadeId803,,,Archuleta,4326,,,,,,,,,POD,Sexto Creek Lake,2203304,,Reservoir,CO,,coD62760,,57618.0
Incomplete or bad entry for Latitude,,,COwr_WSwadeId378,,Unable to spot,Conejos,4326,,,,,,,,,POD,Trail Lake,2203593,,Reservoir,CO,,coD36000,,57638.0
Incomplete or bad entry for Latitude,,,COwr_WSwadeId803,,,Archuleta,4326,,,,,,,,,POD,Clydes Corrals Reservoir,2203597,,Reservoir,CO,,"coD62764,coD61536",,57642.0
Incomplete or bad entry for Latitude,,,COwr_WSwadeId869,,,Costilla,4326,,,,,,,,,POD,Abundo Martinez D,2400609,,Ditch,CO,,coD64767,,61560.0
Incomplete or bad entry for Latitude,,,COwr_WSwadeId809,,Unable to spot,Costilla,4326,,,,,,,,,POD,W3262 Well No 01,2405350,,Well,CO,,coD66434,,61899.0
Incomplete or bad entry for Latitude,,,COwr_WSwadeId809,,Unable to spot,Costilla,4326,,,,,,,,,POD,W3386 Well No 02,2405359,,Well,CO,,coD66358,,61908.0
Incomplete or bad entry for Latitude,,,COwr_WSwadeId899,,Unable to spot,Saguache,4326,,,,,,,,,POD,Baca Grant 4 Irr D 6,2500510,,Ditch,CO,,coD66819,,61948.0
Incomplete or bad entry for Latitude,,,COwr_WSwadeId899,,Unable to spot,Saguache,4326,,,,,,,,,POD,Baca Grant 4 Irr D 7,2500511,,Ditch,CO,,coD67240,,61949.0
Incomplete or bad entry for Latitude,,,COwr_WSwadeId909,,,Saguache,4326,,,,,,,,,POD,Driscoll D 2,2500566,,Ditch,CO,,coD67334,,61991.0
Incomplete or bad entry for Latitude,,,COwr_WSwadeId863,,,Saguache,4326,,,,,,,,,POD,Kaufman D,2500611,,Ditch,CO,,coD64499,,62015.0
Incomplete or bad entry for Latitude,,,COwr_WSwadeId881,,Unable to spot,Saguache,4326,,,,,,,,,POD,Golden Treas Pond No 1,2500728,,Reservoir,CO,,coD66594,,62092.0
Incomplete or bad entry for Latitude,,,COwr_WSwadeId881,,Unable to spot,Saguache,4326,,,,,,,,,POD,Golden Treas Pond No 2,2500729,,Reservoir,CO,,coD66270,,62093.0
Incomplete or bad entry for Latitude,,,COwr_WSwadeId881,,Unable to spot,Saguache,4326,,,,,,,,,POD,Golden Treas Pond No 3,2500730,,Reservoir,CO,,coD67487,,62094.0
Incomplete or bad entry for Latitude,,,COwr_WSwadeId881,,Unable to spot,Saguache,4326,,,,,,,,,POD,Golden Treas Pond No 4,2500731,,Reservoir,CO,,coD66544,,62095.0
Incomplete or bad entry for Latitude,,,COwr_WSwadeId882,,Unable to spot,Saguache,4326,,,,,,,,,POD,Lindisfarne Pipeline,2500772,,Pipeline,CO,,coD67028,,62119.0
Incomplete or bad entry for Latitude,,,COwr_WSwadeId881,,Unable to spot,Saguache,4326,,,,,,,,,POD,Trail Spring,2500783,,Spring,CO,,coD66032,,62130.0
Incomplete or bad entry for Latitude,,,COwr_WSwadeId880,,Unable to spot,Saguache,4326,,,,,,,,,POD,South Crestone Ck Msf,2500824,,Minimum Flow,CO,,coD65487,,62169.0
Incomplete or bad entry for Latitude,,,COwr_WSwadeId329,,Unable to spot,Saguache,4326,,,,,,,,,POD,Cottonwood Ck Msf,2500825,,Minimum Flow,CO,,coD66926,,62170.0
Incomplete or bad entry for Latitude,,,COwr_WSwadeId2,,Unable to spot,Saguache,4326,,,,,,,,,POD,Willow Ck Msf,2500826,,Minimum Flow,CO,,coD66579,,62171.0
Incomplete or bad entry for Latitude,,,COwr_WSwadeId886,,,,4326,,,,,,,,,POD,Brewery Creek Isf,2502000,,Minimum Flow,CO,,coD154887,,62276.0
Incomplete or bad entry for Latitude,,,COwr_WSwadeId2,,Unable to spot,Saguache,4326,,,,,,,,,POD,Lower Willow Cr Lake,2503505,,Reservoir,CO,,coD66045,,62282.0
Incomplete or bad entry for Latitude,,,COwr_WSwadeId700,,Unable to spot,Saguache,4326,,,,,,,,,POD,W1189 Well No 11,2505202,,Well,CO,,coD67425,,62481.0
Incomplete or bad entry for Latitude,,,COwr_WSwadeId700,,Unable to spot,Saguache,4326,,,,,,,,,POD,W2057 Well No 21,2505327,,Well,CO,,coD66242,,62604.0
Incomplete or bad entry for Latitude,,,COwr_WSwadeId875,,,Saguache,4326,,,,,,,,,POD,Round Park Spring No 2,2600828,,Spring,CO,,coD68929,,63048.0
Incomplete or bad entry for Latitude,,,COwr_WSwadeId921,,,Saguache,4326,,,,,,,,,POD,Benino Cr Msf,2700560,,Minimum Flow,CO,,coD69568,,64387.0
Incomplete or bad entry for Latitude,,,COwr_WSwadeId921,,,Saguache,4326,,,,,,,,,POD,Groundhog Cr Msf,2700577,,Minimum Flow,CO,,coD70363,,64389.0
Incomplete or bad entry for Latitude,,,COwr_WSwadeId921,,,Saguache,4326,,,,,,,,,POD,La Garita Cr Msf,2700584,,Minimum Flow,CO,,coD69838,,64391.0
Incomplete or bad entry for Latitude,,,COwr_WSwadeId957,,Unable to spot,Archuleta,4326,,,,,,,,,POD,Keith Ditch,2900641,,Ditch,CO,,coD73255,,67204.0
Incomplete or bad entry for Latitude,,,COwr_WSwadeId1065,,,La Plata,4326,,,,,,,,,POD,Mountain Valley Ranch Well Field,3006406,,Well Group,CO,,coD146220,,69640.0
Incomplete or bad entry for Latitude,,,COwr_WSwadeId1022,,,,4326,,,,,,,,,POD,Hess Spring,3010066,,Spring,CO,,coD170309,,69706.0
Incomplete or bad entry for Latitude,,,COwr_WSwadeId659,,Unable to spot,Alamosa,4326,,,,,,,,,POD,Rgwcd Rechge Struct No 1,3500669,,Ditch,CO,,coD77828,,72091.0
Incomplete or bad entry for Latitude,,,COwr_WSwadeId1191,,Unable to spot,Costilla,4326,,,,,,,,,POD,91Cw020 Well No 01,3505094,,Well,CO,,coD78815,,72249.0
Incomplete or bad entry for Latitude,,,COwr_WSwadeId1292,,,Summit,4326,,,,,,,,,POD,Jeffrey Well,3605048,,Well,CO,,coD79782,,73322.0
Incomplete or bad entry for Latitude,,,COwr_WSwadeId581,,,,4326,,,,,,,,,POD,Hernage Creek Spring,3706168,,Spring,CO,,coD152999,,75634.0
Incomplete or bad entry for Latitude,,,COwr_WSwadeId1325,,,Pitkin,4326,,,,,,,,,POD,Mckenzie Ditch,3800889,,Ditch,CO,,coD81006,,76006.0
Incomplete or bad entry for Latitude,,,COwr_WSwadeId1386,,Unable to spot,Garfield,4326,,,,,,,,,POD,Twenty Peaks Sp 1 2 3 4,3801056,,Spring,CO,,coD85351,,76134.0
Incomplete or bad entry for Latitude,,,COwr_WSwadeId1228,,,Pitkin,4326,,,,,,,,,POD,Tenth Mtn Dv Sp D Hg 1,3801446,,Spring,CO,,coD85306,,76420.0
Incomplete or bad entry for Latitude,,,COwr_WSwadeId1228,,,Pitkin,4326,,,,,,,,,POD,Tenth Mtn Dv Sp D Hg 2,3801447,,Spring,CO,,coD84502,,76421.0
Incomplete or bad entry for Latitude,,,COwr_WSwadeId1228,,,Pitkin,4326,,,,,,,,,POD,Tenth Mtn Dv Sp D Hg 3,3801448,,Spring,CO,,coD84846,,76422.0
Incomplete or bad entry for Latitude,,,COwr_WSwadeId1386,,,Pitkin,4326,,,,,,,,,POD,Okanela Ditch System,3801824,,Ditch,CO,,coD86956,,76690.0
Incomplete or bad entry for Latitude,,,COwr_WSwadeId284,,,,4326,,,,,,,,,POD,Burdick Blue Creek Lateral Diversion,3802086,,Ditch,CO,,coD171094,,76878.0
Incomplete or bad entry for Latitude,,,COwr_WSwadeId1386,,,Pitkin,4326,,,,,,,,,POD,Hansen Pond,3804152,,Reservoir,CO,,coD84007,,77397.0
Incomplete or bad entry for Latitude,,,COwr_WSwadeId487,,,Pitkin,4326,,,,,,,,,POD,W Div Pr Four Mi C S3Mi,3804684,,Other,CO,,coD86826,,77631.0
Incomplete or bad entry for Latitude,,,COwr_WSwadeId1387,,,Pitkin,4326,,,,,,,,,POD,Avalanche Cnl Divr Sys2A,3805045,,Ditch,CO,,coD87936,,77677.0
Incomplete or bad entry for Latitude,,,COwr_WSwadeId1387,,,Pitkin,4326,,,,,,,,,POD,Avalanche Cnl Divr Sys2B,3805046,,Ditch,CO,,coD84008,,77678.0
Incomplete or bad entry for Latitude,,,COwr_WSwadeId1388,,,Pitkin,4326,,,,,,,,,POD,Cassidy Well,3805244,,Well,CO,,coD87652,,77843.0
Incomplete or bad entry for Latitude,,,COwr_WSwadeId1392,,,Gunnison,4326,,,,,,,,,POD,Commonwealth Spring,3805289,,Spring,CO,,coD87249,,77872.0
Incomplete or bad entry for Latitude,,,COwr_WSwadeId1388,,,Pitkin,4326,,,,,,,,,POD,Highland Bavarian Well,3805456,,Well,CO,,coD84009,,78009.0
Incomplete or bad entry for Latitude,,,COwr_WSwadeId1228,,,Pitkin,4326,,,,,,,,,POD,Shohet Spgs Coll Dist Sy,3805721,,Spring,CO,,coD87678,,78239.0
Incomplete or bad entry for Latitude,,,COwr_WSwadeId1388,,,Pitkin,4326,,,,,,,,,POD,Steinmetz Well No 1,3805788,,Well,CO,,coD87753,,78287.0
Incomplete or bad entry for Latitude,,,COwr_WSwadeId1388,,,Pitkin,4326,,,,,,,,,POD,Steinmetz Well No 2,3805789,,Well,CO,,coD86846,,78288.0
Incomplete or bad entry for Latitude,,,COwr_WSwadeId487,,,Garfield,4326,,,,,,,,,POD,Driveway Spring No 2,3806053,,Spring,CO,,coD85951,,78504.0
Incomplete or bad entry for Latitude,,,COwr_WSwadeId1399,,,Garfield,4326,,,,,,,,,POD,Fisher Creek Spring No 1,3806054,,Spring,CO,,coD87790,,78505.0
Incomplete or bad entry for Latitude,,,COwr_WSwadeId1402,,Unable to spot,Pitkin,4326,,,,,,,,,POD,Tybar Spring No 1,3806296,,Spring,CO,,coD85648,,78667.0
Incomplete or bad entry for Latitude,,,COwr_WSwadeId247,,,Garfield,4326,,,,,,,,,POD,Hayley Spring,3806315,,Spring,CO,,coD86443,,78683.0
Incomplete or bad entry for Latitude,,,COwr_WSwadeId247,,,Garfield,4326,,,,,,,,,POD,Moochie Spring,3806316,,Spring,CO,,coD81008,,78684.0
Incomplete or bad entry for Latitude,,,COwr_WSwadeId1453,,,Pitkin,4326,,,,,,,,,POD,Lee'S Well,3806318,,Well,CO,,coD87512,,78686.0
Incomplete or bad entry for Latitude,,,COwr_WSwadeId1453,,,Pitkin,4326,,,,,,,,,POD,Loeschen House Well,3806321,,Well,CO,,coD88294,,78689.0
Incomplete or bad entry for Latitude,,,COwr_WSwadeId1228,,,Pitkin,4326,,,,,,,,,POD,Cristy Spring,3806322,,Spring,CO,,coD87220,,78690.0
Incomplete or bad entry for Latitude,,,COwr_WSwadeId1448,,,Eagle,4326,,,,,,,,,POD,Sahula Well,3806341,,Well,CO,,coD88382,,78705.0
Incomplete or bad entry for Latitude,,,COwr_WSwadeId1453,,,Pitkin,4326,,,,,,,,,POD,Anthes Well,3806343,,Well,CO,,coD87688,,78706.0
Incomplete or bad entry for Latitude,,,COwr_WSwadeId1448,,Unable to spot,Pitkin,4326,,,,,,,,,POD,Eash Well No 1,3806355,,Well,CO,,coD87728,,78717.0
Incomplete or bad entry for Latitude,,,COwr_WSwadeId1399,,Unable to spot,Eagle,4326,,,,,,,,,POD,Bowers Gul 1 Spring,3806828,,Spring,CO,,coD91209,,79052.0
Incomplete or bad entry for Latitude,,,COwr_WSwadeId1386,,,,4326,,,,,,,,,POD,Hvf Greenhouse Pump Pipeline,3808824,,Pump,CO,,coD166727,,79533.0
Incomplete or bad entry for Latitude,,,COwr_WSwadeId1238,,,,4326,,,,,,,,,POD,Deerfield Depletion Reach,3809043,,Reach,CO,,coD164353,,79537.0
Incomplete or bad entry for Latitude,,,COwr_WSwadeId1388,,,,4326,,,,,,,,,POD,Teller Springs Well No 4,3815173,,Well,CO,,coD143284,,79790.0
Incomplete or bad entry for Latitude,,,COwr_WSwadeId1388,,,,4326,,,,,,,,,POD,Teller Springs Well No 5,3815174,,Well,CO,,coD142021,,79791.0
Incomplete or bad entry for Latitude,,,COwr_WSwadeId1553,,,,4326,,,,,,,,,POD,Marcott Creek Emergency Inlet,4003139,,Pipeline,CO,,coD163501,,83532.0
Incomplete or bad entry for Latitude,,,COwr_WSwadeId1553,,,,4326,,,,,,,,,POD,Surface Creek Inlet,4003140,,Pipeline,CO,,coD163249,,83533.0
Incomplete or bad entry for Latitude,,,COwr_WSwadeId1378,,,,4326,,,,,,,,,POD,Grace Spring,4003165,,Spring,CO,,coD164700,,83537.0
Incomplete or bad entry for Latitude,,,COwr_WSwadeId1378,,,,4326,,,,,,,,,POD,Providence Spring,4003166,,Spring,CO,,coD165636,,83538.0
Incomplete or bad entry for Latitude,,,COwr_WSwadeId1661,,,,4326,,,,,,,,,POD,Cottonwood Spring,4101220,,Spring,CO,,coD165070,,86285.0
Incomplete or bad entry for Latitude,,,COwr_WSwadeId1660,,,,4326,,,,,,,,,POD,Wilsondavis Ditch,4101234,,Ditch,CO,,coD167542,,86296.0
Incomplete or bad entry for Latitude,,,COwr_WSwadeId1816,,Unable to spot,Rio Blanco,4326,,,,,,,,,POD,Ripplecrres,4302824,,Spring,CO,,"coD100427,coD100773",,89488.0
Incomplete or bad entry for Latitude,,,COwr_WSwadeId1389,,,Rio Blanco,4326,,,,,,,,,POD,Sfkmeadws1,4303065,,Spring,CO,,coD100728,,89729.0
Incomplete or bad entry for Latitude,,,COwr_WSwadeId1821,,,Rio Blanco,4326,,,,,,,,,POD,Dividepond,4303068,,Spring,CO,,coD101229,,89732.0
Incomplete or bad entry for Latitude,,,COwr_WSwadeId237,,,Rio Blanco,4326,,,,,,,,,POD,Si350Indc,4303070,,Spring,CO,,coD100709,,89734.0
Incomplete or bad entry for Latitude,,,COwr_WSwadeId1719,,,Garfield,4326,,,,,,,,,POD,Chinesewall,4303090,,Spring,CO,,coD100023,,89754.0
Incomplete or bad entry for Latitude,,,COwr_WSwadeId1719,,,Garfield,4326,,,,,,,,,POD,Sispond,4303092,,Spring,CO,,coD101107,,89756.0
Incomplete or bad entry for Latitude,,,COwr_WSwadeId1816,,,Garfield,4326,,,,,,,,,POD,Prospect,4303094,,Spring,CO,,coD100281,,89758.0
Incomplete or bad entry for Latitude,,,COwr_WSwadeId1816,,,Garfield,4326,,,,,,,,,POD,Overlook,4303096,,Spring,CO,,coD101014,,89760.0
Incomplete or bad entry for Latitude,,,COwr_WSwadeId1719,,,Garfield,4326,,,,,,,,,POD,Himesprcg,4303111,,Spring,CO,,coD100243,,89775.0
Incomplete or bad entry for Latitude,,,COwr_WSwadeId1766,,,Garfield,4326,,,,,,,,,POD,Si24Bigfi C,4303113,,Spring,CO,,coD101206,,89777.0
Incomplete or bad entry for Latitude,,,COwr_WSwadeId1766,,,Garfield,4326,,,,,,,,,POD,Si255Bigfil,4303114,,Spring,CO,,coD100030,,89778.0
Incomplete or bad entry for Latitude,,,COwr_WSwadeId1719,,,Garfield,4326,,,,,,,,,POD,Si27Lwoods,4303115,,Spring,CO,,coD100210,,89779.0
Incomplete or bad entry for Latitude,,,COwr_WSwadeId1766,,,Garfield,4326,,,,,,,,,POD,Si26Bigfishcr,4303116,,Spring,CO,,coD100618,,89780.0
Incomplete or bad entry for Latitude,,,COwr_WSwadeId1767,,,Garfield,4326,,,,,,,,,POD,Si28Skinf 1,4303117,,Spring,CO,,coD100926,,89781.0
Incomplete or bad entry for Latitude,,,COwr_WSwadeId1767,,,Garfield,4326,,,,,,,,,POD,Si29Skinf 2,4303118,,Spring,CO,,coD101230,,89782.0
Incomplete or bad entry for Latitude,,,COwr_WSwadeId30,,,Rio Blanco,4326,,,,,,,,,POD,Pagodalk,4303119,,Spring,CO,,coD100140,,89783.0
Incomplete or bad entry for Latitude,,,COwr_WSwadeId1816,,,Garfield,4326,,,,,,,,,POD,Pagodalk,4303120,,Spring,CO,,coD100540,,89784.0
Incomplete or bad entry for Latitude,,,COwr_WSwadeId1389,,,Rio Blanco,4326,,,,,,,,,POD,Slidelake,4303121,,Spring,CO,,coD100483,,89785.0
Incomplete or bad entry for Latitude,,,COwr_WSwadeId1389,,,Rio Blanco,4326,,,,,,,,,POD,Nelsoncowc,4303124,,Spring,CO,,coD101463,,89788.0
Incomplete or bad entry for Latitude,,,COwr_WSwadeId1745,,,,4326,,,,,,,,,POD,Lynx Pond,4303330,,Reservoir,CO,,"coD167791,coD168612",,89945.0
Incomplete or bad entry for Latitude,,,COwr_WSwadeId1838,,,,4326,,,,,,,,,POD,Piceance Creek Well Ap Temp,4305127,,Well,CO,,coD169679,,90436.0
Incomplete or bad entry for Latitude,,,COwr_WSwadeId164,,,,4326,,,,,,,,,POD,Ryan Gulch Exchange,4308002,,Exchange Plan,CO,,coD160635,,90574.0
Incomplete or bad entry for Latitude,,,COwr_WSwadeId1817,,,Moffat,4326,,,,,,,,,POD,Burnspond,4402430,,Spring,CO,,coD103009,,92300.0
Incomplete or bad entry for Latitude,,,COwr_WSwadeId1817,,,Moffat,4326,,,,,,,,,POD,Benchpond,4402431,,Spring,CO,,coD104602,,92301.0
Incomplete or bad entry for Latitude,,,COwr_WSwadeId1489,,,,4326,,,,,,,,,POD,Paris Pump And Pipe,4501186,,Pump,CO,,coD159022,,94557.0
Incomplete or bad entry for Latitude,,,COwr_WSwadeId1495,,,Garfield,4326,,,,,,,,,POD,Evans Well No 1,4505065,,Well,CO,,coD148786,,94797.0
Incomplete or bad entry for Latitude,,,COwr_WSwadeId1932,,,,4326,,,,,,,,,POD,Hangs Spring,4505651,,Spring,CO,,"coD168019,coD167110",,95271.0
Incomplete or bad entry for Latitude,,,COwr_WSwadeId434,,,,4326,,,,,,,,,POD,Metcalf Aug Plan,4517030,,Augmentationreplacement Plan,CO,,coD148704,,95321.0
Incomplete or bad entry for Latitude,,,COwr_WSwadeId2132,,,Jackson,4326,,,,,,,,,POD,Antelope Well No 1,4705051,,Well,CO,,coD109247,,96602.0
Incomplete or bad entry for Latitude,,,COwr_WSwadeId2120,,"Spotted from quarters,Spotted from section lines",Larimer,4326,,,,,"40.804837,40.802268","-105.931537,-105.932357",,,POD,Talmage Ditch 2,4800543,,Ditch,CO,,"coD109106,coD171195","40.804837,40.802268",96683.0
Incomplete or bad entry for Latitude,,,COwr_WSwadeId42,,,,4326,,,,,,,,,POD,Chipmunk Stockpit,5303610,,Reservoir,CO,,coD157010,,100189.0
Incomplete or bad entry for Latitude,,,COwr_WSwadeId2219,,,Garfield,4326,,,,,,,,,POD,Stephens Spring Pl,5305171,,Pipeline,CO,,coD113895,,100445.0
Incomplete or bad entry for Latitude,,,COwr_WSwadeId777,,,Routt,4326,,,,,,,,,POD,Gary Horn No 1 Well,5305172,,Well,CO,,coD110502,,100446.0
Incomplete or bad entry for Latitude,,,COwr_WSwadeId2219,,Unable to spot,Garfield,4326,,,,,,,,,POD,Bear Pk Spring,5305289,,Spring,CO,,coD113941,,100527.0
Incomplete or bad entry for Latitude,,,COwr_WSwadeId2219,,Unable to spot,Garfield,4326,,,,,,,,,POD,L Elk Mds Spring,5305343,,Spring,CO,,coD114789,,100581.0
Incomplete or bad entry for Latitude,,,COwr_WSwadeId2219,,Unable to spot,Garfield,4326,,,,,,,,,POD,Prospect Rgs Spring,5305362,,Spring,CO,,coD114636,,100600.0
Incomplete or bad entry for Latitude,,,COwr_WSwadeId524,,,,4326,,,,,,,,,POD,Slater Creek Lower Msf,5402008,,Minimum Flow,CO,,coD151007,,101066.0
Incomplete or bad entry for Latitude,,,COwr_WSwadeId2283,,,Moffat,4326,,,,,,,,,POD,Spruce Sp,5405075,,Reservoir,CO,,coD115657,,101393.0
Incomplete or bad entry for Latitude,,,COwr_WSwadeId327,,,,4326,,,,,,,,,POD,Sheriff,5700764,,Spring,CO,,coD143501,,102940.0
Incomplete or bad entry for Latitude,,,COwr_WSwadeId1628,,,Routt,4326,,,,,,,,,POD,Top Cg,5802680,,Spring,CO,,coD120580,,105533.0
Incomplete or bad entry for Latitude,,,COwr_WSwadeId1628,,,Routt,4326,,,,,,,,,POD,Sunshine,5802707,,Spring,CO,,coD120957,,105560.0
Incomplete or bad entry for Latitude,,,COwr_WSwadeId1913,,,,4326,,,,,,,,,POD,Barnes Spring No 3 Ap 1,5803071,,Well,CO,,coD170144,,105780.0
Incomplete or bad entry for Latitude,,,COwr_WSwadeId1913,,,,4326,,,,,,,,,POD,Barnes Spring No 3 Ap 2,5803072,,Well,CO,,coD170085,,105781.0
Incomplete or bad entry for Latitude,,,COwr_WSwadeId434,,,,4326,,,,,,,,,POD,Timbers Aug Plan,5807024,,Augmentationreplacement Plan,CO,,coD143682,,106556.0
Incomplete or bad entry for Latitude,,,COwr_WSwadeId2591,,Unable to spot,San Miguel,4326,,,,,,,,,POD,Eastwood Spring,6001669,,Spring,CO,,coD124814,,109685.0
Incomplete or bad entry for Latitude,,,COwr_WSwadeId2644,,,,4326,,,,,,,,,POD,San Juan Vista Well No 59,6005321,,Well,CO,,"coD171066,coD170908",,110749.0
Incomplete or bad entry for Latitude,,,COwr_WSwadeId430,,,Hinsdale,4326,,,,,,,,,POD,Madera Pipeline,6200665,,Pipeline,CO,,coD126226,,111535.0
Incomplete or bad entry for Latitude,,,COwr_WSwadeId2661,,,Gunnison,4326,,,,,,,,,POD,Workman Spg Ditch,6200804,,Ditch,CO,,coD125929,,111647.0
Incomplete or bad entry for Latitude,,,COwr_WSwadeId2661,,,Gunnison,4326,,,,,,,,,POD,Burkey Spg Pl No 10,6200889,,Spring,CO,,coD126236,,111722.0
Incomplete or bad entry for Latitude,,,COwr_WSwadeId2661,,,Gunnison,4326,,,,,,,,,POD,Burkey Spg Pond No 11,6200890,,Reservoir,CO,,coD126290,,111723.0
Incomplete or bad entry for Latitude,,,COwr_WSwadeId33,,,,4326,,,,,,,,,POD,Ashleigh Spring,6300828,,Spring,CO,,coD165724,,113554.0
Incomplete or bad entry for Latitude,,,COwr_WSwadeId33,,,,4326,,,,,,,,,POD,Alyssa Spring,6300829,,Spring,CO,,coD143591,,113555.0
Incomplete or bad entry for Latitude,,,COwr_WSwadeId33,,,,4326,,,,,,,,,POD,Tyson Pond,6300830,,Reservoir,CO,,coD165113,,113556.0
Incomplete or bad entry for Latitude,,,COwr_WSwadeId1,,,Sedgwick,4326,,,,,,,,,POD,Russell Sidebotham Ditch,6400624,,Ditch,CO,,coD127828,,113866.0
Incomplete or bad entry for Latitude,,,COwr_WSwadeId2706,,,Logan,4326,,,,,,,,,POD,North Sterling Pawnee Cr,6400685,,Ditch,CO,,coD127008,,113877.0
Incomplete or bad entry for Latitude,,,COwr_WSwadeId2751,,Unable to spot,Baca,4326,,,,,,,,,POD,Usfs Spring Fs262596,6602010,,Spring,CO,,coD130759,,115767.0
Incomplete or bad entry for Latitude,,,COwr_WSwadeId2751,,Unable to spot,Baca,4326,,,,,,,,,POD,Usfs Spring Fs262607,6602021,,Spring,CO,,coD130438,,115778.0
Incomplete or bad entry for Latitude,,,COwr_WSwadeId2669,,Unable to spot,Baca,4326,,,,,,,,,POD,Usfs Spring Fs262612,6602024,,Spring,CO,,coD131308,,115781.0
Incomplete or bad entry for Latitude,,,COwr_WSwadeId2669,,Unable to spot,Baca,4326,,,,,,,,,POD,Usfs Spring Fs262645,6602028,,Pipeline,CO,,coD131238,,115785.0
Incomplete or bad entry for Latitude,,,COwr_WSwadeId2751,,Unable to spot,Baca,4326,,,,,,,,,POD,Usfs Pond 2A Pit 11,6603510,,Reservoir,CO,,coD131118,,115829.0
Incomplete or bad entry for Latitude,,,COwr_WSwadeId2751,,Unable to spot,Baca,4326,,,,,,,,,POD,Usfs Pond Fs262556,6603592,,Reservoir,CO,,coD130845,,115911.0
Incomplete or bad entry for Latitude,,,COwr_WSwadeId411,,,,4326,,,,,,,,,POD,Seepage Ditch Pump No 1,6702025,,Spring,CO,,coD131454,,116166.0
Incomplete or bad entry for Latitude,,,COwr_WSwadeId411,,,,4326,,,,,,,,,POD,Seepage Ditch Pump No 2,6702026,,Spring,CO,,coD130968,,116167.0
Incomplete or bad entry for Latitude,,,COwr_WSwadeId411,,,,4326,,,,,,,,,POD,Hass Spring No 1,6702028,,Spring,CO,,coD130549,,116169.0
Incomplete or bad entry for Latitude,,,COwr_WSwadeId395,,,Baca,4326,,,,,,,,,POD,R R Rutherford Well No 2,6706334,,Well,CO,,coD142956,,117393.0
Incomplete or bad entry for Latitude,,,COwr_WSwadeId395,,,Prowers,4326,,,,,,,,,POD,Mccormick Well No 9,6708185,,Well,CO,,coD132410,,117722.0
Incomplete or bad entry for Latitude,,,COwr_WSwadeId395,,,Prowers,4326,,,,,,,,,POD,Williams Well No 4,6708619,,Well,CO,,coD132709,,118151.0
Incomplete or bad entry for Latitude,,,COwr_WSwadeId395,,,Bent,4326,,,,,,,,,POD,Union Pacific Rr Well,6708683,,Well,CO,,coD132170,,118160.0
Incomplete or bad entry for Latitude,,,COwr_WSwadeId2662,,Unable to spot,Mesa,4326,,,,,,,,,POD,Ruth Mtn Reservoir,7203662,,Reservoir,CO,,coD137376,,121284.0
Incomplete or bad entry for Latitude,,,COwr_WSwadeId569,,,Huerfano,4326,,,,,,,,,POD,Goose Ranch Reservoir,7903707,,Reservoir,CO,,coD139041,,123491.0
Incomplete or bad entry for Latitude,,,COwr_WSwadeId877,,Unable to spot,Park,4326,,,,,,,,,POD,Henry Well 1,8005179,,Well,CO,,coD140412,,124398.0
Unused Site Record,COwr_S1405143,,COwr_WSwadeId395,WaDE Blank,GPS,Pueblo,4326,,,,,38.259566,-104.393911,,,POD,Solada Well No 2,1405143,,Well,CO,,"coD44661,coD171202",,0.0
Unused Site Record,COwr_S1405144,,COwr_WSwadeId395,WaDE Blank,GPS,Pueblo,4326,,,,,38.25962,-104.39215,,,POD,Solada Well No 3,1405144,,Well,CO,,"coD44136,coD171205",,1.0
