VariableSpecificUUID,AggregationInterval,AggregationIntervalUnitCV,AggregationStatisticCV,AmountUnitCV,MaximumAmountUnitCV,ReportYearStartMonth,ReportYearTypeCV,VariableCV,VariableSpecificCV
COwr_V1,1,Day,Average,CFS,AF,11,WaterYear,Allocation,Allocation
COwr_V2,1,Monthly,Average,AF,AF,1,CalendarYear,Discharge Flow,Discharge Flow_Monthly_Agriculture Irrigation_Surface Water
COwr_V3,1,Monthly,Average,AF,AF,1,CalendarYear,Discharge Flow,Discharge Flow_Monthly_Agriculture Irrigation_Groundwater
COwr_V4,2,Monthly,Average,AF,AF,2,CalendarYear,Discharge Flow,Discharge Flow_Monthly_Commercial/Industrial_Groundwater
COwr_V5,3,Monthly,Average,AF,AF,3,CalendarYear,Discharge Flow,Discharge Flow_Monthly_In-Stream Flow_Surface Water
COwr_V6,4,Monthly,Average,AF,AF,4,CalendarYear,Discharge Flow,Discharge Flow_Monthly_Reservoir Storage_Surface Water
COwr_V7,5,Monthly,Average,AF,AF,5,CalendarYear,Discharge Flow,Discharge Flow_Monthly_Livestock_Groundwater
COwr_V8,6,Monthly,Average,AF,AF,6,CalendarYear,Discharge Flow,Discharge Flow_Monthly_Aquifer Recharge_Surface Water
COwr_V9,7,Monthly,Average,AF,AF,7,CalendarYear,Discharge Flow,Discharge Flow_Monthly_Livestock_Surface Water
COwr_V10,8,Monthly,Average,AF,AF,8,CalendarYear,Discharge Flow,Discharge Flow_Monthly_Aquaculture_Surface Water
COwr_V11,9,Monthly,Average,AF,AF,9,CalendarYear,Discharge Flow,Discharge Flow_Monthly_Unspecified_Groundwater
COwr_V12,10,Monthly,Average,AF,AF,10,CalendarYear,Discharge Flow,Discharge Flow_Monthly_Domestic_Groundwater
COwr_V13,11,Monthly,Average,AF,AF,11,CalendarYear,Discharge Flow,Discharge Flow_Monthly_Aquaculture_Groundwater
COwr_V14,12,Monthly,Average,AF,AF,12,CalendarYear,Discharge Flow,Discharge Flow_Monthly_Public Supply_Groundwater
COwr_V15,13,Monthly,Average,AF,AF,13,CalendarYear,Discharge Flow,Discharge Flow_Monthly_Domestic_Surface Water
COwr_V16,14,Monthly,Average,AF,AF,14,CalendarYear,Discharge Flow,Discharge Flow_Monthly_Commercial/Industrial_Surface Water
COwr_V17,15,Monthly,Average,AF,AF,15,CalendarYear,Discharge Flow,Discharge Flow_Monthly_Recreation_Surface Water
COwr_V18,16,Monthly,Average,AF,AF,16,CalendarYear,Discharge Flow,Discharge Flow_Monthly_Unspecified_Surface Water
COwr_V19,17,Monthly,Average,AF,AF,17,CalendarYear,Discharge Flow,Discharge Flow_Monthly_Public Supply_Surface Water
COwr_V20,18,Monthly,Average,AF,AF,18,CalendarYear,Discharge Flow,Discharge Flow_Monthly_Reservoir Storage_Groundwater
COwr_V21,19,Monthly,Average,AF,AF,19,CalendarYear,Discharge Flow,Discharge Flow_Monthly_Aquifer Recharge_Groundwater
COwr_V22,20,Monthly,Average,AF,AF,20,CalendarYear,Discharge Flow,Discharge Flow_Monthly_Other_Groundwater
COwr_V23,21,Monthly,Average,AF,AF,21,CalendarYear,Discharge Flow,Discharge Flow_Monthly_Other_Surface Water
COwr_V24,22,Monthly,Average,AF,AF,22,CalendarYear,Discharge Flow,Discharge Flow_Monthly_Recreation_Groundwater
COwr_V25,23,Monthly,Average,AF,AF,23,CalendarYear,Discharge Flow,Discharge Flow_Monthly_In-Stream Flow_Groundwater
COwr_V26,24,Monthly,Average,AF,AF,24,CalendarYear,Discharge Flow,Discharge Flow_Monthly_Fire_Groundwater
COwr_V27,25,Monthly,Average,AF,AF,25,CalendarYear,Discharge Flow,Discharge Flow_Monthly_Fire_Surface Water
COwr_V28,26,Monthly,Average,AF,AF,26,CalendarYear,Discharge Flow,Discharge Flow_Monthly_Hydroelectric_Surface Water
COwr_V29,27,Monthly,Average,AF,AF,27,CalendarYear,Discharge Flow,Discharge Flow_Monthly_Hydroelectric_Groundwater
COwr_V30,28,Monthly,Average,AF,AF,28,CalendarYear,Discharge Flow,Discharge Flow_Monthly_Snow_Surface Water
COwr_V31,29,Monthly,Average,AF,AF,29,CalendarYear,Discharge Flow,Discharge Flow_Monthly_Geothermal_Surface Water
COwr_V32,30,Monthly,Average,AF,AF,30,CalendarYear,Discharge Flow,Discharge Flow_Monthly_Geothermal_Groundwater
COwr_V33,31,Monthly,Average,AF,AF,31,CalendarYear,Discharge Flow,Discharge Flow_Monthly_Snow_Groundwater
COwr_V34,32,Monthly,Average,AF,AF,32,CalendarYear,Discharge Flow,Discharge Flow_Monthly_Unspecified_Wade Blank
COwr_V35,33,Monthly,Average,AF,AF,33,CalendarYear,Discharge Flow,Discharge Flow_Monthly_Agriculture Irrigation_Wade Blank
COwr_V36,34,Monthly,Average,AF,AF,34,CalendarYear,Discharge Flow,Discharge Flow_Monthly_Aquaculture_Wade Blank
