ReasonRemoved,AllocationUUID,MethodUUID,OrganizationUUID,SiteUUID,VariableSpecificUUID,AllocationApplicationDate,AllocationAssociatedConsumptiveUseSiteIDs,AllocationAssociatedWithdrawalSiteIDs,AllocationBasisCV,AllocationChangeApplicationIndicator,AllocationCommunityWaterSupplySystem,AllocationCropDutyAmount,AllocationExpirationDate,AllocationFlow_CFS,AllocationLegalStatusCV,AllocationNativeID,AllocationOwner,AllocationPriorityDate,AllocationSDWISIdentifierCV,AllocationTimeframeEnd,AllocationTimeframeStart,AllocationTypeCV,AllocationVolume_AF,BeneficialUseCategory,CommunityWaterSupplySystem,CropTypeCV,CustomerTypeCV,DataPublicationDate,DataPublicationDOI,ExemptOfVolumeFlowPriority,GeneratedPowerCapacityMW,IrrigatedAcreage,IrrigationMethodCV,LegacyAllocationIDs,OwnerClassificationCV,PopulationServed,PowerType,PrimaryBeneficialUseCategory,WaterAllocationNativeURL,WaDEUUID,IncompleteField,index
Incomplete or bad entry for SiteUUID,,COwr_M1,COwr_O1,,COwr_V1,,,,,,,,,3.94,Absolute,11049.0-0-C-500955,,1880-04-01,,12/31,01/01,,,Irrigation,,,,02/01/2024,,0,,,,,Private,,,Agriculture Irrigation,https://dwr.state.co.us/Tools/WaterRights/NetAmounts/1485113,coD18520,,1167.0
Incomplete or bad entry for SiteUUID,,COwr_M1,COwr_O1,,COwr_V1,,,,,,,,,,Conditional Absolute,11674.0-0-C-4003139,,1881-12-17,,12/31,01/01,,,"Irrigation,Power Generation",,,,02/01/2024,,0,,,,,Private,,,Agriculture Irrigation,https://dwr.state.co.us/Tools/WaterRights/NetAmounts/1588875,coD163501,,2451.0
Incomplete or bad entry for SiteUUID,,COwr_M1,COwr_O1,,COwr_V1,,,,,,,,,,Conditional Absolute,11674.0-0-C-4003140,,1881-12-17,,12/31,01/01,,,"Irrigation,Power Generation",,,,02/01/2024,,0,,,,,Private,,,Agriculture Irrigation,https://dwr.state.co.us/Tools/WaterRights/NetAmounts/1588876,coD163249,,2452.0
Incomplete or bad entry for SiteUUID,,COwr_M1,COwr_O1,,COwr_V1,,,,,,,,,1.0,Absolute,12183.0-0-C-2500611,,1883-05-10,,12/31,01/01,,,Irrigation,,,,02/01/2024,,0,,,,,Private,,,Agriculture Irrigation,https://dwr.state.co.us/Tools/WaterRights/NetAmounts/1551366,coD64499,,3410.0
Incomplete or bad entry for SiteUUID,,COwr_M1,COwr_O1,,COwr_V1,,,,,,,,,0.184,Absolute,12204.0-0-C-1207008,,1883-05-31,,12/31,01/01,,,Augmentation,,,,02/01/2024,,0,,,,,Private,,,Unspecified,https://dwr.state.co.us/Tools/WaterRights/NetAmounts/1523526,coD43503,,3517.0
Incomplete or bad entry for SiteUUID,,COwr_M1,COwr_O1,,COwr_V1,,,,,,,,,1.83,Absolute,12853.0-0-C-4101234,,1885-03-10,,12/31,01/01,,,Irrigation,,,,02/01/2024,,0,,,,,Private,,,Agriculture Irrigation,https://dwr.state.co.us/Tools/WaterRights/NetAmounts/1594454,coD167542,,4884.0
Incomplete or bad entry for SiteUUID,,COwr_M1,COwr_O1,,COwr_V1,,,,,,,,,,Conditional Absolute,13342.0-0-C-4305127,,1886-07-12,,12/31,01/01,,,Industrial,,,,02/01/2024,,0,,,,,Private,,,Commercial/Industrial,https://dwr.state.co.us/Tools/WaterRights/NetAmounts/1859383,coD169679,,6100.0
Incomplete or bad entry for SiteUUID,,COwr_M1,COwr_O1,,COwr_V1,,,,,,,,,,Absolute,13685.0-0-A-6005321,,1887-06-20,,12/31,01/01,,0.2,Domestic,,,,02/01/2024,,0,,,,,Private,,,Domestic,https://dwr.state.co.us/Tools/WaterRights/NetAmounts/1929595,coD171066,,7079.0
Incomplete or bad entry for SiteUUID,,COwr_M1,COwr_O1,,COwr_V1,,,,,,,,,0.0156,Absolute,13685.0-0-C-6005321,,1887-06-20,,12/31,01/01,,,Domestic,,,,02/01/2024,,0,,,,,Private,,,Domestic,https://dwr.state.co.us/Tools/WaterRights/NetAmounts/1929594,coD170908,,7139.0
Incomplete or bad entry for SiteUUID,,COwr_M1,COwr_O1,,COwr_V1,,,,,,,,,,Absolute,15013.0-0-A-1403527,,1891-02-07,,12/31,01/01,,883.8384,Irrigation,,,,02/01/2024,,0,,,,,Private,,,Agriculture Irrigation,https://dwr.state.co.us/Tools/WaterRights/NetAmounts/1525910,coD43507,,10055.0
Incomplete or bad entry for SiteUUID,,COwr_M1,COwr_O1,,COwr_V1,,,,,,,,,0.67,Absolute,15127.0-0-C-5807024,,1891-06-01,,12/31,01/01,,,"Irrigation,Municipal,Commercial,Recreation,Domestic",,,,02/01/2024,,0,,,,,Private,,,Agriculture Irrigation,https://dwr.state.co.us/Tools/WaterRights/NetAmounts/1625219,coD143682,,10151.0
Incomplete or bad entry for SiteUUID,,COwr_M1,COwr_O1,,COwr_V1,,,,,,,,,,Absolute,15264.0-0-A-4303119,,1891-10-16,,12/31,01/01,,0.002,Federal Reserved,,,,02/01/2024,,0,,,,,Private,,,Other,https://dwr.state.co.us/Tools/WaterRights/NetAmounts/1599842,coD100140,,10263.0
Incomplete or bad entry for SiteUUID,,COwr_M1,COwr_O1,,COwr_V1,,,,,,,,,0.005,Absolute,15264.0-0-C-4302824,,1891-10-16,,12/31,01/01,,,Federal Reserved,,,,02/01/2024,,0,,,,,Private,,,Other,https://dwr.state.co.us/Tools/WaterRights/NetAmounts/1599340,coD100427,,10447.0
Incomplete or bad entry for SiteUUID,,COwr_M1,COwr_O1,,COwr_V1,,,,,,,,,0.007,Absolute,15264.0-0-C-4303065,,1891-10-16,,12/31,01/01,,,Federal Reserved,,,,02/01/2024,,0,,,,,Private,,,Other,https://dwr.state.co.us/Tools/WaterRights/NetAmounts/1599788,coD100728,,10675.0
Incomplete or bad entry for SiteUUID,,COwr_M1,COwr_O1,,COwr_V1,,,,,,,,,0.003,Absolute,15264.0-0-C-4303068,,1891-10-16,,12/31,01/01,,,Federal Reserved,,,,02/01/2024,,0,,,,,Private,,,Other,https://dwr.state.co.us/Tools/WaterRights/NetAmounts/1599791,coD101229,,10677.0
Incomplete or bad entry for SiteUUID,,COwr_M1,COwr_O1,,COwr_V1,,,,,,,,,0.007,Absolute,15264.0-0-C-4303070,,1891-10-16,,12/31,01/01,,,Federal Reserved,,,,02/01/2024,,0,,,,,Private,,,Other,https://dwr.state.co.us/Tools/WaterRights/NetAmounts/1599793,coD100709,,10679.0
Incomplete or bad entry for SiteUUID,,COwr_M1,COwr_O1,,COwr_V1,,,,,,,,,0.002,Absolute,15264.0-0-C-4303090,,1891-10-16,,12/31,01/01,,,Federal Reserved,,,,02/01/2024,,0,,,,,Private,,,Other,https://dwr.state.co.us/Tools/WaterRights/NetAmounts/1599813,coD100023,,10699.0
Incomplete or bad entry for SiteUUID,,COwr_M1,COwr_O1,,COwr_V1,,,,,,,,,0.002,Absolute,15264.0-0-C-4303092,,1891-10-16,,12/31,01/01,,,Federal Reserved,,,,02/01/2024,,0,,,,,Private,,,Other,https://dwr.state.co.us/Tools/WaterRights/NetAmounts/1599815,coD101107,,10701.0
Incomplete or bad entry for SiteUUID,,COwr_M1,COwr_O1,,COwr_V1,,,,,,,,,0.002,Absolute,15264.0-0-C-4303094,,1891-10-16,,12/31,01/01,,,Federal Reserved,,,,02/01/2024,,0,,,,,Private,,,Other,https://dwr.state.co.us/Tools/WaterRights/NetAmounts/1599817,coD100281,,10703.0
Incomplete or bad entry for SiteUUID,,COwr_M1,COwr_O1,,COwr_V1,,,,,,,,,0.002,Absolute,15264.0-0-C-4303096,,1891-10-16,,12/31,01/01,,,Federal Reserved,,,,02/01/2024,,0,,,,,Private,,,Other,https://dwr.state.co.us/Tools/WaterRights/NetAmounts/1599819,coD101014,,10705.0
Incomplete or bad entry for SiteUUID,,COwr_M1,COwr_O1,,COwr_V1,,,,,,,,,0.001,Absolute,15264.0-0-C-4303111,,1891-10-16,,12/31,01/01,,,Federal Reserved,,,,02/01/2024,,0,,,,,Private,,,Other,https://dwr.state.co.us/Tools/WaterRights/NetAmounts/1599834,coD100243,,10720.0
Incomplete or bad entry for SiteUUID,,COwr_M1,COwr_O1,,COwr_V1,,,,,,,,,0.002,Absolute,15264.0-0-C-4303113,,1891-10-16,,12/31,01/01,,,Federal Reserved,,,,02/01/2024,,0,,,,,Private,,,Other,https://dwr.state.co.us/Tools/WaterRights/NetAmounts/1599836,coD101206,,10722.0
Incomplete or bad entry for SiteUUID,,COwr_M1,COwr_O1,,COwr_V1,,,,,,,,,0.002,Absolute,15264.0-0-C-4303114,,1891-10-16,,12/31,01/01,,,Federal Reserved,,,,02/01/2024,,0,,,,,Private,,,Other,https://dwr.state.co.us/Tools/WaterRights/NetAmounts/1599837,coD100030,,10723.0
Incomplete or bad entry for SiteUUID,,COwr_M1,COwr_O1,,COwr_V1,,,,,,,,,0.009,Absolute,15264.0-0-C-4303115,,1891-10-16,,12/31,01/01,,,Federal Reserved,,,,02/01/2024,,0,,,,,Private,,,Other,https://dwr.state.co.us/Tools/WaterRights/NetAmounts/1599838,coD100210,,10724.0
Incomplete or bad entry for SiteUUID,,COwr_M1,COwr_O1,,COwr_V1,,,,,,,,,0.007,Absolute,15264.0-0-C-4303116,,1891-10-16,,12/31,01/01,,,Federal Reserved,,,,02/01/2024,,0,,,,,Private,,,Other,https://dwr.state.co.us/Tools/WaterRights/NetAmounts/1599839,coD100618,,10725.0
Incomplete or bad entry for SiteUUID,,COwr_M1,COwr_O1,,COwr_V1,,,,,,,,,0.002,Absolute,15264.0-0-C-4303117,,1891-10-16,,12/31,01/01,,,Federal Reserved,,,,02/01/2024,,0,,,,,Private,,,Other,https://dwr.state.co.us/Tools/WaterRights/NetAmounts/1599840,coD100926,,10726.0
Incomplete or bad entry for SiteUUID,,COwr_M1,COwr_O1,,COwr_V1,,,,,,,,,0.001,Absolute,15264.0-0-C-4303118,,1891-10-16,,12/31,01/01,,,Federal Reserved,,,,02/01/2024,,0,,,,,Private,,,Other,https://dwr.state.co.us/Tools/WaterRights/NetAmounts/1599841,coD101230,,10727.0
Incomplete or bad entry for SiteUUID,,COwr_M1,COwr_O1,,COwr_V1,,,,,,,,,0.001,Absolute,15264.0-0-C-4303120,,1891-10-16,,12/31,01/01,,,Federal Reserved,,,,02/01/2024,,0,,,,,Private,,,Other,https://dwr.state.co.us/Tools/WaterRights/NetAmounts/1599843,coD100540,,10728.0
Incomplete or bad entry for SiteUUID,,COwr_M1,COwr_O1,,COwr_V1,,,,,,,,,0.007,Absolute,15264.0-0-C-4303121,,1891-10-16,,12/31,01/01,,,Federal Reserved,,,,02/01/2024,,0,,,,,Private,,,Other,https://dwr.state.co.us/Tools/WaterRights/NetAmounts/1599844,coD100483,,10729.0
Incomplete or bad entry for SiteUUID,,COwr_M1,COwr_O1,,COwr_V1,,,,,,,,,0.001,Absolute,15264.0-0-C-4303124,,1891-10-16,,12/31,01/01,,,Federal Reserved,,,,02/01/2024,,0,,,,,Private,,,Other,https://dwr.state.co.us/Tools/WaterRights/NetAmounts/1599847,coD101463,,10732.0
Incomplete or bad entry for SiteUUID,,COwr_M1,COwr_O1,,COwr_V1,,,,,,,,,0.002,Absolute,15264.0-0-C-4402430,,1891-10-16,,12/31,01/01,,,Federal Reserved,,,,02/01/2024,,0,,,,,Private,,,Other,https://dwr.state.co.us/Tools/WaterRights/NetAmounts/1603246,coD103009,,10809.0
Incomplete or bad entry for SiteUUID,,COwr_M1,COwr_O1,,COwr_V1,,,,,,,,,0.002,Absolute,15264.0-0-C-4402431,,1891-10-16,,12/31,01/01,,,Federal Reserved,,,,02/01/2024,,0,,,,,Private,,,Other,https://dwr.state.co.us/Tools/WaterRights/NetAmounts/1603247,coD104602,,10810.0
Incomplete or bad entry for SiteUUID,,COwr_M1,COwr_O1,,COwr_V1,,,,,,,,,0.001,Absolute,15264.0-0-C-5700764,,1891-10-16,,12/31,01/01,,,Federal Reserved,,,,02/01/2024,,0,,,,,Private,,,Other,https://dwr.state.co.us/Tools/WaterRights/NetAmounts/1619635,coD143501,,10811.0
Incomplete or bad entry for SiteUUID,,COwr_M1,COwr_O1,,COwr_V1,,,,,,,,,,Conditional Absolute,17380.0-0-C-2900641,,1897-08-01,,12/31,01/01,,,Irrigation,,,,02/01/2024,,0,,,,,Private,,,Agriculture Irrigation,https://dwr.state.co.us/Tools/WaterRights/NetAmounts/1558252,coD73255,,13498.0
Incomplete or bad entry for SiteUUID,,COwr_M1,COwr_O1,,COwr_V1,,,,,,,,,,Absolute,17586.14728-0-A-1603512,,1890-04-28,,12/31,01/01,,88.0,Irrigation,,,,02/01/2024,,0,,,,,Private,,,Agriculture Irrigation,https://dwr.state.co.us/Tools/WaterRights/NetAmounts/1529247,coD46505,,13660.0
Incomplete or bad entry for SiteUUID,,COwr_M1,COwr_O1,,COwr_V1,,,,,,,,,150.0,Absolute,17792.0-0-C-600529,,1898-09-17,,12/31,01/01,,,"Industrial,Other",,,,02/01/2024,,0,,,,,Private,,,Commercial/Industrial,https://dwr.state.co.us/Tools/WaterRights/NetAmounts/1486700,coD16508,,13854.0
Incomplete or bad entry for SiteUUID,,COwr_M1,COwr_O1,,COwr_V1,,,,,,,,,12.0,Absolute,17846.14905-0-C-6400624,,1890-10-22,,12/31,01/01,,,Irrigation,,,,02/01/2024,,0,,,,,Private,,,Agriculture Irrigation,https://dwr.state.co.us/Tools/WaterRights/NetAmounts/1636978,coD127828,,13890.0
Incomplete or bad entry for SiteUUID,,COwr_M1,COwr_O1,,COwr_V1,,,,,,,,,0.175,Absolute,19814.0-0-C-3006406,,1904-04-01,,12/31,01/01,,,"Irrigation,Domestic",,,,02/01/2024,,0,,,,,Private,,,Agriculture Irrigation,https://dwr.state.co.us/Tools/WaterRights/NetAmounts/1676443,coD146220,,16865.0
Incomplete or bad entry for SiteUUID,,COwr_M1,COwr_O1,,COwr_V1,,,,,,,,,,Absolute,20186.17015-0-A-1703605,,1896-08-01,,12/31,01/01,,36388.0,"Storage,Irrigation,Commercial,Industrial,Fire,Domestic,Augmentation,Power Generation,Recharge",,,,02/01/2024,,0,,,,,Private,,,Agriculture Irrigation,https://dwr.state.co.us/Tools/WaterRights/NetAmounts/1530262,coD49157,,17312.0
Incomplete or bad entry for SiteUUID,,COwr_M1,COwr_O1,,COwr_V1,,,,,,,,,,Absolute,20186.17015-0-A-1703606,,1896-08-01,,12/31,01/01,,98660.0,"Storage,Irrigation,Commercial,Industrial,Fire,Domestic,Augmentation,Power Generation,Recharge",,,,02/01/2024,,0,,,,,Private,,,Agriculture Irrigation,https://dwr.state.co.us/Tools/WaterRights/NetAmounts/1530263,coD49307,,17313.0
Incomplete or bad entry for SiteUUID,,COwr_M1,COwr_O1,,COwr_V1,,,,,,,,,,Absolute,20186.17015-0-A-1703607,,1896-08-01,,12/31,01/01,,94847.0,"Storage,Irrigation,Commercial,Industrial,Fire,Domestic,Augmentation,Power Generation,Recharge",,,,02/01/2024,,0,,,,,Private,,,Agriculture Irrigation,https://dwr.state.co.us/Tools/WaterRights/NetAmounts/1530264,coD48246,,17314.0
Incomplete or bad entry for SiteUUID,,COwr_M1,COwr_O1,,COwr_V1,,,,,,,,,,Absolute,20186.17015-0-A-1703608,,1896-08-01,,12/31,01/01,,35657.0,"Storage,Irrigation,Commercial,Industrial,Fire,Domestic,Augmentation,Power Generation,Recharge",,,,02/01/2024,,0,,,,,Private,,,Agriculture Irrigation,https://dwr.state.co.us/Tools/WaterRights/NetAmounts/1530265,coD48078,,17315.0
Incomplete or bad entry for SiteUUID,,COwr_M1,COwr_O1,,COwr_V1,,,,,,,,,35.0,Absolute,20186.18194-0-C-1707005,,1899-10-24,,12/31,01/01,,,Augmentation,,,,02/01/2024,,0,,,,,Private,,,Unspecified,https://dwr.state.co.us/Tools/WaterRights/NetAmounts/1531744,coD50587,,17337.0
Incomplete or bad entry for SiteUUID,,COwr_M1,COwr_O1,,COwr_V1,,,,,,,,,,Absolute,20251.0-0-A-5405075,,1905-06-12,,12/31,01/01,,0.5,Federal Reserved,,,,02/01/2024,,0,,,,,Private,,,Other,https://dwr.state.co.us/Tools/WaterRights/NetAmounts/1617588,coD115657,,18130.0
Incomplete or bad entry for SiteUUID,,COwr_M1,COwr_O1,,COwr_V1,,,,,,,,,0.003,Absolute,20251.0-0-C-5802680,,1905-06-12,,12/31,01/01,,,Federal Reserved,,,,02/01/2024,,0,,,,,Private,,,Other,https://dwr.state.co.us/Tools/WaterRights/NetAmounts/1623594,coD120580,,18268.0
Incomplete or bad entry for SiteUUID,,COwr_M1,COwr_O1,,COwr_V1,,,,,,,,,0.04,Absolute,20251.0-0-C-5802707,,1905-06-12,,12/31,01/01,,,Federal Reserved,,,,02/01/2024,,0,,,,,Private,,,Other,https://dwr.state.co.us/Tools/WaterRights/NetAmounts/1623621,coD120957,,18289.0
Incomplete or bad entry for SiteUUID,,COwr_M1,COwr_O1,,COwr_V1,,,,,,,,,,Absolute,20254.0-0-A-7903707,,1905-06-15,,12/31,01/01,,372.3315,Irrigation,,,,02/01/2024,,0,,,,,Private,,,Agriculture Irrigation,https://dwr.state.co.us/Tools/WaterRights/NetAmounts/1651484,coD139041,,19365.0
Incomplete or bad entry for SiteUUID,,COwr_M1,COwr_O1,,COwr_V1,,,,,,,,,0.0026,Absolute,20393.1461-0-C-6200665,,1889-12-31,,12/31,01/01,,,Domestic,,,,02/01/2024,,0,,,,,Private,,,Domestic,https://dwr.state.co.us/Tools/WaterRights/NetAmounts/1633518,coD126226,,19491.0
Incomplete or bad entry for SiteUUID,,COwr_M1,COwr_O1,,COwr_V1,,,,,,,,,1.0,Absolute,20890.16436-0-C-600556,,1894-12-31,,12/31,01/01,,,"Irrigation,Industrial",,,,02/01/2024,,0,,,,,Private,,,Agriculture Irrigation,https://dwr.state.co.us/Tools/WaterRights/NetAmounts/1486783,coD19501,,21409.0
Incomplete or bad entry for SiteUUID,,COwr_M1,COwr_O1,,COwr_V1,,,,,,,,,3.0,Absolute,21654.0-0-C-2500566,,1909-04-15,,12/31,01/01,,,Irrigation,,,,02/01/2024,,0,,,,,Private,,,Agriculture Irrigation,https://dwr.state.co.us/Tools/WaterRights/NetAmounts/1551308,coD67334,,23141.0
Incomplete or bad entry for SiteUUID,,COwr_M1,COwr_O1,,COwr_V1,,,,,,,,,0.055,Absolute,22279.0-0-C-1708198,,1910-12-31,,12/31,01/01,,,Stock,,,,02/01/2024,,0,,,,,Private,,,Livestock,https://dwr.state.co.us/Tools/WaterRights/NetAmounts/1531963,coD50173,,24040.0
Incomplete or bad entry for SiteUUID,,COwr_M1,COwr_O1,,COwr_V1,,,,,,,,,0.056,Absolute,22279.0-0-C-2505327,,1910-12-31,,12/31,01/01,,,"Irrigation,Domestic,Stock",,,,02/01/2024,,0,,,,,Private,,,Agriculture Irrigation,https://dwr.state.co.us/Tools/WaterRights/NetAmounts/1552105,coD66242,,24357.0
Incomplete or bad entry for SiteUUID,,COwr_M1,COwr_O1,,COwr_V1,,,,,,,,,540.0,Absolute,23172.2135-0-C-6400685,,1908-06-15,,12/31,01/01,,,Storage,,,,02/01/2024,,0,,,,,Private,,,Reservoir Storage,https://dwr.state.co.us/Tools/WaterRights/NetAmounts/1636993,coD127008,,25913.0
Incomplete or bad entry for SiteUUID,,COwr_M1,COwr_O1,,COwr_V1,,,,,,,,,3.0,Absolute,24066.1881-0-C-4800543,,1901-07-02,,12/31,01/01,,,"Irrigation,Domestic",,,,02/01/2024,,0,,,,,Private,,,Agriculture Irrigation,"https://dwr.state.co.us/Tools/WaterRights/NetAmounts/1929775,https://dwr.state.co.us/Tools/WaterRights/NetAmounts/1609556","coD109106,coD171195",,26947.0
Incomplete or bad entry for SiteUUID,,COwr_M1,COwr_O1,,COwr_V1,,,,,,,,,0.111,Absolute,25932.0-0-C-2505202,,1920-12-31,,12/31,01/01,,,"Domestic,Stock",,,,02/01/2024,,0,,,,,Private,,,Livestock,https://dwr.state.co.us/Tools/WaterRights/NetAmounts/1551980,coD67425,,29775.0
Incomplete or bad entry for SiteUUID,,COwr_M1,COwr_O1,,COwr_V1,,,,,,,,,0.011,Absolute,27127.0-0-C-8005179,,1924-04-09,,12/31,01/01,,,Domestic,,,,02/01/2024,,0,,,,,Private,,,Domestic,https://dwr.state.co.us/Tools/WaterRights/NetAmounts/1652667,coD140412,,31009.0
Incomplete or bad entry for SiteUUID,,COwr_M1,COwr_O1,,COwr_V1,,,,,,,,,0.033,Absolute,28670.0-0-C-1708065,,1928-06-30,,12/31,01/01,,,Domestic,,,,02/01/2024,,0,,,,,Private,,,Domestic,https://dwr.state.co.us/Tools/WaterRights/NetAmounts/1531829,coD49848,,33836.0
Incomplete or bad entry for SiteUUID,,COwr_M1,COwr_O1,,COwr_V1,,,,,,,,,0.09,Absolute,29219.0-0-C-1708319,,1929-12-31,,12/31,01/01,,,Domestic,,,,02/01/2024,,0,,,,,Private,,,Domestic,https://dwr.state.co.us/Tools/WaterRights/NetAmounts/1532086,coD49969,,34345.0
Incomplete or bad entry for SiteUUID,,COwr_M1,COwr_O1,,COwr_V1,,,,,,,,,0.1111,Absolute,29400.0-0-C-1408099,,1930-06-30,,12/31,01/01,,,Domestic,,,,02/01/2024,,0,,,,,Private,,,Domestic,https://dwr.state.co.us/Tools/WaterRights/NetAmounts/1527112,coD45611,,34987.0
Incomplete or bad entry for SiteUUID,,COwr_M1,COwr_O1,,COwr_V1,,,,,,,,,0.06,Absolute,29584.0-0-C-1708348,,1930-12-31,,12/31,01/01,,,"Domestic,Stock",,,,02/01/2024,,0,,,,,Private,,,Livestock,https://dwr.state.co.us/Tools/WaterRights/NetAmounts/1532114,coD50095,,35368.0
Incomplete or bad entry for SiteUUID,,COwr_M1,COwr_O1,,COwr_V1,,,,,,,,,0.045,Absolute,29584.0-0-C-2405359,,1930-12-31,,12/31,01/01,,,"Domestic,Stock",,,,02/01/2024,,0,,,,,Private,,,Livestock,https://dwr.state.co.us/Tools/WaterRights/NetAmounts/1551172,coD66358,,35525.0
Incomplete or bad entry for SiteUUID,,COwr_M1,COwr_O1,,COwr_V1,,,,,,,,,0.0556,Absolute,29949.0-0-C-1408024,,1931-12-31,,12/31,01/01,,,Domestic,,,,02/01/2024,,0,,,,,Private,,,Domestic,https://dwr.state.co.us/Tools/WaterRights/NetAmounts/1527037,coD46173,,35917.0
Incomplete or bad entry for SiteUUID,,COwr_M1,COwr_O1,,COwr_V1,,,,,,,,,0.111,Absolute,31776.0-0-C-1408109,,1936-12-31,,12/31,01/01,,,"Domestic,Stock",,,,02/01/2024,,0,,,,,Private,,,Livestock,https://dwr.state.co.us/Tools/WaterRights/NetAmounts/1527122,coD43671,,40633.0
Incomplete or bad entry for SiteUUID,,COwr_M1,COwr_O1,,COwr_V1,,,,,,,,,,Absolute,32028.0-0-A-2007065,,1937-09-09,,12/31,01/01,,1.0,Augmentation,,,,02/01/2024,,0,,,,,Private,,,Unspecified,https://dwr.state.co.us/Tools/WaterRights/NetAmounts/1537505,coD148041,,41528.0
Incomplete or bad entry for SiteUUID,,COwr_M1,COwr_O1,,COwr_V1,,,,,,,,,0.033,Absolute,32039.0-0-C-2405350,,1937-09-20,,12/31,01/01,,,Domestic,,,,02/01/2024,,0,,,,,Private,,,Domestic,https://dwr.state.co.us/Tools/WaterRights/NetAmounts/1551163,coD66434,,41540.0
Incomplete or bad entry for SiteUUID,,COwr_M1,COwr_O1,,COwr_V1,,,,,,,,,4.0,Absolute,32907.31655-10-C-3800889,,1936-09-01,,12/31,01/01,,,Irrigation,,,,02/01/2024,,0,,,,,Private,,,Agriculture Irrigation,https://dwr.state.co.us/Tools/WaterRights/NetAmounts/1575525,coD81006,,43532.0
Incomplete or bad entry for SiteUUID,,COwr_M1,COwr_O1,,COwr_V1,,,,,,,,,0.044,Absolute,33237.0-0-C-6708683,,1940-12-31,,12/31,01/01,,,Stock,,,,02/01/2024,,0,,,,,Private,,,Livestock,https://dwr.state.co.us/Tools/WaterRights/NetAmounts/1642778,coD132170,,44597.0
Incomplete or bad entry for SiteUUID,,COwr_M1,COwr_O1,,COwr_V1,,,,,,,,,0.17,Absolute,33348.31898-0-C-6200804,,1937-05-02,,12/31,01/01,,,"Irrigation,Domestic,Stock",,,,02/01/2024,,0,,,,,Private,,,Agriculture Irrigation,https://dwr.state.co.us/Tools/WaterRights/NetAmounts/1633743,coD125929,,44788.0
Incomplete or bad entry for SiteUUID,,COwr_M1,COwr_O1,,COwr_V1,,,,,,,,,0.03,Absolute,33388.0-0-C-1708027,,1941-05-31,,12/31,01/01,,,Domestic,,,,02/01/2024,,0,,,,,Private,,,Domestic,https://dwr.state.co.us/Tools/WaterRights/NetAmounts/1531790,coD49501,,44857.0
Incomplete or bad entry for SiteUUID,,COwr_M1,COwr_O1,,COwr_V1,,,,,,,,,0.0067,Absolute,36622.0-0-C-6708619,,1950-04-08,,12/31,01/01,,,Domestic,,,,02/01/2024,,0,,,,,Private,,,Domestic,https://dwr.state.co.us/Tools/WaterRights/NetAmounts/1642766,coD132709,,51286.0
Incomplete or bad entry for SiteUUID,,COwr_M1,COwr_O1,,COwr_V1,,,,,,,,,1.0,Absolute,36757.0-2-C-3801056,,1950-08-21,,12/31,01/01,,,"Irrigation,Industrial,Domestic,Stock,Other",,,,02/01/2024,,0,,,,,Private,,,Agriculture Irrigation,https://dwr.state.co.us/Tools/WaterRights/NetAmounts/1575843,coD85351,,51978.0
Incomplete or bad entry for SiteUUID,,COwr_M1,COwr_O1,,COwr_V1,,,,,,,,,7.1,Absolute,36782.0-0-C-6706334,,1950-09-15,,12/31,01/01,,,"Irrigation,Domestic",,,,02/01/2024,,0,,,,,Private,,,Agriculture Irrigation,https://dwr.state.co.us/Tools/WaterRights/NetAmounts/1641948,coD142956,,52272.0
Incomplete or bad entry for SiteUUID,,COwr_M1,COwr_O1,,COwr_V1,,,,,,,,,0.07,Absolute,36889.0-0-C-1708320,,1950-12-31,,12/31,01/01,,,Domestic,,,,02/01/2024,,0,,,,,Private,,,Domestic,https://dwr.state.co.us/Tools/WaterRights/NetAmounts/1532087,coD50405,,52472.0
Incomplete or bad entry for SiteUUID,,COwr_M1,COwr_O1,,COwr_V1,,,,,,,,,0.002,Absolute,37052.0-0-C-1908001,,1951-06-12,,12/31,01/01,,,Domestic,,,,02/01/2024,,0,,,,,Private,,,Domestic,https://dwr.state.co.us/Tools/WaterRights/NetAmounts/1533785,coD52249,,53161.0
Incomplete or bad entry for SiteUUID,,COwr_M1,COwr_O1,,COwr_V1,,,,,,,,,0.002,Absolute,37115.0-0-C-1908014,,1951-08-14,,12/31,01/01,,,Stock,,,,02/01/2024,,0,,,,,Private,,,Livestock,https://dwr.state.co.us/Tools/WaterRights/NetAmounts/1533798,coD52094,,53479.0
Incomplete or bad entry for SiteUUID,,COwr_M1,COwr_O1,,COwr_V1,,,,,,,,,0.0556,Absolute,37620.0-0-C-1408025,,1952-12-31,,12/31,01/01,,,Domestic,,,,02/01/2024,,0,,,,,Private,,,Domestic,https://dwr.state.co.us/Tools/WaterRights/NetAmounts/1527038,coD43508,,55039.0
Incomplete or bad entry for SiteUUID,,COwr_M1,COwr_O1,,COwr_V1,,,,,,,,,0.0178,Absolute,37772.0-0-C-1508152,,1953-06-01,,12/31,01/01,,,Domestic,,,,02/01/2024,,0,,,,,Private,,,Domestic,https://dwr.state.co.us/Tools/WaterRights/NetAmounts/1528312,coD47667,,55704.0
Incomplete or bad entry for SiteUUID,,COwr_M1,COwr_O1,,COwr_V1,,,,,,,,,0.67,Absolute,38075.0-0-C-1706445,,1954-03-31,,12/31,01/01,,,Irrigation,,,,02/01/2024,,0,,,,,Private,,,Agriculture Irrigation,https://dwr.state.co.us/Tools/WaterRights/NetAmounts/1531664,coD49553,,56621.0
Incomplete or bad entry for SiteUUID,,COwr_M1,COwr_O1,,COwr_V1,,,,,,,,,0.044,Absolute,38715.0-0-C-6708185,,1955-12-31,,12/31,01/01,,,Domestic,,,,02/01/2024,,0,,,,,Private,,,Domestic,https://dwr.state.co.us/Tools/WaterRights/NetAmounts/1642333,coD132410,,60064.0
Incomplete or bad entry for SiteUUID,,COwr_M1,COwr_O1,,COwr_V1,,,,,,,,,0.044,Absolute,38774.0-0-C-1408068,,1956-02-28,,12/31,01/01,,,Domestic,,,,02/01/2024,,0,,,,,Private,,,Domestic,https://dwr.state.co.us/Tools/WaterRights/NetAmounts/1527081,coD43521,,60336.0
Incomplete or bad entry for SiteUUID,,COwr_M1,COwr_O1,,COwr_V1,,,,,,,,,0.051,Absolute,39030.0-0-C-808284,,1956-11-10,,12/31,01/01,,,Irrigation,,,,02/01/2024,,0,,,,,Private,,,Agriculture Irrigation,https://dwr.state.co.us/Tools/WaterRights/NetAmounts/1501267,coD30272,,61647.0
Incomplete or bad entry for SiteUUID,,COwr_M1,COwr_O1,,COwr_V1,,,,,,,,,0.04,Absolute,39172.0-0-C-1408194,,1957-04-01,,12/31,01/01,,,"Domestic,Stock",,,,02/01/2024,,0,,,,,Private,,,Livestock,https://dwr.state.co.us/Tools/WaterRights/NetAmounts/1527206,coD46410,,62205.0
Incomplete or bad entry for SiteUUID,,COwr_M1,COwr_O1,,COwr_V1,,,,,,,,,,Conditional Absolute,39193.0-0-C-3804684,,1957-04-22,,12/31,01/01,,,"Irrigation,Municipal,Industrial,Domestic,Stock",,,,02/01/2024,,0,,,,,Private,,,Agriculture Irrigation,https://dwr.state.co.us/Tools/WaterRights/NetAmounts/1578444,coD86826,,62277.0
Incomplete or bad entry for SiteUUID,,COwr_M1,COwr_O1,,COwr_V1,,,,,,,,,,Conditional Absolute,39291.0-0-C-3806355,,1957-07-29,,12/31,01/01,,,"Irrigation,Municipal,Industrial,Fishery,Domestic,Power Generation",,,,02/01/2024,,0,,,,,Private,,,Agriculture Irrigation,https://dwr.state.co.us/Tools/WaterRights/NetAmounts/1580225,coD87728,,62932.0
Incomplete or bad entry for SiteUUID,,COwr_M1,COwr_O1,,COwr_V1,,,,,,,,,0.022,Absolute,39293.0-0-C-3605048,,1957-07-31,,12/31,01/01,,,"Fire,Domestic",,,,02/01/2024,,0,,,,,Private,,,Domestic,https://dwr.state.co.us/Tools/WaterRights/NetAmounts/1568857,coD79782,,63081.0
Incomplete or bad entry for SiteUUID,,COwr_M1,COwr_O1,,COwr_V1,,,,,,,,,0.003,Absolute,39855.0-0-C-5305343,,1959-02-13,,12/31,01/01,,,"Fire,Stock",,,,02/01/2024,,0,,,,,Private,,,Livestock,https://dwr.state.co.us/Tools/WaterRights/NetAmounts/1616559,coD114789,,64389.0
Incomplete or bad entry for SiteUUID,,COwr_M1,COwr_O1,,COwr_V1,,,,,,,,,0.01,Absolute,39855.0-0-C-5305362,,1959-02-13,,12/31,01/01,,,"Fire,Stock",,,,02/01/2024,,0,,,,,Private,,,Livestock,https://dwr.state.co.us/Tools/WaterRights/NetAmounts/1616578,coD114636,,64391.0
Incomplete or bad entry for SiteUUID,,COwr_M1,COwr_O1,,COwr_V1,,,,,,,,,0.0334,Absolute,40450.0-0-C-1408117,,1960-09-30,,12/31,01/01,,,Domestic,,,,02/01/2024,,0,,,,,Private,,,Domestic,https://dwr.state.co.us/Tools/WaterRights/NetAmounts/1527130,coD45160,,65893.0
Incomplete or bad entry for SiteUUID,,COwr_M1,COwr_O1,,COwr_V1,,,,,,,,,0.016,Absolute,40907.0-0-C-3805456,,1961-12-31,,12/31,01/01,,,"Domestic,Stock",,,,02/01/2024,,0,,,,,Private,,,Livestock,https://dwr.state.co.us/Tools/WaterRights/NetAmounts/1579035,coD84009,,67200.0
Incomplete or bad entry for SiteUUID,,COwr_M1,COwr_O1,,COwr_V1,,,,,,,,,0.033,Absolute,41119.0-0-C-3805244,,1962-07-31,,12/31,01/01,,,Domestic,,,,02/01/2024,,0,,,,,Private,,,Domestic,https://dwr.state.co.us/Tools/WaterRights/NetAmounts/1578809,coD87652,,67920.0
Incomplete or bad entry for SiteUUID,,COwr_M1,COwr_O1,,COwr_V1,,,,,,,,,,Absolute,41272.0-0-A-7203662,,1962-12-31,,12/31,01/01,,0.5,"Fire,Stock",,,,02/01/2024,,0,,,,,Private,,,Livestock,https://dwr.state.co.us/Tools/WaterRights/NetAmounts/1648147,coD137376,,68345.0
Incomplete or bad entry for SiteUUID,,COwr_M1,COwr_O1,,COwr_V1,,,,,,,,,0.0156,Absolute,41460.0-0-C-1508165,,1963-07-07,,12/31,01/01,,,"Domestic,Stock",,,,02/01/2024,,0,,,,,Private,,,Livestock,https://dwr.state.co.us/Tools/WaterRights/NetAmounts/1528326,coD47418,,69111.0
Incomplete or bad entry for SiteUUID,,COwr_M1,COwr_O1,,COwr_V1,,,,,,,,,0.033,Absolute,41637.0-0-C-3805788,,1963-12-31,,12/31,01/01,,,Domestic,,,,02/01/2024,,0,,,,,Private,,,Domestic,https://dwr.state.co.us/Tools/WaterRights/NetAmounts/1579428,coD87753,,69923.0
Incomplete or bad entry for SiteUUID,,COwr_M1,COwr_O1,,COwr_V1,,,,,,,,,,Conditional Absolute,41727.30497-0-C-5803071,,1933-07-01,,12/31,01/01,,,"Irrigation,Domestic,Stock",,,,02/01/2024,,0,,,,,Private,,,Agriculture Irrigation,https://dwr.state.co.us/Tools/WaterRights/NetAmounts/1841795,coD170144,,70412.0
Incomplete or bad entry for SiteUUID,,COwr_M1,COwr_O1,,COwr_V1,,,,,,,,,,Conditional Absolute,41727.30497-0-C-5803072,,1933-07-01,,12/31,01/01,,,"Irrigation,Domestic,Stock",,,,02/01/2024,,0,,,,,Private,,,Agriculture Irrigation,https://dwr.state.co.us/Tools/WaterRights/NetAmounts/1842750,coD170085,,70413.0
Incomplete or bad entry for SiteUUID,,COwr_M1,COwr_O1,,COwr_V1,,,,,,,,,0.3333,Absolute,42136.0-0-C-1508164,,1965-05-13,,12/31,01/01,,,"Domestic,Stock",,,,02/01/2024,,0,,,,,Private,,,Livestock,https://dwr.state.co.us/Tools/WaterRights/NetAmounts/1528325,coD46968,,72523.0
Incomplete or bad entry for SiteUUID,,COwr_M1,COwr_O1,,COwr_V1,,,,,,,,,0.111,Absolute,42157.0-0-C-1408150,,1965-06-03,,12/31,01/01,,,Domestic,,,,02/01/2024,,0,,,,,Private,,,Domestic,https://dwr.state.co.us/Tools/WaterRights/NetAmounts/1527163,coD43510,,72662.0
Incomplete or bad entry for SiteUUID,,COwr_M1,COwr_O1,,COwr_V1,,,,,,,,,0.111,Absolute,42158.0-0-C-1408005,,1965-06-04,,12/31,01/01,,,Domestic,,,,02/01/2024,,0,,,,,Private,,,Domestic,https://dwr.state.co.us/Tools/WaterRights/NetAmounts/1527018,coD45671,,72664.0
Incomplete or bad entry for SiteUUID,,COwr_M1,COwr_O1,,COwr_V1,,,,,,,,,0.005,Absolute,42368.0-0-C-2200856,,1965-12-31,,12/31,01/01,,,"Fire,Stock",,,,02/01/2024,,0,,,,,Private,,,Livestock,https://dwr.state.co.us/Tools/WaterRights/NetAmounts/1544979,coD60499,,73353.0
Incomplete or bad entry for SiteUUID,,COwr_M1,COwr_O1,,COwr_V1,,,,,,,,,0.056,Absolute,42904.0-0-C-1408136,,1967-06-20,,12/31,01/01,,,Domestic,,,,02/01/2024,,0,,,,,Private,,,Domestic,https://dwr.state.co.us/Tools/WaterRights/NetAmounts/1527149,coD43509,,75227.0
Incomplete or bad entry for SiteUUID,,COwr_M1,COwr_O1,,COwr_V1,,,,,,,,,0.33,Absolute,42983.0-2-C-3801446,,1967-09-07,,12/31,01/01,,,"Irrigation,Recreation,Fire,Domestic,Other",,,,02/01/2024,,0,,,,,Private,,,Agriculture Irrigation,https://dwr.state.co.us/Tools/WaterRights/NetAmounts/1576388,coD85306,,75451.0
Incomplete or bad entry for SiteUUID,,COwr_M1,COwr_O1,,COwr_V1,,,,,,,,,0.33,Absolute,42983.0-2-C-3801447,,1967-09-07,,12/31,01/01,,,"Irrigation,Recreation,Fire,Domestic,Other",,,,02/01/2024,,0,,,,,Private,,,Agriculture Irrigation,https://dwr.state.co.us/Tools/WaterRights/NetAmounts/1576389,coD84502,,75452.0
Incomplete or bad entry for SiteUUID,,COwr_M1,COwr_O1,,COwr_V1,,,,,,,,,0.33,Absolute,42983.0-2-C-3801448,,1967-09-07,,12/31,01/01,,,"Irrigation,Recreation,Fire,Domestic,Other",,,,02/01/2024,,0,,,,,Private,,,Agriculture Irrigation,https://dwr.state.co.us/Tools/WaterRights/NetAmounts/1576390,coD84846,,75453.0
Incomplete or bad entry for SiteUUID,,COwr_M1,COwr_O1,,COwr_V1,,,,,,,,,0.089,Absolute,43159.0-0-C-1408195,,1968-03-01,,12/31,01/01,,,Domestic,,,,02/01/2024,,0,,,,,Private,,,Domestic,https://dwr.state.co.us/Tools/WaterRights/NetAmounts/1527207,coD43511,,75818.0
Incomplete or bad entry for SiteUUID,,COwr_M1,COwr_O1,,COwr_V1,,,,,,,,,0.02,Absolute,43240.0-0-C-3806341,,1968-05-21,,12/31,01/01,,,Domestic,,,,02/01/2024,,0,,,,,Private,,,Domestic,https://dwr.state.co.us/Tools/WaterRights/NetAmounts/1580211,coD88382,,76023.0
Incomplete or bad entry for SiteUUID,,COwr_M1,COwr_O1,,COwr_V1,,,,,,,,,0.013,Absolute,43289.0-0-C-1508084,,1968-07-09,,12/31,01/01,,,Domestic,,,,02/01/2024,,0,,,,,Private,,,Domestic,https://dwr.state.co.us/Tools/WaterRights/NetAmounts/1528245,coD46504,,76179.0
Incomplete or bad entry for SiteUUID,,COwr_M1,COwr_O1,,COwr_V1,,,,,,,,,0.001,Absolute,43464.0-0-C-2500783,,1968-12-31,,12/31,01/01,,,Stock,,,,02/01/2024,,0,,,,,Private,,,Livestock,https://dwr.state.co.us/Tools/WaterRights/NetAmounts/1551595,coD66032,,76612.0
Incomplete or bad entry for SiteUUID,,COwr_M1,COwr_O1,,COwr_V1,,,,,,,,,0.022,Absolute,43585.0-0-C-3806318,,1969-05-01,,12/31,01/01,,,Domestic,,,,02/01/2024,,0,,,,,Private,,,Domestic,https://dwr.state.co.us/Tools/WaterRights/NetAmounts/1580187,coD87512,,76929.0
Incomplete or bad entry for SiteUUID,,COwr_M1,COwr_O1,,COwr_V1,,,,,,,,,0.033,Absolute,43829.0-0-C-3805789,,1969-12-31,,12/31,01/01,,,Domestic,,,,02/01/2024,,0,,,,,Private,,,Domestic,https://dwr.state.co.us/Tools/WaterRights/NetAmounts/1579429,coD86846,,77571.0
Incomplete or bad entry for SiteUUID,,COwr_M1,COwr_O1,,COwr_V1,,,,,,,,,,Absolute,44042.0-0-A-2500728,,1970-08-01,,12/31,01/01,,1.76,"Commercial,Fishery,Domestic",,,,02/01/2024,,0,,,,,Private,,,Aquaculture,https://dwr.state.co.us/Tools/WaterRights/NetAmounts/1551548,coD66594,,78537.0
Incomplete or bad entry for SiteUUID,,COwr_M1,COwr_O1,,COwr_V1,,,,,,,,,,Absolute,44042.0-0-A-2500729,,1970-08-01,,12/31,01/01,,1.76,"Commercial,Fishery,Domestic",,,,02/01/2024,,0,,,,,Private,,,Aquaculture,https://dwr.state.co.us/Tools/WaterRights/NetAmounts/1551549,coD66270,,78538.0
Incomplete or bad entry for SiteUUID,,COwr_M1,COwr_O1,,COwr_V1,,,,,,,,,,Absolute,44042.0-0-A-2500730,,1970-08-01,,12/31,01/01,,1.76,"Commercial,Fishery,Domestic",,,,02/01/2024,,0,,,,,Private,,,Aquaculture,https://dwr.state.co.us/Tools/WaterRights/NetAmounts/1551550,coD67487,,78539.0
Incomplete or bad entry for SiteUUID,,COwr_M1,COwr_O1,,COwr_V1,,,,,,,,,,Absolute,44042.0-0-A-2500731,,1970-08-01,,12/31,01/01,,1.76,"Commercial,Fishery,Domestic",,,,02/01/2024,,0,,,,,Private,,,Aquaculture,https://dwr.state.co.us/Tools/WaterRights/NetAmounts/1551551,coD66544,,78540.0
Incomplete or bad entry for SiteUUID,,COwr_M1,COwr_O1,,COwr_V1,,,,,,,,,0.033,Absolute,44363.0-0-C-3806321,,1971-06-18,,12/31,01/01,,,Domestic,,,,02/01/2024,,0,,,,,Private,,,Domestic,https://dwr.state.co.us/Tools/WaterRights/NetAmounts/1580190,coD88294,,80028.0
Incomplete or bad entry for SiteUUID,,COwr_M1,COwr_O1,,COwr_V1,,,,,,,,,0.003,Absolute,44559.18444-0-C-6200889,,1900-07-01,,12/31,01/01,,,"Domestic,Stock",,,,02/01/2024,,0,,,,,Private,,,Livestock,https://dwr.state.co.us/Tools/WaterRights/NetAmounts/1633860,coD126236,,81171.0
Incomplete or bad entry for SiteUUID,,COwr_M1,COwr_O1,,COwr_V1,,,,,,,,,0.003,Absolute,44559.18444-0-C-6200890,,1900-07-01,,12/31,01/01,,,Stock,,,,02/01/2024,,0,,,,,Private,,,Livestock,https://dwr.state.co.us/Tools/WaterRights/NetAmounts/1633861,coD126290,,81172.0
Incomplete or bad entry for SiteUUID,,COwr_M1,COwr_O1,,COwr_V1,,,,,,,,,0.0065,Absolute,44559.30801-0-C-1802053,,1934-05-01,,12/31,01/01,,,"Domestic,Stock",,,,02/01/2024,,0,,,,,Private,,,Livestock,https://dwr.state.co.us/Tools/WaterRights/NetAmounts/1532318,coD49649,,82880.0
Incomplete or bad entry for SiteUUID,,COwr_M1,COwr_O1,,COwr_V1,,,,,,,,,,Absolute,44559.42464-0-C-6702025,,1966-04-06,,12/31,01/01,,,Irrigation,,,,02/01/2024,,0,,,,,Private,,,Agriculture Irrigation,https://dwr.state.co.us/Tools/WaterRights/NetAmounts/1640439,coD131454,,85231.0
Incomplete or bad entry for SiteUUID,,COwr_M1,COwr_O1,,COwr_V1,,,,,,,,,,Absolute,44559.42464-0-C-6702026,,1966-04-06,,12/31,01/01,,,Irrigation,,,,02/01/2024,,0,,,,,Private,,,Agriculture Irrigation,https://dwr.state.co.us/Tools/WaterRights/NetAmounts/1640440,coD130968,,85232.0
Incomplete or bad entry for SiteUUID,,COwr_M1,COwr_O1,,COwr_V1,,,,,,,,,0.015,Absolute,44559.43013-0-C-4705051,,1967-10-07,,12/31,01/01,,,"Recreation,Stock,Federal Reserved,Wildlife",,,,02/01/2024,,0,,,,,Private,,,In-stream Flow,https://dwr.state.co.us/Tools/WaterRights/NetAmounts/1609456,coD109247,,85421.0
Incomplete or bad entry for SiteUUID,,COwr_M1,COwr_O1,,COwr_V1,,,,,,,,,0.2,Absolute,4474.0-0-C-1907000,,1862-04-01,,12/31,01/01,,,"Domestic,Household Use Only",,,,02/01/2024,,0,,,,,Private,,,Domestic,https://dwr.state.co.us/Tools/WaterRights/NetAmounts/1533779,coD51813,,86897.0
Incomplete or bad entry for SiteUUID,,COwr_M1,COwr_O1,,COwr_V1,,,,,,,,,0.104,Absolute,4474.0-0-C-1907001,,1862-04-01,,12/31,01/01,,,"Domestic,Household Use Only",,,,02/01/2024,,0,,,,,Private,,,Domestic,https://dwr.state.co.us/Tools/WaterRights/NetAmounts/1533781,coD52337,,86898.0
Incomplete or bad entry for SiteUUID,,COwr_M1,COwr_O1,,COwr_V1,,,,,,,,,0.07,Absolute,44741.0-0-C-1008188,,1972-06-30,,12/31,01/01,,,Domestic,,,,02/01/2024,,0,,,,,Private,,,Domestic,https://dwr.state.co.us/Tools/WaterRights/NetAmounts/1517821,coD37769,,86920.0
Incomplete or bad entry for SiteUUID,,COwr_M1,COwr_O1,,COwr_V1,,,,,,,,,0.005,Absolute,44925.0-0-C-2200867,,1972-12-31,,12/31,01/01,,,"Fire,Stock",,,,02/01/2024,,0,,,,,Private,,,Livestock,https://dwr.state.co.us/Tools/WaterRights/NetAmounts/1544990,coD61668,,87391.0
Incomplete or bad entry for SiteUUID,,COwr_M1,COwr_O1,,COwr_V1,,,,,,,,,0.005,Absolute,44925.0-0-C-2200868,,1972-12-31,,12/31,01/01,,,"Fire,Stock",,,,02/01/2024,,0,,,,,Private,,,Livestock,https://dwr.state.co.us/Tools/WaterRights/NetAmounts/1544991,coD62731,,87392.0
Incomplete or bad entry for SiteUUID,,COwr_M1,COwr_O1,,COwr_V1,,,,,,,,,0.033,Absolute,44925.44792-0-C-3805289,,1972-08-20,,12/31,01/01,,,"Fishery,Fire,Domestic",,,,02/01/2024,,0,,,,,Private,,,Aquaculture,https://dwr.state.co.us/Tools/WaterRights/NetAmounts/1578863,coD87249,,88903.0
Incomplete or bad entry for SiteUUID,,COwr_M1,COwr_O1,,COwr_V1,,,,,,,,,0.178,Absolute,45045.0-0-C-3805721,,1973-04-30,,12/31,01/01,,,"Fire,Domestic",,,,02/01/2024,,0,,,,,Private,,,Domestic,https://dwr.state.co.us/Tools/WaterRights/NetAmounts/1579330,coD87678,,89178.0
Incomplete or bad entry for SiteUUID,,COwr_M1,COwr_O1,,COwr_V1,,,,,,,,,0.033,Absolute,45069.0-0-C-4501186,,1973-05-24,,12/31,01/01,,,Irrigation,,,,02/01/2024,,0,,,,,Private,,,Agriculture Irrigation,https://dwr.state.co.us/Tools/WaterRights/NetAmounts/1606203,coD159022,,89217.0
Incomplete or bad entry for SiteUUID,,COwr_M1,COwr_O1,,COwr_V1,,,,,,,,,0.001,Absolute,45410.0-0-C-3806828,,1974-04-30,,12/31,01/01,,,"Fire,Stock",,,,02/01/2024,,0,,,,,Private,,,Livestock,https://dwr.state.co.us/Tools/WaterRights/NetAmounts/1580906,coD91209,,91376.0
Incomplete or bad entry for SiteUUID,,COwr_M1,COwr_O1,,COwr_V1,,,,,,,,,0.005,Absolute,45410.0-0-C-4302824,,1974-04-30,,12/31,01/01,,,"Fire,Domestic",,,,02/01/2024,,0,,,,,Private,,,Domestic,https://dwr.state.co.us/Tools/WaterRights/NetAmounts/1599341,coD100773,,91638.0
Incomplete or bad entry for SiteUUID,,COwr_M1,COwr_O1,,COwr_V1,,,,,,,,,0.009,Absolute,45410.0-0-C-5305289,,1974-04-30,,12/31,01/01,,,"Fire,Stock",,,,02/01/2024,,0,,,,,Private,,,Livestock,https://dwr.state.co.us/Tools/WaterRights/NetAmounts/1616505,coD113941,,91847.0
Incomplete or bad entry for SiteUUID,,COwr_M1,COwr_O1,,COwr_V1,,,,,,,,,,Absolute,46153.0-0-A-2203593,,1976-05-12,,12/31,01/01,,188.0,Storage,,,,02/01/2024,,0,,,,,Private,,,Reservoir Storage,https://dwr.state.co.us/Tools/WaterRights/NetAmounts/1545197,coD36000,,94702.0
Incomplete or bad entry for SiteUUID,,COwr_M1,COwr_O1,,COwr_V1,,,,,,,,,5.0,Absolute,46342.0-0-C-2001033,,1976-11-17,,12/31,01/01,,,Minimum Streamflow,,,,02/01/2024,,0,,,,,Private,,,In-stream Flow,https://dwr.state.co.us/Tools/WaterRights/NetAmounts/1534807,coD51943,,95060.0
Incomplete or bad entry for SiteUUID,,COwr_M1,COwr_O1,,COwr_V1,,,,,,,,,2.0,Absolute,46342.0-0-C-2700560,,1976-11-17,,12/31,01/01,,,Minimum Streamflow,,,,02/01/2024,,0,,,,,Private,,,In-stream Flow,https://dwr.state.co.us/Tools/WaterRights/NetAmounts/1554233,coD69568,,95063.0
Incomplete or bad entry for SiteUUID,,COwr_M1,COwr_O1,,COwr_V1,,,,,,,,,5.0,Absolute,46342.0-0-C-2700577,,1976-11-17,,12/31,01/01,,,Minimum Streamflow,,,,02/01/2024,,0,,,,,Private,,,In-stream Flow,https://dwr.state.co.us/Tools/WaterRights/NetAmounts/1554252,coD70363,,95064.0
Incomplete or bad entry for SiteUUID,,COwr_M1,COwr_O1,,COwr_V1,,,,,,,,,5.0,Absolute,46342.0-0-C-2700584,,1976-11-17,,12/31,01/01,,,Minimum Streamflow,,,,02/01/2024,,0,,,,,Private,,,In-stream Flow,https://dwr.state.co.us/Tools/WaterRights/NetAmounts/1554259,coD69838,,95065.0
Incomplete or bad entry for SiteUUID,,COwr_M1,COwr_O1,,COwr_V1,,,,,,,,,,Absolute,46387.0-0-A-4505651,,1977-01-01,,12/31,01/01,,1.0,Stock,,,,02/01/2024,,0,,,,,Private,,,Livestock,https://dwr.state.co.us/Tools/WaterRights/NetAmounts/1607188,coD168019,,96221.0
Incomplete or bad entry for SiteUUID,,COwr_M1,COwr_O1,,COwr_V1,,,,,,,,,0.1,Absolute,46387.0-0-C-4505651,,1977-01-01,,12/31,01/01,,,Stock,,,,02/01/2024,,0,,,,,Private,,,Livestock,https://dwr.state.co.us/Tools/WaterRights/NetAmounts/1607187,coD167110,,96224.0
Incomplete or bad entry for SiteUUID,,COwr_M1,COwr_O1,,COwr_V1,,,,,,,,,,Absolute,46454.0-0-A-2503505,,1977-03-09,,12/31,01/01,,525.0,Storage,,,,02/01/2024,,0,,,,,Private,,,Reservoir Storage,https://dwr.state.co.us/Tools/WaterRights/NetAmounts/1551756,coD66045,,96394.0
Incomplete or bad entry for SiteUUID,,COwr_M1,COwr_O1,,COwr_V1,,,,,,,,,0.0067,Absolute,46694.0-0-C-1105768,,1977-11-04,,12/31,01/01,,,"Recreation,Domestic,Federal Reserved",,,,02/01/2024,,0,,,,,Private,,,Domestic,https://dwr.state.co.us/Tools/WaterRights/NetAmounts/1520765,coD41776,,97001.0
Incomplete or bad entry for SiteUUID,,COwr_M1,COwr_O1,,COwr_V1,,,,,,,,,,Absolute,46720.0-0-A-6603510,,1977-11-30,,12/31,01/01,,1.0,"Fire,Stock,Federal Reserved",,,,02/01/2024,,0,,,,,Private,,,Fire,https://dwr.state.co.us/Tools/WaterRights/NetAmounts/1639932,coD131118,,97055.0
Incomplete or bad entry for SiteUUID,,COwr_M1,COwr_O1,,COwr_V1,,,,,,,,,,Absolute,46782.0-0-A-816294,,1978-01-31,,12/31,01/01,,4915.0,"Irrigation,Municipal,Commercial,Industrial,Recreation,Domestic,Stock,Other",,,,02/01/2024,,0,,,,,Private,,,Agriculture Irrigation,https://dwr.state.co.us/Tools/WaterRights/NetAmounts/1509569,coD152340,,97877.0
Incomplete or bad entry for SiteUUID,,COwr_M1,COwr_O1,,COwr_V1,,,,,,,,,,Absolute,46782.0-0-A-816295,,1978-01-31,,12/31,01/01,,4500.0,"Irrigation,Municipal,Commercial,Industrial,Recreation,Stock,Other",,,,02/01/2024,,0,,,,,Private,,,Agriculture Irrigation,https://dwr.state.co.us/Tools/WaterRights/NetAmounts/1509570,coD152008,,97878.0
Incomplete or bad entry for SiteUUID,,COwr_M1,COwr_O1,,COwr_V1,,,,,,,,,,Conditional Absolute,47116.39193-0-C-3805045,,1957-04-22,,12/31,01/01,,,"Municipal,Industrial,Domestic",,,,02/01/2024,,0,,,,,Private,,,Commercial/Industrial,https://dwr.state.co.us/Tools/WaterRights/NetAmounts/1578503,coD87936,,98710.0
Incomplete or bad entry for SiteUUID,,COwr_M1,COwr_O1,,COwr_V1,,,,,,,,,,Conditional Absolute,47116.39193-0-C-3805046,,1957-04-22,,12/31,01/01,,,"Municipal,Industrial,Domestic",,,,02/01/2024,,0,,,,,Private,,,Commercial/Industrial,https://dwr.state.co.us/Tools/WaterRights/NetAmounts/1578504,coD84008,,98711.0
Incomplete or bad entry for SiteUUID,,COwr_M1,COwr_O1,,COwr_V1,,,,,,,,,,Absolute,47116.40116-0-C-2001675,,1959-11-01,,12/31,01/01,,,Recharge,,,,02/01/2024,,0,,,,,Private,,,Aquifer Recharge,https://dwr.state.co.us/Tools/WaterRights/NetAmounts/1535016,coD51495,,98739.0
Incomplete or bad entry for SiteUUID,,COwr_M1,COwr_O1,,COwr_V1,,,,,,,,,,Absolute,47481.0-0-A-905353,,1979-12-31,,12/31,01/01,,110.0,Municipal,,,,02/01/2024,,0,,,,,Private,,,Public Supply,https://dwr.state.co.us/Tools/WaterRights/NetAmounts/1513048,coD36490,,99612.0
Incomplete or bad entry for SiteUUID,,COwr_M1,COwr_O1,,COwr_V1,,,,,,,,,1.0,Absolute,47504.0-0-C-1900878,,1980-01-23,,12/31,01/01,,,Municipal,,,,02/01/2024,,0,,,,,Private,,,Public Supply,https://dwr.state.co.us/Tools/WaterRights/NetAmounts/1533147,coD49502,,100348.0
Incomplete or bad entry for SiteUUID,,COwr_M1,COwr_O1,,COwr_V1,,,,,,,,,0.022,Absolute,47770.0-0-C-1208045,,1980-10-15,,12/31,01/01,,,"Domestic,Stock",,,,02/01/2024,,0,,,,,Private,,,Livestock,https://dwr.state.co.us/Tools/WaterRights/NetAmounts/1523604,coD46054,,100962.0
Incomplete or bad entry for SiteUUID,,COwr_M1,COwr_O1,,COwr_V1,,,,,,,,,,Absolute,47847.0-0-A-6603592,,1980-12-31,,12/31,01/01,,1.0,"Fire,Stock",,,,02/01/2024,,0,,,,,Private,,,Livestock,https://dwr.state.co.us/Tools/WaterRights/NetAmounts/1640014,coD130845,,101148.0
Incomplete or bad entry for SiteUUID,,COwr_M1,COwr_O1,,COwr_V1,,,,,,,,,,Absolute,47847.0-0-A-816292,,1980-12-31,,12/31,01/01,,5111.0,"Irrigation,Municipal,Commercial,Industrial,Recreation,Fishery,Domestic,Stock,Other",,,,02/01/2024,,0,,,,,Private,,,Agriculture Irrigation,https://dwr.state.co.us/Tools/WaterRights/NetAmounts/1509567,coD152100,,101150.0
Incomplete or bad entry for SiteUUID,,COwr_M1,COwr_O1,,COwr_V1,,,,,,,,,,Absolute,47847.44073-0-A-2203302,,1970-09-01,,12/31,01/01,,21.1,"Irrigation,Municipal,Commercial,Industrial,Recreation,Fishery,Fire,Domestic,Stock",,,,02/01/2024,,0,,,,,Private,,,Agriculture Irrigation,https://dwr.state.co.us/Tools/WaterRights/NetAmounts/1545081,coD61864,,101839.0
Incomplete or bad entry for SiteUUID,,COwr_M1,COwr_O1,,COwr_V1,,,,,,,,,,Absolute,47847.44103-0-A-2203301,,1970-10-01,,12/31,01/01,,30.2,"Irrigation,Municipal,Commercial,Industrial,Recreation,Fishery,Fire,Domestic,Stock",,,,02/01/2024,,0,,,,,Private,,,Agriculture Irrigation,https://dwr.state.co.us/Tools/WaterRights/NetAmounts/1545080,coD61838,,101841.0
Incomplete or bad entry for SiteUUID,,COwr_M1,COwr_O1,,COwr_V1,,,,,,,,,0.002,Absolute,47847.46202-0-C-6602021,,1976-06-30,,12/31,01/01,,,"Fire,Stock",,,,02/01/2024,,0,,,,,Private,,,Livestock,https://dwr.state.co.us/Tools/WaterRights/NetAmounts/1639880,coD130438,,101955.0
Incomplete or bad entry for SiteUUID,,COwr_M1,COwr_O1,,COwr_V1,,,,,,,,,0.002,Absolute,47847.46233-0-C-6602010,,1976-07-31,,12/31,01/01,,,"Fire,Stock",,,,02/01/2024,,0,,,,,Private,,,Livestock,https://dwr.state.co.us/Tools/WaterRights/NetAmounts/1639869,coD130759,,101962.0
Incomplete or bad entry for SiteUUID,,COwr_M1,COwr_O1,,COwr_V1,,,,,,,,,,Absolute,47847.46234-0-A-2203303,,1976-08-01,,12/31,01/01,,24.6,"Irrigation,Municipal,Commercial,Industrial,Recreation,Fishery,Fire,Domestic,Stock",,,,02/01/2024,,0,,,,,Private,,,Agriculture Irrigation,https://dwr.state.co.us/Tools/WaterRights/NetAmounts/1545082,coD62263,,101964.0
Incomplete or bad entry for SiteUUID,,COwr_M1,COwr_O1,,COwr_V1,,,,,,,,,0.002,Absolute,47847.46598-0-C-6602024,,1977-07-31,,12/31,01/01,,,"Fire,Stock",,,,02/01/2024,,0,,,,,Private,,,Livestock,https://dwr.state.co.us/Tools/WaterRights/NetAmounts/1639883,coD131308,,102005.0
Incomplete or bad entry for SiteUUID,,COwr_M1,COwr_O1,,COwr_V1,,,,,,,,,,Absolute,48019.0-0-A-2203304,,1981-06-21,,12/31,01/01,,12.0,"Irrigation,Municipal,Commercial,Industrial,Recreation,Fishery,Fire,Domestic,Stock",,,,02/01/2024,,0,,,,,Private,,,Agriculture Irrigation,https://dwr.state.co.us/Tools/WaterRights/NetAmounts/1545083,coD62760,,102605.0
Incomplete or bad entry for SiteUUID,,COwr_M1,COwr_O1,,COwr_V1,,,,,,,,,0.004,Absolute,48028.0-0-C-6602028,,1981-06-30,,12/31,01/01,,,"Fire,Stock,Federal Reserved",,,,02/01/2024,,0,,,,,Private,,,Fire,https://dwr.state.co.us/Tools/WaterRights/NetAmounts/1639887,coD131238,,102627.0
Incomplete or bad entry for SiteUUID,,COwr_M1,COwr_O1,,COwr_V1,,,,,,,,,0.02,Absolute,48212.48212-0-C-2600828,,1981-12-31,,12/31,01/01,,,"Stock,Wildlife",,,,02/01/2024,,0,,,,,Private,,,In-stream Flow,https://dwr.state.co.us/Tools/WaterRights/NetAmounts/1552729,coD68929,,104321.0
Incomplete or bad entry for SiteUUID,,COwr_M1,COwr_O1,,COwr_V1,,,,,,,,,,Absolute,48576.0-0-A-204006,,1982-12-30,,12/31,01/01,,701.0,All Beneficial Uses,,,,02/01/2024,,0,,,,,Private,,,Unspecified,https://dwr.state.co.us/Tools/WaterRights/NetAmounts/1469775,coD140504,,104953.0
Incomplete or bad entry for SiteUUID,,COwr_M1,COwr_O1,,COwr_V1,,,,,,,,,,Absolute,48576.0-0-A-204007,,1982-12-30,,12/31,01/01,,891.9,All Beneficial Uses,,,,02/01/2024,,0,,,,,Private,,,Unspecified,https://dwr.state.co.us/Tools/WaterRights/NetAmounts/1469776,coD141695,,104954.0
Incomplete or bad entry for SiteUUID,,COwr_M1,COwr_O1,,COwr_V1,,,,,,,,,,Absolute,48576.0-0-A-204008,,1982-12-30,,12/31,01/01,,1264.0,All Beneficial Uses,,,,02/01/2024,,0,,,,,Private,,,Unspecified,https://dwr.state.co.us/Tools/WaterRights/NetAmounts/1469777,coD141546,,104955.0
Incomplete or bad entry for SiteUUID,,COwr_M1,COwr_O1,,COwr_V1,,,,,,,,,,Absolute,48942.0-0-A-204003,,1983-12-31,,12/31,01/01,,3103.79,"Storage,Irrigation,Municipal,Commercial,Industrial,Recreation,Domestic,Stock,Augmentation",,,,02/01/2024,,0,,,,,Private,,,Agriculture Irrigation,https://dwr.state.co.us/Tools/WaterRights/NetAmounts/1469772,coD140891,,106877.0
Incomplete or bad entry for SiteUUID,,COwr_M1,COwr_O1,,COwr_V1,,,,,,,,,,Absolute,48942.0-0-A-204005,,1983-12-31,,12/31,01/01,,5539.33,"Storage,Irrigation,Municipal,Commercial,Industrial,Recreation,Domestic,Stock,Augmentation",,,,02/01/2024,,0,,,,,Private,,,Agriculture Irrigation,https://dwr.state.co.us/Tools/WaterRights/NetAmounts/1469774,coD141408,,106878.0
Incomplete or bad entry for SiteUUID,,COwr_M1,COwr_O1,,COwr_V1,,,,,,,,,0.01,Absolute,48942.48727-0-C-3806053,,1983-05-30,,12/31,01/01,,,"Stock,Wildlife",,,,02/01/2024,,0,,,,,Private,,,In-stream Flow,https://dwr.state.co.us/Tools/WaterRights/NetAmounts/1579796,coD85951,,107542.0
Incomplete or bad entry for SiteUUID,,COwr_M1,COwr_O1,,COwr_V1,,,,,,,,,0.002,Absolute,48942.48727-0-C-3806054,,1983-05-30,,12/31,01/01,,,"Stock,Wildlife",,,,02/01/2024,,0,,,,,Private,,,In-stream Flow,https://dwr.state.co.us/Tools/WaterRights/NetAmounts/1579797,coD87790,,107543.0
Incomplete or bad entry for SiteUUID,,COwr_M1,COwr_O1,,COwr_V1,,,,,,,,,0.0001,Absolute,49308.46577-0-C-1502080,,1977-07-10,,12/31,01/01,,,Stock,,,,02/01/2024,,0,,,,,Private,,,Livestock,https://dwr.state.co.us/Tools/WaterRights/NetAmounts/1527900,coD47456,,108956.0
Incomplete or bad entry for SiteUUID,,COwr_M1,COwr_O1,,COwr_V1,,,,,,,,,0.011,Absolute,49368.0-0-C-1502080,,1985-03-01,,12/31,01/01,,,"Irrigation,Domestic,Stock",,,,02/01/2024,,0,,,,,Private,,,Agriculture Irrigation,https://dwr.state.co.us/Tools/WaterRights/NetAmounts/1527901,coD47224,,109513.0
Incomplete or bad entry for SiteUUID,,COwr_M1,COwr_O1,,COwr_V1,,,,,,,,,,Conditional Absolute,49505.0-0-A-3500669,,1985-07-16,,12/31,01/01,,,"Irrigation,Industrial,Recreation,Fishery,Domestic,Minimum Streamflow,Wildlife",,,,02/01/2024,,0,,,,,Private,,,Agriculture Irrigation,https://dwr.state.co.us/Tools/WaterRights/NetAmounts/1699573,coD77828,,109835.0
Incomplete or bad entry for SiteUUID,,COwr_M1,COwr_O1,,COwr_V1,,,,,,,,,,Absolute,49661.0-0-A-816293,,1985-12-19,,12/31,01/01,,1876.0,"Irrigation,Municipal,Commercial,Industrial,Recreation,Fishery,Domestic,Stock,Augmentation,Wildlife",,,,02/01/2024,,0,,,,,Private,,,Agriculture Irrigation,https://dwr.state.co.us/Tools/WaterRights/NetAmounts/1509568,coD151271,,110151.0
Incomplete or bad entry for SiteUUID,,COwr_M1,COwr_O1,,COwr_V1,,,,,,,,,,Absolute,49673.0-0-A-204002,,1985-12-31,,12/31,01/01,,8245.98,"Storage,Irrigation,Municipal,Commercial,Industrial,Recreation,Domestic,Stock,Augmentation",,,,02/01/2024,,0,,,,,Private,,,Agriculture Irrigation,https://dwr.state.co.us/Tools/WaterRights/NetAmounts/1469771,coD141334,,110461.0
Incomplete or bad entry for SiteUUID,,COwr_M1,COwr_O1,,COwr_V1,,,,,,,,,,Absolute,49673.0-0-A-204004,,1985-12-31,,12/31,01/01,,1151.7,"Storage,Irrigation,Municipal,Commercial,Industrial,Recreation,Domestic,Stock,Augmentation",,,,02/01/2024,,0,,,,,Private,,,Agriculture Irrigation,https://dwr.state.co.us/Tools/WaterRights/NetAmounts/1469773,coD157293,,110462.0
Incomplete or bad entry for SiteUUID,,COwr_M1,COwr_O1,,COwr_V1,,,,,,,,,,Absolute,49673.29401-0-A-2203597,,1930-07-01,,12/31,01/01,,16.0,"Recreation,Fishery,Stock",,,,02/01/2024,,0,,,,,Private,,,Aquaculture,https://dwr.state.co.us/Tools/WaterRights/NetAmounts/1545201,coD61536,,110581.0
Incomplete or bad entry for SiteUUID,,COwr_M1,COwr_O1,,COwr_V1,,,,,,,,,0.04,Absolute,49673.35428-0-C-6702028,,1946-12-31,,12/31,01/01,,,"Irrigation,Stock",,,,02/01/2024,,0,,,,,Private,,,Agriculture Irrigation,https://dwr.state.co.us/Tools/WaterRights/NetAmounts/1640442,coD130549,,110652.0
Incomplete or bad entry for SiteUUID,,COwr_M1,COwr_O1,,COwr_V1,,,,,,,,,0.5,Absolute,49673.47999-0-C-2500772,,1981-06-01,,12/31,01/01,,,"Irrigation,Commercial,Fire,Domestic,Power Generation",,,,02/01/2024,,0,,,,,Private,,,Agriculture Irrigation,https://dwr.state.co.us/Tools/WaterRights/NetAmounts/1551584,coD67028,,110812.0
Incomplete or bad entry for SiteUUID,,COwr_M1,COwr_O1,,COwr_V1,,,,,,,,,,Absolute,49673.49637-0-A-2203597,,1985-11-25,,12/31,01/01,,8.1,"Recreation,Fishery,Stock",,,,02/01/2024,,0,,,,,Private,,,Aquaculture,https://dwr.state.co.us/Tools/WaterRights/NetAmounts/1545202,coD62764,,111046.0
Incomplete or bad entry for SiteUUID,,COwr_M1,COwr_O1,,COwr_V1,,,,,,,,,,Absolute,50026.0-0-A-808601,,1986-12-19,,12/31,01/01,,67.4,"Irrigation,Municipal,Commercial,Industrial,Recreation,Fishery,Fire,Domestic,Stock,Other",,,,02/01/2024,,0,,,,,Private,,,Agriculture Irrigation,https://dwr.state.co.us/Tools/WaterRights/NetAmounts/1501367,coD30435,,111766.0
Incomplete or bad entry for SiteUUID,,COwr_M1,COwr_O1,,COwr_V1,,,,,,,,,,Absolute,50026.0-0-A-808608,,1986-12-19,,12/31,01/01,,133.7,"Irrigation,Municipal,Commercial,Industrial,Recreation,Fishery,Fire,Domestic,Stock,Other",,,,02/01/2024,,0,,,,,Private,,,Agriculture Irrigation,https://dwr.state.co.us/Tools/WaterRights/NetAmounts/1501374,coD31067,,111773.0
Incomplete or bad entry for SiteUUID,,COwr_M1,COwr_O1,,COwr_V1,,,,,,,,,,Absolute,50026.0-0-A-808611,,1986-12-19,,12/31,01/01,,220.3,"Irrigation,Municipal,Commercial,Industrial,Recreation,Fishery,Fire,Domestic,Stock,Other",,,,02/01/2024,,0,,,,,Private,,,Agriculture Irrigation,https://dwr.state.co.us/Tools/WaterRights/NetAmounts/1501377,coD30149,,111776.0
Incomplete or bad entry for SiteUUID,,COwr_M1,COwr_O1,,COwr_V1,,,,,,,,,0.033,Absolute,50038.47612-0-C-3806322,,1980-05-10,,12/31,01/01,,,"Industrial,Domestic",,,,02/01/2024,,0,,,,,Private,,,Commercial/Industrial,https://dwr.state.co.us/Tools/WaterRights/NetAmounts/1580191,coD87220,,112163.0
Incomplete or bad entry for SiteUUID,,COwr_M1,COwr_O1,,COwr_V1,,,,,,,,,,Conditional Absolute,50038.49673-0-C-2001708,,1985-12-31,,12/31,01/01,,,"Irrigation,Municipal,Commercial,Industrial,Recreation,Fishery,Domestic",,,,02/01/2024,,0,,,,,Private,,,Agriculture Irrigation,https://dwr.state.co.us/Tools/WaterRights/NetAmounts/1808004,coD51904,,112333.0
Incomplete or bad entry for SiteUUID,,COwr_M1,COwr_O1,,COwr_V1,,,,,,,,,,Absolute,50038.49673-0-C-2001709,,1985-12-31,,12/31,01/01,,,"Irrigation,Municipal,Commercial,Industrial,Recreation,Fishery,Domestic",,,,02/01/2024,,0,,,,,Private,,,Agriculture Irrigation,https://dwr.state.co.us/Tools/WaterRights/NetAmounts/1889908,coD51688,,112334.0
Incomplete or bad entry for SiteUUID,,COwr_M1,COwr_O1,,COwr_V1,,,,,,,,,,Conditional Absolute,50038.49673-0-C-2001861,,1985-12-31,,12/31,01/01,,,"Irrigation,Municipal,Commercial,Industrial,Recreation,Fishery,Domestic",,,,02/01/2024,,0,,,,,Private,,,Agriculture Irrigation,https://dwr.state.co.us/Tools/WaterRights/NetAmounts/1808038,coD170149,,112335.0
Incomplete or bad entry for SiteUUID,,COwr_M1,COwr_O1,,COwr_V1,,,,,,,,,,Conditional Absolute,50038.49673-0-C-2006687,,1985-12-31,,12/31,01/01,,,"Irrigation,Municipal,Commercial,Industrial,Recreation,Fishery,Domestic",,,,02/01/2024,,0,,,,,Private,,,Agriculture Irrigation,https://dwr.state.co.us/Tools/WaterRights/NetAmounts/1808090,coD54369,,112336.0
Incomplete or bad entry for SiteUUID,,COwr_M1,COwr_O1,,COwr_V1,,,,,,,,,,Conditional Absolute,50038.49673-0-C-2006688,,1985-12-31,,12/31,01/01,,,"Irrigation,Municipal,Commercial,Industrial,Recreation,Fishery,Domestic",,,,02/01/2024,,0,,,,,Private,,,Agriculture Irrigation,https://dwr.state.co.us/Tools/WaterRights/NetAmounts/1808108,coD54834,,112337.0
Incomplete or bad entry for SiteUUID,,COwr_M1,COwr_O1,,COwr_V1,,,,,,,,,0.1,Absolute,50038.49792-0-C-3806296,,1986-04-29,,12/31,01/01,,,"Irrigation,Stock",,,,02/01/2024,,0,,,,,Private,,,Agriculture Irrigation,https://dwr.state.co.us/Tools/WaterRights/NetAmounts/1654172,coD85648,,112340.0
Incomplete or bad entry for SiteUUID,,COwr_M1,COwr_O1,,COwr_V1,,,,,,,,,0.018,Absolute,50135.0-0-C-5305172,,1987-04-07,,12/31,01/01,,,Domestic,,,,02/01/2024,,0,,,,,Private,,,Domestic,https://dwr.state.co.us/Tools/WaterRights/NetAmounts/1616404,coD110502,,112498.0
Incomplete or bad entry for SiteUUID,,COwr_M1,COwr_O1,,COwr_V1,,,,,,,,,,Conditional Absolute,50143.0-0-A-2001708,,1987-04-15,,12/31,01/01,,,"Storage,Irrigation,Municipal,Commercial,Industrial,Recreation,Fishery,Domestic,Augmentation,Evaporative",,,,02/01/2024,,0,,,,,Private,,,Agriculture Irrigation,https://dwr.state.co.us/Tools/WaterRights/NetAmounts/1808006,coD51405,,112507.0
Incomplete or bad entry for SiteUUID,,COwr_M1,COwr_O1,,COwr_V1,,,,,,,,,,Conditional Absolute,50143.0-0-A-2001709,,1987-04-15,,12/31,01/01,,,"Irrigation,Municipal,Commercial,Industrial,Recreation,Fishery,Domestic,Augmentation",,,,02/01/2024,,0,,,,,Private,,,Agriculture Irrigation,https://dwr.state.co.us/Tools/WaterRights/NetAmounts/1889910,coD51029,,112508.0
Incomplete or bad entry for SiteUUID,,COwr_M1,COwr_O1,,COwr_V1,,,,,,,,,,Conditional Absolute,50143.0-0-A-2001861,,1987-04-15,,12/31,01/01,,,"Irrigation,Municipal,Commercial,Industrial,Recreation,Fishery,Domestic,Augmentation",,,,02/01/2024,,0,,,,,Private,,,Agriculture Irrigation,https://dwr.state.co.us/Tools/WaterRights/NetAmounts/1808040,coD169647,,112509.0
Incomplete or bad entry for SiteUUID,,COwr_M1,COwr_O1,,COwr_V1,,,,,,,,,,Conditional Absolute,50143.0-0-A-2003639,,1987-04-15,,12/31,01/01,,,"Irrigation,Municipal,Commercial,Industrial,Recreation,Fishery,Domestic,Augmentation",,,,02/01/2024,,0,,,,,Private,,,Agriculture Irrigation,https://dwr.state.co.us/Tools/WaterRights/NetAmounts/1808071,coD53319,,112510.0
Incomplete or bad entry for SiteUUID,,COwr_M1,COwr_O1,,COwr_V1,,,,,,,,,,Conditional Absolute,50143.0-0-A-2006687,,1987-04-15,,12/31,01/01,,,"Irrigation,Municipal,Commercial,Industrial,Recreation,Fishery,Domestic,Augmentation",,,,02/01/2024,,0,,,,,Private,,,Agriculture Irrigation,https://dwr.state.co.us/Tools/WaterRights/NetAmounts/1808092,coD54867,,112511.0
Incomplete or bad entry for SiteUUID,,COwr_M1,COwr_O1,,COwr_V1,,,,,,,,,,Conditional Absolute,50143.0-0-A-2006688,,1987-04-15,,12/31,01/01,,,"Irrigation,Municipal,Commercial,Industrial,Recreation,Fishery,Domestic,Augmentation",,,,02/01/2024,,0,,,,,Private,,,Agriculture Irrigation,https://dwr.state.co.us/Tools/WaterRights/NetAmounts/1808110,coD54437,,112512.0
Incomplete or bad entry for SiteUUID,,COwr_M1,COwr_O1,,COwr_V1,,,,,,,,,,Conditional Absolute,50143.0-0-C-2001709,,1987-04-15,,12/31,01/01,,,"Irrigation,Municipal,Commercial,Industrial,Recreation,Fishery,Domestic,Augmentation",,,,02/01/2024,,0,,,,,Private,,,Agriculture Irrigation,https://dwr.state.co.us/Tools/WaterRights/NetAmounts/1889909,coD51315,,112513.0
Incomplete or bad entry for SiteUUID,,COwr_M1,COwr_O1,,COwr_V1,,,,,,,,,,Conditional Absolute,50143.0-0-C-2001861,,1987-04-15,,12/31,01/01,,,"Irrigation,Municipal,Commercial,Industrial,Recreation,Fishery,Domestic,Augmentation",,,,02/01/2024,,0,,,,,Private,,,Agriculture Irrigation,https://dwr.state.co.us/Tools/WaterRights/NetAmounts/1808039,coD169355,,112514.0
Incomplete or bad entry for SiteUUID,,COwr_M1,COwr_O1,,COwr_V1,,,,,,,,,0.033,Absolute,50220.0-0-C-3806343,,1987-07-01,,12/31,01/01,,,Domestic,,,,02/01/2024,,0,,,,,Private,,,Domestic,https://dwr.state.co.us/Tools/WaterRights/NetAmounts/1580212,coD87688,,112652.0
Incomplete or bad entry for SiteUUID,,COwr_M1,COwr_O1,,COwr_V1,,,,,,,,,0.022,Absolute,50403.41576-0-C-3801824,,1963-10-31,,12/31,01/01,,,"Irrigation,Fishery",,,,02/01/2024,,0,,,,,Private,,,Agriculture Irrigation,https://dwr.state.co.us/Tools/WaterRights/NetAmounts/1576911,coD86956,,113155.0
Incomplete or bad entry for SiteUUID,,COwr_M1,COwr_O1,,COwr_V1,,,,,,,,,,Conditional Absolute,50403.49031-0-C-1202800,,1984-03-29,,12/31,01/01,,,"Commercial,Industrial,Fire,Augmentation",,,,02/01/2024,,0,,,,,Private,,,Commercial/Industrial,https://dwr.state.co.us/Tools/WaterRights/NetAmounts/1522916,coD42212,,113292.0
Incomplete or bad entry for SiteUUID,,COwr_M1,COwr_O1,,COwr_V1,,,,,,,,,0.033,Absolute,50403.49429-0-C-5305171,,1985-05-01,,12/31,01/01,,,Domestic,,,,02/01/2024,,0,,,,,Private,,,Domestic,https://dwr.state.co.us/Tools/WaterRights/NetAmounts/1616403,coD113895,,113312.0
Incomplete or bad entry for SiteUUID,,COwr_M1,COwr_O1,,COwr_V1,,,,,,,,,0.011,Absolute,50403.50204-0-C-3806315,,1987-06-15,,12/31,01/01,,,"Irrigation,Fire,Stock",,,,02/01/2024,,0,,,,,Private,,,Agriculture Irrigation,https://dwr.state.co.us/Tools/WaterRights/NetAmounts/1580184,coD86443,,113372.0
Incomplete or bad entry for SiteUUID,,COwr_M1,COwr_O1,,COwr_V1,,,,,,,,,0.011,Absolute,50403.50221-0-C-3806316,,1987-07-02,,12/31,01/01,,,"Irrigation,Fire,Domestic,Stock",,,,02/01/2024,,0,,,,,Private,,,Agriculture Irrigation,https://dwr.state.co.us/Tools/WaterRights/NetAmounts/1902607,coD81008,,113378.0
Incomplete or bad entry for SiteUUID,,COwr_M1,COwr_O1,,COwr_V1,,,,,,,,,0.75,Absolute,50900.0-0-C-2500824,,1989-05-11,,12/31,01/01,,,Minimum Streamflow,,,,02/01/2024,,0,,,,,Private,,,In-stream Flow,https://dwr.state.co.us/Tools/WaterRights/NetAmounts/1551635,coD65487,,114616.0
Incomplete or bad entry for SiteUUID,,COwr_M1,COwr_O1,,COwr_V1,,,,,,,,,2.5,Absolute,50900.0-0-C-2500825,,1989-05-11,,12/31,01/01,,,Minimum Streamflow,,,,02/01/2024,,0,,,,,Private,,,In-stream Flow,https://dwr.state.co.us/Tools/WaterRights/NetAmounts/1551636,coD66926,,114617.0
Incomplete or bad entry for SiteUUID,,COwr_M1,COwr_O1,,COwr_V1,,,,,,,,,1.5,Absolute,50900.0-0-C-2500826,,1989-05-11,,12/31,01/01,,,Minimum Streamflow,,,,02/01/2024,,0,,,,,Private,,,In-stream Flow,https://dwr.state.co.us/Tools/WaterRights/NetAmounts/1551637,coD66579,,114618.0
Incomplete or bad entry for SiteUUID,,COwr_M1,COwr_O1,,COwr_V1,,,,,,,,,,Conditional Absolute,51072.0-0-A-2003639,,1989-10-30,,12/31,01/01,,,"Irrigation,Municipal,Commercial,Industrial,Recreation,Fishery,Domestic,Augmentation",,,,02/01/2024,,0,,,,,Private,,,Agriculture Irrigation,https://dwr.state.co.us/Tools/WaterRights/NetAmounts/1808072,coD51000,,114812.0
Incomplete or bad entry for SiteUUID,,COwr_M1,COwr_O1,,COwr_V1,,,,,,,,,,Conditional Absolute,51103.0-0-A-2001708,,1989-11-30,,12/31,01/01,,,"Storage,Irrigation,Municipal,Commercial,Industrial,Recreation,Fishery,Domestic,Augmentation,Evaporative",,,,02/01/2024,,0,,,,,Private,,,Agriculture Irrigation,https://dwr.state.co.us/Tools/WaterRights/NetAmounts/1808007,coD52395,,114850.0
Incomplete or bad entry for SiteUUID,,COwr_M1,COwr_O1,,COwr_V1,,,,,,,,,,Absolute,51134.47847-0-A-3804152,,1980-12-31,,12/31,01/01,,0.37,"Irrigation,Fire,Other",,,,02/01/2024,,0,,,,,Private,,,Agriculture Irrigation,https://dwr.state.co.us/Tools/WaterRights/NetAmounts/1578045,coD84007,,115408.0
Incomplete or bad entry for SiteUUID,,COwr_M1,COwr_O1,,COwr_V1,,,,,,,,,0.05,Absolute,5114.0-0-C-1907000,,1864-01-01,,12/31,01/01,,,"Domestic,Household Use Only",,,,02/01/2024,,0,,,,,Private,,,Domestic,https://dwr.state.co.us/Tools/WaterRights/NetAmounts/1533780,coD52101,,115811.0
Incomplete or bad entry for SiteUUID,,COwr_M1,COwr_O1,,COwr_V1,,,,,,,,,0.026,Absolute,5114.0-0-C-1907001,,1864-01-01,,12/31,01/01,,,"Domestic,Household Use Only",,,,02/01/2024,,0,,,,,Private,,,Domestic,https://dwr.state.co.us/Tools/WaterRights/NetAmounts/1533782,coD51191,,115812.0
Incomplete or bad entry for SiteUUID,,COwr_M1,COwr_O1,,COwr_V1,,,,,,,,,,Conditional Absolute,51411.0-0-C-3815173,,1990-10-04,,12/31,01/01,,,"Storage,Irrigation,Municipal,Fishery,Fire,Domestic,Stock,Augmentation,Wildlife",,,,02/01/2024,,0,,,,,Private,,,Agriculture Irrigation,https://dwr.state.co.us/Tools/WaterRights/NetAmounts/1581951,coD143284,,116159.0
Incomplete or bad entry for SiteUUID,,COwr_M1,COwr_O1,,COwr_V1,,,,,,,,,,Conditional Absolute,51411.0-0-C-3815174,,1990-10-04,,12/31,01/01,,,"Storage,Irrigation,Municipal,Fishery,Fire,Domestic,Stock,Augmentation,Wildlife",,,,02/01/2024,,0,,,,,Private,,,Agriculture Irrigation,https://dwr.state.co.us/Tools/WaterRights/NetAmounts/1581952,coD142021,,116160.0
Incomplete or bad entry for SiteUUID,,COwr_M1,COwr_O1,,COwr_V1,,,,,,,,,,Conditional Absolute,51495.0-0-A-2001708,,1990-12-27,,12/31,01/01,,,"Irrigation,Municipal,Commercial,Industrial,Recreation,Fishery,Domestic,Augmentation",,,,02/01/2024,,0,,,,,Private,,,Agriculture Irrigation,https://dwr.state.co.us/Tools/WaterRights/NetAmounts/1808008,coD52005,,116285.0
Incomplete or bad entry for SiteUUID,,COwr_M1,COwr_O1,,COwr_V1,,,,,,,,,,Conditional Absolute,51495.0-0-A-2001709,,1990-12-27,,12/31,01/01,,,"Irrigation,Municipal,Commercial,Industrial,Recreation,Fishery,Domestic,Augmentation",,,,02/01/2024,,0,,,,,Private,,,Agriculture Irrigation,https://dwr.state.co.us/Tools/WaterRights/NetAmounts/1889911,coD51679,,116286.0
Incomplete or bad entry for SiteUUID,,COwr_M1,COwr_O1,,COwr_V1,,,,,,,,,,Conditional Absolute,51495.0-0-A-2001861,,1990-12-27,,12/31,01/01,,,"Irrigation,Municipal,Commercial,Industrial,Recreation,Fishery,Domestic,Augmentation",,,,02/01/2024,,0,,,,,Private,,,Agriculture Irrigation,https://dwr.state.co.us/Tools/WaterRights/NetAmounts/1808041,coD170258,,116287.0
Incomplete or bad entry for SiteUUID,,COwr_M1,COwr_O1,,COwr_V1,,,,,,,,,,Conditional Absolute,51495.0-0-A-2003639,,1990-12-27,,12/31,01/01,,,"Irrigation,Municipal,Commercial,Industrial,Recreation,Fishery,Domestic,Augmentation",,,,02/01/2024,,0,,,,,Private,,,Agriculture Irrigation,https://dwr.state.co.us/Tools/WaterRights/NetAmounts/1808073,coD53220,,116288.0
Incomplete or bad entry for SiteUUID,,COwr_M1,COwr_O1,,COwr_V1,,,,,,,,,,Conditional Absolute,51495.0-0-A-2006687,,1990-12-27,,12/31,01/01,,,"Irrigation,Municipal,Commercial,Industrial,Recreation,Fishery,Domestic,Augmentation",,,,02/01/2024,,0,,,,,Private,,,Agriculture Irrigation,https://dwr.state.co.us/Tools/WaterRights/NetAmounts/1808093,coD55337,,116289.0
Incomplete or bad entry for SiteUUID,,COwr_M1,COwr_O1,,COwr_V1,,,,,,,,,,Conditional Absolute,51495.0-0-A-2006688,,1990-12-27,,12/31,01/01,,,"Irrigation,Municipal,Commercial,Industrial,Recreation,Fishery,Domestic,Augmentation",,,,02/01/2024,,0,,,,,Private,,,Agriculture Irrigation,https://dwr.state.co.us/Tools/WaterRights/NetAmounts/1808111,coD55440,,116290.0
Incomplete or bad entry for SiteUUID,,COwr_M1,COwr_O1,,COwr_V1,,,,,,,,,0.033,Absolute,51499.47905-0-C-3505094,,1981-02-27,,12/31,01/01,,,Domestic,,,,02/01/2024,,0,,,,,Private,,,Domestic,https://dwr.state.co.us/Tools/WaterRights/NetAmounts/1566705,coD78815,,116561.0
Incomplete or bad entry for SiteUUID,,COwr_M1,COwr_O1,,COwr_V1,,,,,,,,,0.85,Absolute,51864.0-0-C-2001702,,1991-12-31,,12/31,01/01,,,"Irrigation,Stock",,,,02/01/2024,,0,,,,,Private,,,Agriculture Irrigation,https://dwr.state.co.us/Tools/WaterRights/NetAmounts/1535044,coD51067,,117084.0
Incomplete or bad entry for SiteUUID,,COwr_M1,COwr_O1,,COwr_V1,,,,,,,,,,Absolute,52171.0-0-A-1000972,,1992-11-02,,12/31,01/01,,1.06,Augmentation,,,,02/01/2024,,0,,,,,Private,,,Unspecified,https://dwr.state.co.us/Tools/WaterRights/NetAmounts/1514628,coD37510,,118055.0
Incomplete or bad entry for SiteUUID,,COwr_M1,COwr_O1,,COwr_V1,,,,,,,,,0.016,Absolute,53089.0-0-C-6001669,,1995-05-09,,12/31,01/01,,,Stock,,,,02/01/2024,,0,,,,,Private,,,Livestock,https://dwr.state.co.us/Tools/WaterRights/NetAmounts/1630337,coD124814,,122251.0
Incomplete or bad entry for SiteUUID,,COwr_M1,COwr_O1,,COwr_V1,,,,,,,,,,Absolute,53325.53282-0-C-2001709,,1995-11-18,,12/31,01/01,,,Snow Making,,,,02/01/2024,,0,,,,,Private,,,Snow,https://dwr.state.co.us/Tools/WaterRights/NetAmounts/1889912,coD51942,,123829.0
Incomplete or bad entry for SiteUUID,,COwr_M1,COwr_O1,,COwr_V1,,,,,,,,,,Conditional Absolute,53325.53282-0-C-2001861,,1995-11-18,,12/31,01/01,,,Snow Making,,,,02/01/2024,,0,,,,,Private,,,Snow,https://dwr.state.co.us/Tools/WaterRights/NetAmounts/1808042,coD169851,,123830.0
Incomplete or bad entry for SiteUUID,,COwr_M1,COwr_O1,,COwr_V1,,,,,,,,,,Conditional Absolute,53593.0-0-C-2001861,,1996-09-24,,12/31,01/01,,,"Commercial,Fire,Domestic",,,,02/01/2024,,0,,,,,Private,,,Commercial/Industrial,https://dwr.state.co.us/Tools/WaterRights/NetAmounts/1808043,coD169568,,124312.0
Incomplete or bad entry for SiteUUID,,COwr_M1,COwr_O1,,COwr_V1,,,,,,,,,,Conditional Absolute,54056.53644-0-A-4303330,,1996-11-14,,12/31,01/01,,,"Industrial,Domestic,Augmentation",,,,02/01/2024,,0,,,,,Private,,,Commercial/Industrial,https://dwr.state.co.us/Tools/WaterRights/NetAmounts/1676469,coD168612,,126634.0
Incomplete or bad entry for SiteUUID,,COwr_M1,COwr_O1,,COwr_V1,,,,,,,,,,Conditional Absolute,54056.53644-0-C-4303330,,1996-11-14,,12/31,01/01,,,"Industrial,Domestic,Augmentation",,,,02/01/2024,,0,,,,,Private,,,Commercial/Industrial,https://dwr.state.co.us/Tools/WaterRights/NetAmounts/1676468,coD167791,,126643.0
Incomplete or bad entry for SiteUUID,,COwr_M1,COwr_O1,,COwr_V1,,,,,,,,,,Absolute,54174.0-0-A-810395,,1998-04-28,,12/31,01/01,,78.8,"Irrigation,Municipal,Commercial,Industrial,Recreation,Fishery,Fire,Domestic,Stock,Augmentation",,,,02/01/2024,,0,,,,,Private,,,Agriculture Irrigation,https://dwr.state.co.us/Tools/WaterRights/NetAmounts/1502800,coD32154,,126906.0
Incomplete or bad entry for SiteUUID,,COwr_M1,COwr_O1,,COwr_V1,,,,,,,,,,Absolute,54174.0-0-A-810396,,1998-04-28,,12/31,01/01,,2.9,"Irrigation,Municipal,Commercial,Industrial,Recreation,Fishery,Fire,Domestic,Stock,Augmentation",,,,02/01/2024,,0,,,,,Private,,,Agriculture Irrigation,https://dwr.state.co.us/Tools/WaterRights/NetAmounts/1502801,coD31791,,126907.0
Incomplete or bad entry for SiteUUID,,COwr_M1,COwr_O1,,COwr_V1,,,,,,,,,,Absolute,54237.0-0-A-811501,,1998-06-30,,12/31,01/01,,1124.9,"Municipal,All Beneficial Uses",,,,02/01/2024,,0,,,,,Private,,,Public Supply,https://dwr.state.co.us/Tools/WaterRights/NetAmounts/1503884,coD31531,,127071.0
Incomplete or bad entry for SiteUUID,,COwr_M1,COwr_O1,,COwr_V1,,,,,,,,,,Absolute,54237.0-0-A-811502,,1998-06-30,,12/31,01/01,,821.0,"Municipal,All Beneficial Uses",,,,02/01/2024,,0,,,,,Private,,,Public Supply,https://dwr.state.co.us/Tools/WaterRights/NetAmounts/1503885,coD31954,,127072.0
Incomplete or bad entry for SiteUUID,,COwr_M1,COwr_O1,,COwr_V1,,,,,,,,,,Absolute,54237.0-0-A-811503,,1998-06-30,,12/31,01/01,,60.0,"Municipal,All Beneficial Uses",,,,02/01/2024,,0,,,,,Private,,,Public Supply,https://dwr.state.co.us/Tools/WaterRights/NetAmounts/1503886,coD32300,,127073.0
Incomplete or bad entry for SiteUUID,,COwr_M1,COwr_O1,,COwr_V1,,,,,,,,,,Absolute,54237.0-0-A-811504,,1998-06-30,,12/31,01/01,,938.0,"Municipal,All Beneficial Uses",,,,02/01/2024,,0,,,,,Private,,,Public Supply,https://dwr.state.co.us/Tools/WaterRights/NetAmounts/1503887,coD32668,,127074.0
Incomplete or bad entry for SiteUUID,,COwr_M1,COwr_O1,,COwr_V1,,,,,,,,,174.8,Absolute,54421.20242-0-C-2001963,,1905-06-03,,12/31,01/01,,,Minimum Streamflow,,,,02/01/2024,,0,,,,,Private,,,In-stream Flow,https://dwr.state.co.us/Tools/WaterRights/NetAmounts/1535308,coD52017,,127745.0
Incomplete or bad entry for SiteUUID,,COwr_M1,COwr_O1,,COwr_V1,,,,,,,,,0.03,Absolute,54421.5133-0-C-1202688,,1990-07-15,,12/31,01/01,,,"Fire,Stock,Wildlife",,,,02/01/2024,,0,,,,,Private,,,Fire,https://dwr.state.co.us/Tools/WaterRights/NetAmounts/1522795,coD43028,,128353.0
Incomplete or bad entry for SiteUUID,,COwr_M1,COwr_O1,,COwr_V1,,,,,,,,,0.033,Absolute,54943.0-0-C-4505065,,2000-06-05,,12/31,01/01,,,Domestic,,,,02/01/2024,,0,,,,,Private,,,Domestic,https://dwr.state.co.us/Tools/WaterRights/NetAmounts/1606575,coD148786,,130291.0
Incomplete or bad entry for SiteUUID,,COwr_M1,COwr_O1,,COwr_V1,,,,,,,,,,Absolute,55514.0-0-A-210013,,2001-12-28,,12/31,01/01,,3052.0,All Beneficial Uses,,,,02/01/2024,,0,,,,,Private,,,Unspecified,https://dwr.state.co.us/Tools/WaterRights/NetAmounts/1476218,coD11404,,132162.0
Incomplete or bad entry for SiteUUID,,COwr_M1,COwr_O1,,COwr_V1,,,,,,,,,,Absolute,55514.0-0-A-210014,,2001-12-28,,12/31,01/01,,1199.0,All Beneficial Uses,,,,02/01/2024,,0,,,,,Private,,,Unspecified,https://dwr.state.co.us/Tools/WaterRights/NetAmounts/1476219,coD10958,,132163.0
Incomplete or bad entry for SiteUUID,,COwr_M1,COwr_O1,,COwr_V1,,,,,,,,,,Absolute,55514.0-0-A-210017,,2001-12-28,,12/31,01/01,,1221.0,All Beneficial Uses,,,,02/01/2024,,0,,,,,Private,,,Unspecified,https://dwr.state.co.us/Tools/WaterRights/NetAmounts/1476222,coD11522,,132164.0
Incomplete or bad entry for SiteUUID,,COwr_M1,COwr_O1,,COwr_V1,,,,,,,,,,Absolute,55514.0-0-A-210018,,2001-12-28,,12/31,01/01,,1712.0,All Beneficial Uses,,,,02/01/2024,,0,,,,,Private,,,Unspecified,https://dwr.state.co.us/Tools/WaterRights/NetAmounts/1476223,coD11064,,132165.0
Incomplete or bad entry for SiteUUID,,COwr_M1,COwr_O1,,COwr_V1,,,,,,,,,,Conditional Absolute,57159.0-0-C-2002113,,2006-06-30,,12/31,01/01,,,"Recreation,Fishery,Wildlife",,,,02/01/2024,,0,,,,,Private,,,Aquaculture,https://dwr.state.co.us/Tools/WaterRights/NetAmounts/1699841,coD158701,,141215.0
Incomplete or bad entry for SiteUUID,,COwr_M1,COwr_O1,,COwr_V1,,,,,,,,,,Conditional Absolute,57159.0-0-C-2002114,,2006-06-30,,12/31,01/01,,,"Recreation,Fishery,Wildlife",,,,02/01/2024,,0,,,,,Private,,,Aquaculture,https://dwr.state.co.us/Tools/WaterRights/NetAmounts/1699842,coD159814,,141216.0
Incomplete or bad entry for SiteUUID,,COwr_M1,COwr_O1,,COwr_V1,,,,,,,,,,Conditional Absolute,57708.0-0-C-4308002,,2007-12-31,,12/31,01/01,,,"Irrigation,Commercial,Industrial,Fire,Domestic,Stock,Augmentation,Wildlife",,,,02/01/2024,,0,,,,,Private,,,Agriculture Irrigation,https://dwr.state.co.us/Tools/WaterRights/NetAmounts/1894284,coD160635,,142871.0
Incomplete or bad entry for SiteUUID,,COwr_M1,COwr_O1,,COwr_V1,,,,,,,,,,Absolute,57904.0-0-A-4517030,,2008-07-14,,12/31,01/01,,15.51,Augmentation,,,,02/01/2024,,0,,,,,Private,,,Unspecified,https://dwr.state.co.us/Tools/WaterRights/NetAmounts/1607366,coD148704,,144393.0
Incomplete or bad entry for SiteUUID,,COwr_M1,COwr_O1,,COwr_V1,,,,,,,,,,Absolute,58804.49187-0-A-5303610,,1984-09-01,,12/31,01/01,,0.07,"Stock,Wildlife",,,,02/01/2024,,0,,,,,Private,,,In-stream Flow,https://dwr.state.co.us/Tools/WaterRights/NetAmounts/1616038,coD157010,,148032.0
Incomplete or bad entry for SiteUUID,,COwr_M1,COwr_O1,,COwr_V1,,,,,,,,,0.011,Absolute,58804.55569-0-C-3706168,,2002-02-21,,12/31,01/01,,,"Stock,Wildlife",,,,02/01/2024,,0,,,,,Private,,,In-stream Flow,https://dwr.state.co.us/Tools/WaterRights/NetAmounts/1574683,coD152999,,148210.0
Incomplete or bad entry for SiteUUID,,COwr_M1,COwr_O1,,COwr_V1,,,,,,,,,0.72,Absolute,5904.0-0-C-1907003,,1866-03-01,,12/31,01/01,,,Augmentation,,,,02/01/2024,,0,,,,,Private,,,Unspecified,https://dwr.state.co.us/Tools/WaterRights/NetAmounts/1533783,coD51152,,148637.0
Incomplete or bad entry for SiteUUID,,COwr_M1,COwr_O1,,COwr_V1,,,,,,,,,2.85,Absolute,59193.0-0-C-2502000,,2012-01-24,,12/31,01/01,,,Minimum Streamflow,,,,02/01/2024,,0,,,,,Private,,,In-stream Flow,https://dwr.state.co.us/Tools/WaterRights/NetAmounts/1551750,coD154887,,149231.0
Incomplete or bad entry for SiteUUID,,COwr_M1,COwr_O1,,COwr_V1,,,,,,,,,,Conditional Absolute,59414.0-0-C-3809043,,2012-09-01,,12/31,01/01,,,Augmentation,,,,02/01/2024,,0,,,,,Private,,,Unspecified,https://dwr.state.co.us/Tools/WaterRights/NetAmounts/1581473,coD164353,,149879.0
Incomplete or bad entry for SiteUUID,,COwr_M1,COwr_O1,,COwr_V1,,,,,,,,,,Conditional Absolute,60127.0-0-A-3808824,,2014-08-15,,12/31,01/01,,,"Irrigation,Commercial,Industrial,Fire,Domestic,Augmentation",,,,02/01/2024,,0,,,,,Private,,,Agriculture Irrigation,https://dwr.state.co.us/Tools/WaterRights/NetAmounts/1777832,coD166727,,151308.0
Incomplete or bad entry for SiteUUID,,COwr_M1,COwr_O1,,COwr_V1,,,,,,,,,0.033,Absolute,60265.60183-0-C-6300828,,2014-10-10,,12/31,01/01,,,"Storage,Stock,Wildlife",,,,02/01/2024,,0,,,,,Private,,,In-stream Flow,https://dwr.state.co.us/Tools/WaterRights/NetAmounts/1922352,coD165724,,151986.0
Incomplete or bad entry for SiteUUID,,COwr_M1,COwr_O1,,COwr_V1,,,,,,,,,,Absolute,60538.0-0-A-6300830,,2015-09-30,,12/31,01/01,,2.5,"Recreation,Fishery,Fire,Stock,Wildlife",,,,02/01/2024,,0,,,,,Private,,,Aquaculture,https://dwr.state.co.us/Tools/WaterRights/NetAmounts/1922356,coD165113,,152344.0
Incomplete or bad entry for SiteUUID,,COwr_M1,COwr_O1,,COwr_V1,,,,,,,,,0.033,Absolute,60548.0-0-C-6300829,,2015-10-10,,12/31,01/01,,,"Storage,Stock,Wildlife",,,,02/01/2024,,0,,,,,Private,,,In-stream Flow,https://dwr.state.co.us/Tools/WaterRights/NetAmounts/1922353,coD143591,,152352.0
Incomplete or bad entry for SiteUUID,,COwr_M1,COwr_O1,,COwr_V1,,,,,,,,,0.01,Absolute,60783.0-0-C-4003165,,2016-06-01,,12/31,01/01,,,"Irrigation,Stock",,,,02/01/2024,,0,,,,,Private,,,Agriculture Irrigation,https://dwr.state.co.us/Tools/WaterRights/NetAmounts/1588883,coD164700,,152737.0
Incomplete or bad entry for SiteUUID,,COwr_M1,COwr_O1,,COwr_V1,,,,,,,,,,Absolute,60783.0-0-C-4003166,,2016-06-01,,12/31,01/01,,,Irrigation,,,,02/01/2024,,0,,,,,Private,,,Agriculture Irrigation,https://dwr.state.co.us/Tools/WaterRights/NetAmounts/1588884,coD165636,,152738.0
Incomplete or bad entry for SiteUUID,,COwr_M1,COwr_O1,,COwr_V1,,,,,,,,,0.033,Absolute,60917.0-0-C-4101220,,2016-10-13,,12/31,01/01,,,"Irrigation,Power Generation,Wildlife",,,,02/01/2024,,0,,,,,Private,,,Agriculture Irrigation,https://dwr.state.co.us/Tools/WaterRights/NetAmounts/1899083,coD165070,,152801.0
Incomplete or bad entry for SiteUUID,,COwr_M1,COwr_O1,,COwr_V1,,,,,,,,,74.0,Absolute,61020.0-0-C-5402008,,2017-01-24,,12/31,01/01,,,Minimum Streamflow,,,,02/01/2024,,0,,,,,Private,,,In-stream Flow,https://dwr.state.co.us/Tools/WaterRights/NetAmounts/1682522,coD151007,,153117.0
Incomplete or bad entry for SiteUUID,,COwr_M1,COwr_O1,,COwr_V1,,,,,,,,,,Absolute,61785.0-0-A-1009319,,2019-02-28,,12/31,01/01,,9815.8,"Storage,Irrigation,Recreation,Fire,Domestic,Stock,Augmentation",,,,02/01/2024,,0,,,,,Private,,,Agriculture Irrigation,https://dwr.state.co.us/Tools/WaterRights/NetAmounts/1789127,coD169085,,154529.0
Incomplete or bad entry for SiteUUID,,COwr_M1,COwr_O1,,COwr_V1,,,,,,,,,,Absolute,61785.0-0-A-1009320,,2019-02-28,,12/31,01/01,,12495.0,"Storage,Irrigation,Recreation,Fire,Domestic,Stock,Augmentation",,,,02/01/2024,,0,,,,,Private,,,Agriculture Irrigation,https://dwr.state.co.us/Tools/WaterRights/NetAmounts/1789122,coD170100,,154530.0
Incomplete or bad entry for SiteUUID,,COwr_M1,COwr_O1,,COwr_V1,,,,,,,,,,Absolute,61785.0-0-A-1009321,,2019-02-28,,12/31,01/01,,6763.0,"Storage,Irrigation,Recreation,Fire,Domestic,Stock,Augmentation",,,,02/01/2024,,0,,,,,Private,,,Agriculture Irrigation,https://dwr.state.co.us/Tools/WaterRights/NetAmounts/1789123,coD170444,,154531.0
Incomplete or bad entry for SiteUUID,,COwr_M1,COwr_O1,,COwr_V1,,,,,,,,,,Absolute,61785.0-0-A-1009322,,2019-02-28,,12/31,01/01,,4220.0,"Storage,Irrigation,Recreation,Fire,Domestic,Stock,Augmentation",,,,02/01/2024,,0,,,,,Private,,,Agriculture Irrigation,https://dwr.state.co.us/Tools/WaterRights/NetAmounts/1789129,coD169272,,154532.0
Incomplete or bad entry for SiteUUID,,COwr_M1,COwr_O1,,COwr_V1,,,,,,,,,,Absolute,62091.53843-0-A-3802086,,1997-06-01,,12/31,01/01,,0.18,Irrigation,,,,02/01/2024,,0,,,,,Private,,,Agriculture Irrigation,https://dwr.state.co.us/Tools/WaterRights/NetAmounts/1903699,coD171094,,154866.0
Incomplete or bad entry for SiteUUID,,COwr_M1,COwr_O1,,COwr_V1,,,,,,,,,0.25,Absolute,62822.52503-0-C-3010066,,1993-09-30,,12/31,01/01,,,Irrigation,,,,02/01/2024,,0,,,,,Private,,,Agriculture Irrigation,https://dwr.state.co.us/Tools/WaterRights/NetAmounts/1922733,coD170309,,155589.0
Incomplete or bad entry for SiteUUID,,COwr_M1,COwr_O1,,COwr_V1,,,,,,,,,,Absolute,7410.0-0-A-2107005,,1870-04-15,,12/31,01/01,,28.6,"Irrigation,Domestic",,,,02/01/2024,,0,,,,,Private,,,Agriculture Irrigation,https://dwr.state.co.us/Tools/WaterRights/NetAmounts/1697680,coD164418,,157685.0
Incomplete or bad entry for SiteUUID,,COwr_M1,COwr_O1,,COwr_V1,,,,,,,,,4.0,Absolute,7435.0-0-C-2500510,,1870-05-10,,12/31,01/01,,,Irrigation,,,,02/01/2024,,0,,,,,Private,,,Agriculture Irrigation,https://dwr.state.co.us/Tools/WaterRights/NetAmounts/1551218,coD66819,,157721.0
Incomplete or bad entry for SiteUUID,,COwr_M1,COwr_O1,,COwr_V1,,,,,,,,,4.0,Absolute,7435.0-0-C-2500511,,1870-05-10,,12/31,01/01,,,Irrigation,,,,02/01/2024,,0,,,,,Private,,,Agriculture Irrigation,https://dwr.state.co.us/Tools/WaterRights/NetAmounts/1551219,coD67240,,157722.0
Incomplete or bad entry for SiteUUID,,COwr_M1,COwr_O1,,COwr_V1,,,,,,,,,1.75,Absolute,8917.0-2-C-2400609,,1874-05-31,,12/31,01/01,,,Irrigation,,,,02/01/2024,,0,,,,,Private,,,Agriculture Irrigation,https://dwr.state.co.us/Tools/WaterRights/NetAmounts/1550774,coD64767,,159998.0
Incomplete or bad entry for SiteUUID,,COwr_M1,COwr_O1,,COwr_V1,,,,,,,,,2.9,Absolute,9679.0-1-C-2007010,,1876-07-01,,12/31,01/01,,,Augmentation,,,,02/01/2024,,0,,,,,Private,,,Unspecified,https://dwr.state.co.us/Tools/WaterRights/NetAmounts/1537481,coD54355,,161099.0
Incomplete or bad entry for SiteUUID,,COwr_M1,COwr_O1,,COwr_V1,,,,,,,,,1.6,Absolute,9952.0-0-C-1000839,,1877-03-31,,12/31,01/01,,,Irrigation,,,,02/01/2024,,0,,,,,Private,,,Agriculture Irrigation,https://dwr.state.co.us/Tools/WaterRights/NetAmounts/1514537,coD39830,,161199.0
Incomplete or bad entry for Flow,,COwr_M1,COwr_O1,COwr_S1405143,COwr_V1,,,,,,,,,"1.51,3.02",Absolute,31410.0-0-C-1405143,,1935-12-31,,12/31,01/01,,,"Irrigation,Industrial,Irrigation",,,,02/01/2024,,0,,,,,Private,,,Agriculture Irrigation,"https://dwr.state.co.us/Tools/WaterRights/NetAmounts/1929797,https://dwr.state.co.us/Tools/WaterRights/NetAmounts/1526100","coD44661,coD171202","1.51,3.02",39851.0
Incomplete or bad entry for Flow,,COwr_M1,COwr_O1,COwr_S1405144,COwr_V1,,,,,,,,,"1.75,3.26",Absolute,31410.0-0-C-1405144,,1935-12-31,,12/31,01/01,,,"Irrigation,Industrial,Irrigation",,,,02/01/2024,,0,,,,,Private,,,Agriculture Irrigation,"https://dwr.state.co.us/Tools/WaterRights/NetAmounts/1526101,https://dwr.state.co.us/Tools/WaterRights/NetAmounts/1929796","coD44136,coD171205","1.75,3.26",39852.0
