WaDESiteUUID,SiteNativeID,SiteName,USGSSiteID,SiteTypeCV,Longitude_x,Latitude_y,SitePoint,SiteNativeURL,Geometry,CoordinateMethodCV,CoordinateAccuracy,GNISCodeCV,EPSGCodeCV,NHDNetworkStatusCV,NHDProductCV,NHDUpdateDate,NHDReachCode,NHDMeasureNumber,StateCV
WWDO_100000,100000,PIONEER CANAL,,Unknown,-105.97846000000001,41.1388,,,,,,,,,,,,,
WWDO_100001,100001,PARK DITCH,,Unknown,-105.843236,41.384966999999996,,,,,,,,,,,,,
WWDO_100002,100002,CROSSBOW NO 1 PIPELINE,,Ditch,-109.67397,44.87831,,,,,,,,,,,,,
WWDO_100003,100003,RAY DITCH,,Combination (United States in trust for the Eastern Shoshone & Northern Arapaho Tribes),-108.9304,43.00095,,,,,,,,,,,,,
WWDO_100004,100004,"CANAL NO 1, CANAL NO 2",,Unknown,-105.19451399999998,41.882731,,,,,,,,,,,,,
WWDO_100005,100005,CANAL NO 1 AND CANAL NO 2 (TUNNEL CANAL),,Unknown,-105.194722,41.883008000000004,,,,,,,,,,,,,
WWDO_100006,100006,MCCANNEL DITCH,,Unknown,-105.082581,42.065483,,,,,,,,,,,,,
WWDO_100007,100007,HENKE NO 1 DITCH,,Unknown,-105.25891100000001,41.830914,,,,,,,,,,,,,
WWDO_100008,100008,ROMNEY NO 3 RESERVOIR,,Reservoir,-110.684203,43.594808,,,,,,,,,,,,,
WWDO_100009,100009,HIGH LINE DITCH,,Ditch,-109.91486100000002,42.992711,,,,,,,,,,,,,
WWDO_100010,100010,SR-L RESERVOIR,,Reservoir,-105.46728999999999,44.36766,,,,,,,,,,,,,
WWDO_100011,100011,RODRIQUEZ NO 1 STOCK RESERVOIR,,Stock reservoir,-105.453375,42.862683000000004,,,,,,,,,,,,,
WWDO_100012,100012,LINKLATER #1,,Well,-104.63269,44.76104,,,,,,,,,,,,,
WWDO_100013,100013,THOMAS JOE,,Well Registration,-108.4705,42.987809999999996,,,,,,,,,,,,,
WWDO_100014,100014,COOLIDGE DITCH,,Combination (United States in trust for the Eastern Shoshone & Northern Arapaho Tribes),-108.83353899999999,43.018369,,,,,,,,,,,,,
WWDO_100015,100015,CHARLES STAGNER DITCH,,Combination (United States in trust for the Eastern Shoshone & Northern Arapaho Tribes),-109.082517,43.277633,,,,,,,,,,,,,
WWDO_100016,100016,ENL BENTON AND AVERY DITCH,,Enlargement,-104.10051700000001,44.510261,,,,,,,,,,,,,
WWDO_100017,100017,ROY NEARING NO A WELL,,Well Registration,-104.51057,42.21383,,,,,,,,,,,,,
WWDO_100018,100018,ROLLING HILLS #2 WELL,,Well,-105.854156,42.893142,,,,,,,,,,,,,
WWDO_100019,100019,ANTELOPE BASIN NO 1 DITCH,,Ditch,-105.573769,42.091831,,,,,,,,,,,,,
