,OrganizationUUID,SiteUUID,VariableSpecificUUID,WaterSourceUUID,MethodUUID,BeneficialUseID,NativeAllocationID,WaterAllocationTypeCV,AllocationOwner,AllocationApplicationDate,AllocationPriorityDate,AllocationLegalStatusCV,AllocationCropDutyAmount,AllocationExpirationDate,AllocationChangeApplicationIndicator,LegacyAllocationIDs,AllocationBasisCV,AllocationAcreage,TimeframeStart,TimeframeEnd,AllocationAmount,AllocationMaximum
0,WWDO,WWDO_100000,,WWDO_1,,"IRRIGATION - SURFACE WATER,STOCK,FISH PROPAGATION",CR CC48/006,,PIONEER CANAL COMPANY OF ALBANY COUNTY WYOMING,,04/19/1879,Fully Adjudicated,,,,,,,01/01,12/31,71.43,
1,WWDO,WWDO_100001,,WWDO_2,,"DOMESTIC - SURFACE WATER,IRRIGATION - SURFACE WATER",CR CC57/443,,FRED_KNADLER,,08/27/1887,Fully Adjudicated,,,,,,,01/01,12/31,8.57,
2,WWDO,WWDO_100002,,WWDO_3,,"DOMESTIC - SURFACE WATER,IRRIGATION - SURFACE WATER,STOCK",CR CC94/215,,J B AND VICKIE M_MCNEIL,,10/1/82,Fully Adjudicated,,,,,,,01/01,12/31,0.11599999999999999,
3,WWDO,WWDO_100003,,WWDO_4,,IRRIGATION - SURFACE WATER,CR CC94/315,,GAIL L_O NEAL,,07/03/1868,Fully Adjudicated,,,,,,,01/01,12/31,,471.68
4,WWDO,WWDO_100006,,WWDO_5,,IRRIGATION - SURFACE WATER,CR CC48/277,,M_MCCANNEL,,04/30/1885,Fully Adjudicated,,,,,,,01/01,12/31,4.44,
5,WWDO,WWDO_100006,,WWDO_5,,IRRIGATION - SURFACE WATER,CR CC48/278,,SWAN LAND & CATTLE COMPANY,,04/30/1885,Fully Adjudicated,,,,,,,01/01,12/31,0.43,
6,WWDO,WWDO_100007,,WWDO_5,,IRRIGATION - SURFACE WATER,CR CC48/279,,RICHARD_HENKE,,06/20/1886,Fully Adjudicated,,,,,,,01/01,12/31,0.47,
7,WWDO,WWDO_100008,,WWDO_6,,FISH PROPAGATION,CR CR15/107,,"USDI, FISH AND WILDLIFE SERVICE",,3/13/90,Fully Adjudicated,,,,,,,01/01,12/31,,20.02
8,WWDO,WWDO_100009,,WWDO_7,,UNKNOWN,P10038.0D,,SARAH_GLOVER,,7/29/10,Complete,,,,,,,01/01,12/31,4.74,
9,WWDO,WWDO_100010,,WWDO_8,,INDUSTRIAL - SURFACE WATER,P10038.0R,,DRY FORK COAL CO,,3/30/94,Complete,,,,,,,01/01,12/31,,1.26
10,WWDO,WWDO_100011,,WWDO_9,,UNKNOWN,P10038.0S,,"WAGONHOUND LAND & LIVESTOCK CO., LLC",,11/14/86,Complete,,,,,,,01/01,12/31,,5.5
11,WWDO,WWDO_100012,,WWDO_10,,STOCK WATERING,P10038.0W,,CLAUDE A._LINKLATER,,8/18/71,Complete,,,,,,,01/01,12/31,5.0,
12,WWDO,WWDO_100009,,WWDO_7,,"IRRIGATION - SURFACE WATER,STOCK & DOMESTIC",CR CC37/441,,ARTHUR_DOYLE,,7/29/10,Fully Adjudicated,,,,,,,01/01,12/31,2.26,
13,WWDO,WWDO_100009,,WWDO_7,,"DOMESTIC - SURFACE WATER,IRRIGATION - SURFACE WATER",CR CC38/311,,GLENN_COLEMAN,,7/29/10,Fully Adjudicated,,,,,,,01/01,12/31,2.49,
14,WWDO,WWDO_100011,,WWDO_9,,STOCK,CR CR11/061,,RODRIQUEZ BROTHERS,,11/14/86,Fully Adjudicated,,,,,,,01/01,12/31,,5.5
15,WWDO,WWDO_100013,,WWDO_10,,DOMESTIC - GROUND WATER,A201.0G,,THOMAS JOE_DURAN,,5/16/73,Fully Adjudicated,,,,,,,01/01,12/31,10.0,
16,WWDO,WWDO_100014,,WWDO_11,,IRRIGATION - SURFACE WATER,A201.0Q,,EASTERN SHOSHONE AND NORTHERN ARAPAHO TRIBES,,07/03/1868,Fully Adjudicated,,,,,,,01/01,12/31,30108.87,
17,WWDO,WWDO_100015,,WWDO_12,,IRRIGATION - SURFACE WATER,A1910.0Q,,EASTERN SHOSHONE AND NORTHERN ARAPAHO TRIBES,,07/03/1868,Fully Adjudicated,,,,,,,01/01,12/31,2574.23,
18,WWDO,WWDO_100016,,WWDO_13,,IRRIGATION - SURFACE WATER,CR CA02/028,,A._BENTON,,06/02/1895,Fully Adjudicated,,,,,,,01/01,12/31,1.14,
19,WWDO,WWDO_100017,,WWDO_10,,IRRIGATION - GROUND WATER,CR UW01/275,,CHARLES_NEARING,,1/15/52,Fully Adjudicated,,,,,,,01/01,12/31,1300.0,
20,WWDO,WWDO_100018,,WWDO_10,,MUNICIPAL - GROUND WATER,CR UW22/396,,TOWN OF ROLLING HILLS,,2/23/88,Fully Adjudicated,,,,,,,01/01,12/31,75.0,
21,WWDO,WWDO_100019,,WWDO_14,,IRRIGATION - SURFACE WATER,CR CC37/713,,FRANK_PRAGER,,7/6/14,Fully Adjudicated,,,,,,,01/01,12/31,0.64,
