WaterSourceUUID,WaterSourceNativeID,WaterSourceName,WaterSourceTypeCV,WaterQualityIndicatorCV,GNISFeatureNameCV,Geometry
WWDO_1,1,LARAMIE RIVER,Unknown,Unspecified,,
WWDO_2,2,LITTLE LARAMIE RIVER,Unknown,Unspecified,,
WWDO_3,3,MOONSHINE DRAW,Unknown,Unspecified,,
WWDO_4,4,SOUTH FORK LITTLE WIND RIVER,Unknown,Unspecified,,
WWDO_5,5,SYBILLE CREEK,Unknown,Unspecified,,
WWDO_6,6,GROS VENTRE RIVER,Unknown,Unspecified,,
WWDO_7,7,LAKE CREEK,Unknown,Unspecified,,
WWDO_8,8,DRY FORK LITTLE POWDER RIVER,Unknown,Unspecified,,
WWDO_9,9,GUMBO DRAW,Unknown,Unspecified,,
WWDO_10,10,UNKNOWN,Unknown,Unspecified,,
WWDO_11,11,LITTLE WIND RIVER,Unknown,Unspecified,,
WWDO_12,12,BIG WIND RIVER,Unknown,Unspecified,,
WWDO_13,13,SAND CREEK,Unknown,Unspecified,,
WWDO_14,14,ANTELOPE CREEK (28-25-73),Unknown,Unspecified,,
