<?xml version="1.0" encoding="UTF-8"?><metadata>
    <idinfo>
        <descript>
            <abstract>Currently (2015), this dataset represents public community water suppliers. Eventually, public non-community (transient) and self-supplied industry (non-transient) suppliers will be added. This feature class includes system boundaries that are historical and no longer active. It also includes some systems that are outside the state. Historical and outside the state systems can be filtered using the ENDYEAR and STATE fields, respectively.These boundaries are derived from many different sources. They include spatial data received directly from the supplier, municipal boundaries, phone call descriptions of service areas, printed maps that had hand drawn boundaries that were then digitized, etc.</abstract>
            <purpose>This dataset attempts to represent the retail culinary water suppliers service area boundaries for the State of Utah, with a small selection of suppliers in Idaho and Wyoming represented as well.  Data sources include the Utah Division of Water Resources, Utah Division of Drinking Water, Utah Division of Water Rights, Utah Division of Public Utilites, and the Utah Automated Geographic Reference Center. Boundaries were derived from a combination of the following data layers available in the State Geographic Information Database (SGID): Counties, various county parcels, Municipalities, PLSSSections, and TaxEntities2013.

Data compiled: April 2014 - December 2015

Updated Murray City Water System boundary, September 2014</purpose>
        </descript>
        <keywords>
            <theme>
                <themekt>None</themekt>
                <themekey>Water</themekey>
                <themekey>Culinary</themekey>
                <themekey>Culinary Water</themekey>
                <themekey>Potable</themekey>
                <themekey>Potable Water</themekey>
                <themekey>Water Systems</themekey>
                <themekey>Water Suppliers</themekey>
                <themekey>Culinary Water Suppliers</themekey>
                <themekey>Public Culinary Water Suppliers</themekey>
                <themekey>Potable Water Suppliers</themekey>
                <themekey>Potable Water Systems</themekey>
                <themekey>Public Water Suppliers</themekey>
                <themekey>Public Water Systems</themekey>
                <themekey>Retail Culinary System Boundaries</themekey>
                <themekey>Municipal</themekey>
                <themekey>Municipal Water</themekey>
                <themekey>Industrial</themekey>
                <themekey>Industrial Water</themekey>
                <themekey>Water Use</themekey>
                <themekey>Culinary Water Use</themekey>
                <themekey>Potable Water Use</themekey>
                <themekey>Public Community Water Systems</themekey>
                <themekey>Utilities</themekey>
                <themekey>SGID</themekey>
                <themekey>AGRC</themekey>
            </theme>
        </keywords>
        <accconst>None</accconst>
        <useconst/>
        <datacred>Utah Division of Water Resources, Utah Department of Natural Resources, (Data Steward)
Utah Division of Water Rights, Utah Department of Natural Resources
Utah Division of Drinking Water, Utah Department of Environmental Quality
Division of Public Utilities, Utah Department of Commerce
Utah Automated Geographic Reference Center, Utah Department of Technology Services</datacred>
    </idinfo>
    <metainfo>
        <metstdn>FGDC Content Standard for Digital Geospatial Metadata</metstdn>
        <metstdv>FGDC-STD-001-1998</metstdv>
        <mettc>local time</mettc>
    </metainfo>
</metadata>
