SiteUUID,RegulatoryOverlayUUIDs,WaterSourceUUIDs,CoordinateAccuracy,CoordinateMethodCV,County,EPSGCodeCV,Geometry,GNISCodeCV,HUC12,HUC8,Latitude,Longitude,NHDNetworkStatusCV,NHDProductCV,PODorPOUSite,SiteName,SiteNativeID,SitePoint,SiteTypeCV,StateCV,USGSSiteID
CAssro_S1,,CAssro_WS5,WaDE Unspecified,WaDE Unspecified,PLUMAS,4326,,,,,40.218,-121.173,,,Gage,LAKE ALMANOR,ALM,,Reservoir Gage,CA,
CAssro_S2,,CAssro_WS3,WaDE Unspecified,WaDE Unspecified,Unspecified,4326,,,180201000000.0,18020111.0,38.67945967,-121.1817748,,,Gage,AMERICAN R AT FOLSOM,AMF,,Stream Gage,CA,
CAssro_S4,,CAssro_WS2,WaDE Unspecified,WaDE Unspecified,Unspecified,4326,,,180201000000.0,18020122.0,40.17992578,-120.6070329,,,Gage,ANTELOPE LAKE,ANT,,Stream Gage,CA,
CAssro_S5,,CAssro_WS5,WaDE Unspecified,WaDE Unspecified,MARIN,4326,,,,,37.94,-122.637,,,Gage,ALPINE LAKE,APN,,Reservoir Gage,CA,
CAssro_S6,,CAssro_WS5,WaDE Unspecified,WaDE Unspecified,MONTEREY,4326,,,,,35.798,-120.883,,,Gage,LAKE SAN ANTONIO,ATN,,Reservoir Gage,CA,
CAssro_S7,,CAssro_WS5,WaDE Unspecified,WaDE Unspecified,PLUMAS,4326,,,,,39.897,-121.202,,,Gage,BUCKS LAKE STORAGE,BCL,,Reservoir Gage,CA,
CAssro_S8,,CAssro_WS5,WaDE Unspecified,WaDE Unspecified,CONTRA COSTA,4326,,,,,37.9151,-122.207,,,Gage,BRIONES DAM,BIO,,Reservoir Gage,CA,
CAssro_S9,,CAssro_WS5,WaDE Unspecified,WaDE Unspecified,SHASTA,4326,,,,,41.022,-121.676,,,Gage,LAKE BRITTON,BIT,,Reservoir Gage,CA,
CAssro_S10,,CAssro_WS5,WaDE Unspecified,WaDE Unspecified,LOS ANGELES,4326,,,,,34.586714,-118.395314,,,Gage,BOUQUET CANYON,BQC,,Reservoir Gage,CA,
CAssro_S11,,CAssro_WS5,WaDE Unspecified,WaDE Unspecified,TUOLUMNE,4326,,,,,38.203,-120.075,,,Gage,BEARDSLEY LAKE,BRD,,Reservoir Gage,CA,
CAssro_S12,,CAssro_WS5,WaDE Unspecified,WaDE Unspecified,SAN DIEGO,4326,,,,,32.678,-116.669,,,Gage,BARRETT,BRT,,Reservoir Gage,CA,
CAssro_S13,,CAssro_WS5,WaDE Unspecified,WaDE Unspecified,SAN BERNARDINO,4326,,,,,34.242,-116.978,,,Gage,BEAR VALLEY DAM,BRV,,Reservoir Gage,CA,
CAssro_S14,,CAssro_WS5,WaDE Unspecified,WaDE Unspecified,PLUMAS,4326,,,,,40.14802,-121.174174,,,Gage,BUTT VALLEY,BTV,,Reservoir Gage,CA,
CAssro_S15,,CAssro_WS5,WaDE Unspecified,WaDE Unspecified,YUBA,4326,,,,,39.393,-121.14,,,Gage,NEW BULLARDS BAR,BUL,,Reservoir Gage,CA,
CAssro_S16,,CAssro_WS5,WaDE Unspecified,WaDE Unspecified,NEVADA,4326,,,,,39.45,-120.652,,,Gage,BOWMAN LAKE,BWN,,Reservoir Gage,CA,
CAssro_S17,,CAssro_WS5,WaDE Unspecified,WaDE Unspecified,NEVADA,4326,,,,,39.441,-120.658,,,Gage,LAKE SPAULDING S YUBA SYSTEM,BWS,,Reservoir Gage,CA,
CAssro_S18,,CAssro_WS5,WaDE Unspecified,WaDE Unspecified,LOS ANGELES,4326,,,,,34.5152,-118.6101,,,Gage,CASTAIC,CAS,,Reservoir Gage,CA,
CAssro_S19,,CAssro_WS5,WaDE Unspecified,WaDE Unspecified,YUBA,4326,,,,,39.05,-121.317,,,Gage,BEAR RIVER AT CAMP FAR WEST DAM,CFW,,Reservoir Gage,CA,
CAssro_S20,,CAssro_WS5,WaDE Unspecified,WaDE Unspecified,LOS ANGELES,4326,,,,,34.245,-117.965,,,Gage,COGSWELL RESERVOIR,CGS,,Reservoir Gage,CA,
CAssro_S21,,CAssro_WS5,WaDE Unspecified,WaDE Unspecified,ALAMEDA,4326,,,,,37.73,-122.122,,,Gage,CHABOT,CHB,,Reservoir Gage,CA,
CAssro_S22,,CAssro_WS5,WaDE Unspecified,WaDE Unspecified,LAKE,4326,,,,,38.957,-122.642,,,Gage,CLEAR LK - CACHE CREEK,CLA,,Reservoir Gage,CA,
CAssro_S23,,CAssro_WS5,WaDE Unspecified,WaDE Unspecified,SAN JOAQUIN,4326,,,,,38.225,-121.021,,,Gage,CAMANCHE RESERVOIR,CMN,,Reservoir Gage,CA,
CAssro_S24,,CAssro_WS5,WaDE Unspecified,WaDE Unspecified,MADERA,4326,,,,,37.283,-119.517,,,Gage,CRANE VALLEY,CNV,,Reservoir Gage,CA,
CAssro_S25,,CAssro_WS5,WaDE Unspecified,WaDE Unspecified,ALPINE,4326,,,,,38.707,-120.048,,,Gage,CAPLES LAKE (EID),CPL,,Reservoir Gage,CA,
CAssro_S26,,CAssro_WS5,WaDE Unspecified,WaDE Unspecified,MONO,4326,,,,,37.604,-118.707,,,Gage,LAKE CROWLEY,CRW,,Reservoir Gage,CA,
CAssro_S27,,CAssro_WS5,WaDE Unspecified,WaDE Unspecified,SAN MATEO,4326,,,,,37.53,-122.36,,,Gage,LOWER CRYSTAL SPRINGS RESERVOIR,CRY,,Reservoir Gage,CA,
CAssro_S28,,CAssro_WS5,WaDE Unspecified,WaDE Unspecified,FRESNO,4326,,,,,37.072,-118.967,,,Gage,COURTRIGHT (PG&E),CTG,,Reservoir Gage,CA,
CAssro_S29,,CAssro_WS5,WaDE Unspecified,WaDE Unspecified,SAN DIEGO,4326,,,,,32.99,-116.587,,,Gage,CUYAMACA DAM,CUY,,Reservoir Gage,CA,
CAssro_S30,,CAssro_WS5,WaDE Unspecified,WaDE Unspecified,ALAMEDA,4326,,,,,37.492,-121.818,,,Gage,CALAVERAS,CVE,,Reservoir Gage,CA,
CAssro_S31,,CAssro_WS5,WaDE Unspecified,WaDE Unspecified,SANTA CLARA,4326,,,,,37.118,-121.549,,,Gage,COYOTE RES-STA CLARA,CYC,,Reservoir Gage,CA,
CAssro_S32,,CAssro_WS4,WaDE Unspecified,WaDE Unspecified,Unspecified,4326,,,180500000000.0,18050003.0,37.16800192,-121.6490196,,,Gage,COYOTE CR NR MADRONE,CYO,,Stream Gage,CA,
CAssro_S34,,CAssro_WS2,WaDE Unspecified,WaDE Unspecified,Unspecified,4326,,,180201000000.0,18020123.0,39.88022447,-120.4711189,,,Gage,LAKE DAVIS (DWR),DAV,,Stream Gage,CA,
CAssro_S35,,CAssro_WS5,WaDE Unspecified,WaDE Unspecified,ALAMEDA,4326,,,,,37.614,-121.745,,,Gage,DEL VALLE,DLV,,Reservoir Gage,CA,
CAssro_S36,,CAssro_WS5,WaDE Unspecified,WaDE Unspecified,RIVERSIDE,4326,,,,,33.67,-117.066,,,Gage,DIAMOND VALLEY,DMV,,Reservoir Gage,CA,
CAssro_S37,,CAssro_WS5,WaDE Unspecified,WaDE Unspecified,EL DORADO,4326,,,,,38.903,-120.603,,,Gage,STUMPY MEADOWS RESERVOIR(MARK EDSON DAM),EDN,,Reservoir Gage,CA,
CAssro_S38,,CAssro_WS5,WaDE Unspecified,WaDE Unspecified,SAN DIEGO,4326,,,,,32.882,-116.808,,,Gage,EL CAPITAN DAM,ELC,,Reservoir Gage,CA,
CAssro_S39,,CAssro_WS5,WaDE Unspecified,WaDE Unspecified,TUOLUMNE,4326,,,,,37.974,-119.88,,,Gage,LAKE ELEANOR,ENR,,Reservoir Gage,CA,
CAssro_S40,,CAssro_WS1,WaDE Unspecified,WaDE Unspecified,Unspecified,4326,,,180101000000.0,18010105.0,40.49222933,-124.0991254,,,Gage,EEL RIVER AT SCOTIA,ERS,,Stream Gage,CA,
CAssro_S41,,CAssro_WS5,WaDE Unspecified,WaDE Unspecified,FRESNO,4326,,,,,37.267,-118.967,,,Gage,FLORENCE LAKE (SCE),FLR,,Reservoir Gage,CA,
CAssro_S42,,CAssro_WS5,WaDE Unspecified,WaDE Unspecified,PLACER,4326,,,,,39.112,-120.468,,,Gage,FRENCH MEADOWS,FMD,,Reservoir Gage,CA,
CAssro_S43,,CAssro_WS5,WaDE Unspecified,WaDE Unspecified,LOS ANGELES,4326,,,,,34.711777,-118.433462,,,Gage,FAIRMONT RESERVOIR,FMT,,Reservoir Gage,CA,
CAssro_S45,,CAssro_WS2,WaDE Unspecified,WaDE Unspecified,Unspecified,4326,,,180201000000.0,18020123.0,39.88447736,-120.1902311,,,Gage,FRENCHMAN DAM,FRD,,Stream Gage,CA,
CAssro_S46,,CAssro_WS5,WaDE Unspecified,WaDE Unspecified,NEVADA,4326,,,,,39.44,-120.544,,,Gage,FRENCH LAKE,FRL,,Reservoir Gage,CA,
CAssro_S47,,CAssro_WS1,WaDE Unspecified,WaDE Unspecified,Unspecified,4326,,,180202000000.0,18020159.0,39.52190567,-121.5466836,,,Gage,FEATHER RIVER AT OROVILLE,FTO,,Stream Gage,CA,
CAssro_S48,,CAssro_WS5,WaDE Unspecified,WaDE Unspecified,SANTA BARBARA,4326,,,,,34.526,-119.686,,,Gage,GIBRALTAR DAM,GBL,,Reservoir Gage,CA,
CAssro_S49,,CAssro_WS5,WaDE Unspecified,WaDE Unspecified,MONO,4326,,,,,37.752,-119.14,,,Gage,GEM LAKE,GLK,,Reservoir Gage,CA,
CAssro_S50,,CAssro_WS5,WaDE Unspecified,WaDE Unspecified,MONO,4326,,,,,37.862,-119.102,,,Gage,GRANT LAKE,GNT,,Reservoir Gage,CA,
CAssro_S51,,CAssro_WS5,WaDE Unspecified,WaDE Unspecified,SAN DIEGO,4326,,,,,33.046,-117.128,,,Gage,LAKE HODGES,HDG,,Reservoir Gage,CA,
CAssro_S52,,CAssro_WS5,WaDE Unspecified,WaDE Unspecified,PLACER,4326,,,,,39.058,-120.407,,,Gage,HELL HOLE (PCWA),HHL,,Reservoir Gage,CA,
CAssro_S53,,CAssro_WS5,WaDE Unspecified,WaDE Unspecified,RIVERSIDE,4326,,,,,33.666,-116.705,,,Gage,LAKE HEMET,HMT,,Reservoir Gage,CA,
CAssro_S54,,CAssro_WS5,WaDE Unspecified,WaDE Unspecified,NAPA,4326,,,,,38.482,-122.372,,,Gage,LAKE HENNESSEY,HNN,,Reservoir Gage,CA,
CAssro_S55,,CAssro_WS5,WaDE Unspecified,WaDE Unspecified,SAN DIEGO,4326,,,,,33.24,-116.762,,,Gage,HENSHAW,HNS,,Reservoir Gage,CA,
CAssro_S56,,CAssro_WS5,WaDE Unspecified,WaDE Unspecified,TUOLUMNE,4326,,,,,37.95,-119.783,,,Gage,HETCH HETCHY,HTH,,Reservoir Gage,CA,
CAssro_S57,,CAssro_WS5,WaDE Unspecified,WaDE Unspecified,INYO,4326,,,,,36.137,-117.948,,,Gage,HAIWEE,HWE,,Reservoir Gage,CA,
CAssro_S58,,CAssro_WS5,WaDE Unspecified,WaDE Unspecified,EL DORADO,4326,,,,,38.824,-120.359,,,Gage,ICE HOUSE (SMUD),ICH,,Reservoir Gage,CA,
CAssro_S59,,CAssro_WS5,WaDE Unspecified,WaDE Unspecified,LAKE,4326,,,,,39.083,-122.533,,,Gage,INDIAN VALLEY,INV,,Reservoir Gage,CA,
CAssro_S60,,CAssro_WS5,WaDE Unspecified,WaDE Unspecified,SHASTA,4326,,,,,41.045,-121.981,,,Gage,IRON CANYON,IRC,,Reservoir Gage,CA,
CAssro_S61,,CAssro_WS5,WaDE Unspecified,WaDE Unspecified,NEVADA,4326,,,,,39.509,-120.552,,,Gage,JACKSON MEADOWS (NEVADA CO WD),JCK,,Reservoir Gage,CA,
CAssro_S62,,CAssro_WS5,WaDE Unspecified,WaDE Unspecified,EL DORADO,4326,,,,,38.713,-120.56,,,Gage,JENKINSON LAKE,JNK,,Reservoir Gage,CA,
CAssro_S63,,CAssro_WS5,WaDE Unspecified,WaDE Unspecified,SAN DIEGO,4326,,,,,32.854,-116.892,,,Gage,LAKE JENNINGS,JNN,,Reservoir Gage,CA,
CAssro_S64,,CAssro_WS2,WaDE Unspecified,WaDE Unspecified,Unspecified,4326,,,180102000000.0,18010209.0,41.30430319,-123.5328866,,,Gage,KLAMATH R AT ORLEANS,KLO,,Stream Gage,CA,
CAssro_S65,,CAssro_WS5,WaDE Unspecified,WaDE Unspecified,MARIN,4326,,,,,37.997,-122.702,,,Gage,KENT,KNT,,Reservoir Gage,CA,
CAssro_S66,,CAssro_WS5,WaDE Unspecified,WaDE Unspecified,PLUMAS,4326,,,,,39.724,-121.019,,,Gage,LITTLE GRASS VALLEY,LGV,,Reservoir Gage,CA,
CAssro_S67,,CAssro_WS5,WaDE Unspecified,WaDE Unspecified,SANTA CLARA,4326,,,,,37.202,-121.988,,,Gage,LEXINGTON RESERVOIR,LNG,,Reservoir Gage,CA,
CAssro_S68,,CAssro_WS5,WaDE Unspecified,WaDE Unspecified,EL DORADO,4326,,,,,38.983,-120.323,,,Gage,LOON LAKE (SMUD),LON,,Reservoir Gage,CA,
CAssro_S69,,CAssro_WS5,WaDE Unspecified,WaDE Unspecified,SAN DIEGO,4326,,,,,32.609,-116.927,,,Gage,LOWER OTAY,LOT,,Reservoir Gage,CA,
CAssro_S70,,CAssro_WS5,WaDE Unspecified,WaDE Unspecified,SANTA CLARA,4326,,,,,37.165,-121.632,,,Gage,LEROY ANDERSON,LRA,,Reservoir Gage,CA,
CAssro_S71,,CAssro_WS5,WaDE Unspecified,WaDE Unspecified,MERCED,4326,,,,,37.001,-121.002,,,Gage,SAN LUIS RESERVOIR (STATE),LUS,,Reservoir Gage,CA,
CAssro_S72,,CAssro_WS5,WaDE Unspecified,WaDE Unspecified,SAN DIEGO,4326,,,,,32.779,-116.792,,,Gage,LOVELAND RESERVOIR,LVD,,Reservoir Gage,CA,
CAssro_S73,,CAssro_WS5,WaDE Unspecified,WaDE Unspecified,CONTRA COSTA,4326,,,,,37.838,-121.726,,,Gage,LOS VAQUEROS RESERVOIR,LVQ,,Reservoir Gage,CA,
CAssro_S74,,CAssro_WS5,WaDE Unspecified,WaDE Unspecified,PLACER,4326,,,,,39.3,-120.583,,,Gage,LAKE VALLEY RESERVOIR,LVY,,Reservoir Gage,CA,
CAssro_S75,,CAssro_WS5,WaDE Unspecified,WaDE Unspecified,AMADOR,4326,,,,,38.538,-120.257,,,Gage,LOWER BEAR,LWB,,Reservoir Gage,CA,
CAssro_S76,,CAssro_WS5,WaDE Unspecified,WaDE Unspecified,TUOLUMNE,4326,,,,,38.094,-120.166,,,Gage,LYONS RESERVOIR,LYS,,Reservoir Gage,CA,
CAssro_S77,,CAssro_WS5,WaDE Unspecified,WaDE Unspecified,VENTURA,4326,,,,,34.486,-119.307,,,Gage,MATILIJA DAM,MAT,,Reservoir Gage,CA,
CAssro_S78,,CAssro_WS5,WaDE Unspecified,WaDE Unspecified,SHASTA,4326,,,,,41.135,-122.074,,,Gage,LAKE MCCLOUD,MCO,,Reservoir Gage,CA,
CAssro_S79,,CAssro_WS5,WaDE Unspecified,WaDE Unspecified,MARIPOSA,4326,,,,,37.52,-120.309,,,Gage,LAKE MC SWAIN,MCS,,Reservoir Gage,CA,
CAssro_S80,,CAssro_WS5,WaDE Unspecified,WaDE Unspecified,STANISLAUS,4326,,,,,37.657,-120.675,,,Gage,MODESTO RESERVOIR,MDO,,Reservoir Gage,CA,
CAssro_S81,,CAssro_WS5,WaDE Unspecified,WaDE Unspecified,RIVERSIDE,4326,,,,,33.833,-117.46,,,Gage,LAKE MATHEWS,MHW,,Reservoir Gage,CA,
CAssro_S82,,CAssro_WS2,WaDE Unspecified,WaDE Unspecified,Unspecified,4326,,,180400000000.0,18040012.0,38.31295895,-120.7189877,,,Gage,MOKELUMNE-MOKELUMNE HILL,MKM,,Stream Gage,CA,
CAssro_S83,,CAssro_WS5,WaDE Unspecified,WaDE Unspecified,SAN DIEGO,4326,,,,,32.9,-117.1,,,Gage,MIRAMAR,MMR,,Reservoir Gage,CA,
CAssro_S84,,CAssro_WS5,WaDE Unspecified,WaDE Unspecified,LASSEN,4326,,,,,40.283,-121.017,,,Gage,MOUNTAIN MEADOWS,MMW,,Reservoir Gage,CA,
CAssro_S85,,CAssro_WS5,WaDE Unspecified,WaDE Unspecified,SAN DIEGO,4326,,,,,32.683,-116.55,,,Gage,MORENA DAM,MOR,,Reservoir Gage,CA,
CAssro_S86,,CAssro_WS5,WaDE Unspecified,WaDE Unspecified,FRESNO,4326,,,,,37.329,-119.328,,,Gage,MAMMOTH POOL,MPL,,Reservoir Gage,CA,
CAssro_S87,,CAssro_WS5,WaDE Unspecified,WaDE Unspecified,SAN DIEGO,4326,,,,,32.782,-117.047,,,Gage,MURRAY RES,MRR,,Reservoir Gage,CA,
CAssro_S88,,CAssro_WS2,WaDE Unspecified,WaDE Unspecified,Unspecified,4326,,,180200000000.0,18020004.0,40.95817366,-122.2199044,,,Gage,MCCLOUD RIVER ABOVE SHASTA LAKE,MSS,,Stream Gage,CA,
CAssro_S89,,CAssro_WS5,WaDE Unspecified,WaDE Unspecified,MARIN,4326,,,,,38.075,-122.757,,,Gage,NICASIO,NCA,,Reservoir Gage,CA,
CAssro_S90,,CAssro_WS5,WaDE Unspecified,WaDE Unspecified,SAN LUIS OBISPO,4326,,,,,35.758,-120.884,,,Gage,NACIMIENTO,NCM,,Reservoir Gage,CA,
CAssro_S91,,CAssro_WS5,WaDE Unspecified,WaDE Unspecified,MERCED,4326,,,,,37.067,-121.067,,,Gage,ONEILL FOREBAY,ONF,,Reservoir Gage,CA,
CAssro_S92,,CAssro_WS5,WaDE Unspecified,WaDE Unspecified,BUTTE,4326,,,,,39.54,-121.493,,,Gage,OROVILLE DAM,ORO,,Reservoir Gage,CA,
CAssro_S94,,CAssro_WS1,WaDE Unspecified,WaDE Unspecified,Unspecified,4326,,,180901000000.0,18090102.0,37.58780448,-118.708503,,,Gage,OWENS RIVER-LONG VLY,OWL,,Stream Gage,CA,
CAssro_S95,,CAssro_WS5,WaDE Unspecified,WaDE Unspecified,CALAVERAS,4326,,,,,38.25,-120.85,,,Gage,PARDEE,PAR,,Reservoir Gage,CA,
CAssro_S96,,CAssro_WS5,WaDE Unspecified,WaDE Unspecified,RIVERSIDE,4326,,,,,33.858,-117.183,,,Gage,PERRIS,PRR,,Reservoir Gage,CA,
CAssro_S97,,CAssro_WS5,WaDE Unspecified,WaDE Unspecified,VENTURA,4326,,,,,34.461,-118.751,,,Gage,LAKE PIRU,PRU,,Reservoir Gage,CA,
CAssro_S98,,CAssro_WS5,WaDE Unspecified,WaDE Unspecified,SHASTA,4326,,,,,40.842,-122.001,,,Gage,PIT R PH #6,PT6,,Reservoir Gage,CA,
CAssro_S99,,CAssro_WS5,WaDE Unspecified,WaDE Unspecified,SHASTA,4326,,,,,40.843,-122.015,,,Gage,PIT R PH #7,PT7,,Reservoir Gage,CA,
CAssro_S100,,CAssro_WS5,WaDE Unspecified,WaDE Unspecified,INYO,4326,,,,,37.423578,-118.583576,,,Gage,PLEASANT VALLEY RESERVOIR,PVR,,Reservoir Gage,CA,
CAssro_S101,,CAssro_WS5,WaDE Unspecified,WaDE Unspecified,LOS ANGELES,4326,,,,,34.644153,-118.764528,,,Gage,PYRAMID,PYM,,Reservoir Gage,CA,
CAssro_S102,,CAssro_WS5,WaDE Unspecified,WaDE Unspecified,MADERA,4326,,,,,37.145,-119.449,,,Gage,REDINGER LAKE,RDN,,Reservoir Gage,CA,
CAssro_S103,,CAssro_WS5,WaDE Unspecified,WaDE Unspecified,RIVERSIDE,4326,,,,,33.675,-117.272,,,Gage,RAILROAD CANYON,RLC,,Reservoir Gage,CA,
CAssro_S104,,CAssro_WS5,WaDE Unspecified,WaDE Unspecified,TUOLUMNE,4326,,,,,38.267,-119.733,,,Gage,RELIEF,RLF,,Reservoir Gage,CA,
CAssro_S105,,CAssro_WS5,WaDE Unspecified,WaDE Unspecified,PLACER,4326,,,,,39.135,-120.948,,,Gage,ROLLINS,RLL,,Reservoir Gage,CA,
CAssro_S106,,CAssro_WS5,WaDE Unspecified,WaDE Unspecified,TRINITY,4326,,,,,40.367,-123.433,,,Gage,RUTH DAM,RTD,,Reservoir Gage,CA,
CAssro_S107,,CAssro_WS5,WaDE Unspecified,WaDE Unspecified,ALAMEDA,4326,,,,,37.573,-121.848,,,Gage,SAN ANTONIO RESERVOIR,SAT,,Reservoir Gage,CA,
CAssro_S108,,CAssro_WS1,WaDE Unspecified,WaDE Unspecified,Unspecified,4326,,,180202000000.0,18020155.0,40.28926914,-122.1865848,,,Gage,SACRAMENTO RIVER ABV BEND BRIDGE,SBB,,Stream Gage,CA,
CAssro_S109,,CAssro_WS5,WaDE Unspecified,WaDE Unspecified,MONO,4326,,,,,37.966,-119.272,,,Gage,SADDLEBAG LAKE RESERVOIR,SDB,,Reservoir Gage,CA,
CAssro_S110,,CAssro_WS5,WaDE Unspecified,WaDE Unspecified,NEVADA,4326,,,,,39.274,-120.917,,,Gage,SCOTTS FLAT,SFL,,Reservoir Gage,CA,
CAssro_S111,,CAssro_WS5,WaDE Unspecified,WaDE Unspecified,LOS ANGELES,4326,,,,,34.207,-117.858,,,Gage,SAN GABRIEL,SGB,,Reservoir Gage,CA,
CAssro_S112,,CAssro_WS5,WaDE Unspecified,WaDE Unspecified,ORANGE,4326,,,,,33.785,-117.723,,,Gage,SANTIAGO CREEK RES (IRVINE LAKE),SGC,,Reservoir Gage,CA,
CAssro_S113,,CAssro_WS5,WaDE Unspecified,WaDE Unspecified,AMADOR,4326,,,,,38.669,-120.121,,,Gage,SILVER LAKE RESERVOIR,SIV,,Reservoir Gage,CA,
CAssro_S114,,CAssro_WS5,WaDE Unspecified,WaDE Unspecified,RIVERSIDE,4326,,,,,33.583,-117.122,,,Gage,SKINNER,SKN,,Reservoir Gage,CA,
CAssro_S115,,CAssro_WS5,WaDE Unspecified,WaDE Unspecified,EL DORADO,4326,,,,,38.7725,-120.6994,,,Gage,SLAB CREEK,SLB,,Reservoir Gage,CA,
CAssro_S116,,CAssro_WS5,WaDE Unspecified,WaDE Unspecified,BUTTE,4326,,,,,39.584,-121.116,,,Gage,SLY CREEK,SLC,,Reservoir Gage,CA,
CAssro_S117,,CAssro_WS5,WaDE Unspecified,WaDE Unspecified,MERCED,4326,,,,,37.001,-121.002,,,Gage,SAN LUIS RESERVOIR (FEDERAL),SLF,,Reservoir Gage,CA,
CAssro_S118,,CAssro_WS5,WaDE Unspecified,WaDE Unspecified,MARIN,4326,,,,,38.153,-122.782,,,Gage,SOULAJULE DAM,SLJ,,Reservoir Gage,CA,
CAssro_S119,,CAssro_WS5,WaDE Unspecified,WaDE Unspecified,AMADOR,4326,,,,,38.497,-120.216,,,Gage,SALT SPRINGS,SLS,,Reservoir Gage,CA,
CAssro_S120,,CAssro_WS5,WaDE Unspecified,WaDE Unspecified,SAN BERNARDINO,4326,,,,,34.304,-117.318,,,Gage,LAKE SILVERWOOD,SLW,,Reservoir Gage,CA,
CAssro_S121,,CAssro_WS5,WaDE Unspecified,WaDE Unspecified,MERCED,4326,,,,,37.033,-121.133,,,Gage,SAN LUIS RESERVOIR,SNL,,Reservoir Gage,CA,
CAssro_S122,,CAssro_WS5,WaDE Unspecified,WaDE Unspecified,SAN MATEO,4326,,,,,37.578,-122.412,,,Gage,SAN ANDREAS,SNN,,Reservoir Gage,CA,
CAssro_S123,,CAssro_WS5,WaDE Unspecified,WaDE Unspecified,CONTRA COSTA,4326,,,,,37.9423,-122.2587,,,Gage,SAN PABLO,SPB,,Reservoir Gage,CA,
CAssro_S124,,CAssro_WS5,WaDE Unspecified,WaDE Unspecified,TUOLUMNE,4326,,,,,38.393,-119.998,,,Gage,SPICER MEADOWS,SPM,,Reservoir Gage,CA,
CAssro_S125,,CAssro_WS5,WaDE Unspecified,WaDE Unspecified,SAN DIEGO,4326,,,,,33.118,-116.787,,,Gage,SUTHERLAND RESERVOIR,STD,,Reservoir Gage,CA,
CAssro_S126,,CAssro_WS2,WaDE Unspecified,WaDE Unspecified,Unspecified,4326,,,180201000000.0,18020129.0,38.8245805,-120.5377903,,,Gage,SILVER CR BLW CAMINO DAM,SVC,,Stream Gage,CA,
CAssro_S127,,CAssro_WS5,WaDE Unspecified,WaDE Unspecified,SAN BERNARDINO,4326,,,,,34.1178,-117.0978,,,Gage,SEVEN OAKS DAM,SVO,,Reservoir Gage,CA,
CAssro_S128,,CAssro_WS5,WaDE Unspecified,WaDE Unspecified,SAN DIEGO,4326,,,,,32.912,-116.924,,,Gage,SAN VICENTE,SVT,,Reservoir Gage,CA,
CAssro_S129,,CAssro_WS5,WaDE Unspecified,WaDE Unspecified,SAN DIEGO,4326,,,,,32.692,-117.007,,,Gage,SWEETWATER RESERVOIR,SW3,,Reservoir Gage,CA,
CAssro_S130,,CAssro_WS5,WaDE Unspecified,WaDE Unspecified,TUOLUMNE,4326,,,,,38.2,-119.983,,,Gage,STRAWBERRY,SWB,,Reservoir Gage,CA,
CAssro_S131,,CAssro_WS5,WaDE Unspecified,WaDE Unspecified,BUTTE,4326,,,,,39.45,-121.633,,,Gage,THERMALITO AFTERBAY,TAB,,Reservoir Gage,CA,
CAssro_S132,,CAssro_WS5,WaDE Unspecified,WaDE Unspecified,FRESNO,4326,,,,,37.37,-118.987,,,Gage,THOMAS A EDISON,TAE,,Reservoir Gage,CA,
CAssro_S133,,CAssro_WS5,WaDE Unspecified,WaDE Unspecified,BUTTE,4326,,,,,39.519,-121.629,,,Gage,THERMALITO FOREBAY,TFR,,Reservoir Gage,CA,
CAssro_S134,,CAssro_WS5,WaDE Unspecified,WaDE Unspecified,BUTTE,4326,,,,,39.528,-121.543,,,Gage,THERMALITO DIVERS POOL,THD,,Reservoir Gage,CA,
CAssro_S135,,CAssro_WS5,WaDE Unspecified,WaDE Unspecified,STANISLAUS,4326,,,,,37.6,-120.583,,,Gage,TURLOCK LAKE,TLC,,Reservoir Gage,CA,
CAssro_S136,,CAssro_WS4,WaDE Unspecified,WaDE Unspecified,Unspecified,4326,,,180400000000.0,18040009.0,37.66600528,-120.4405944,,,Gage,TUOLUMNE R-LA GRANGE DAM,TLG,,Stream Gage,CA,
CAssro_S137,,CAssro_WS5,WaDE Unspecified,WaDE Unspecified,BUTTE,4326,,,,,39.458,-121.638,,,Gage,THERMALITO TOTAL,TMT,,Reservoir Gage,CA,
CAssro_S138,,CAssro_WS5,WaDE Unspecified,WaDE Unspecified,INYO,4326,,,,,37.058,-118.225,,,Gage,TINEMAHA RESERVOIR,TNM,,Reservoir Gage,CA,
CAssro_S139,,CAssro_WS5,WaDE Unspecified,WaDE Unspecified,EL DORADO,4326,,,,,38.864,-120.438,,,Gage,UNION VALLEY,UNV,,Reservoir Gage,CA,
CAssro_S140,,CAssro_WS5,WaDE Unspecified,WaDE Unspecified,ALAMEDA,4326,,,,,37.7644,-122.1016,,,Gage,U SAN LEANDRO,USL,,Reservoir Gage,CA,
CAssro_S141,,CAssro_WS5,WaDE Unspecified,WaDE Unspecified,RIVERSIDE,4326,,,,,33.496,-116.976,,,Gage,VAIL LAKE,VIL,,Reservoir Gage,CA,
CAssro_S142,,CAssro_WS5,WaDE Unspecified,WaDE Unspecified,SAN LUIS OBISPO,4326,,,,,35.45,-120.883,,,Gage,WHALE ROCK,WHR,,Reservoir Gage,CA,
CAssro_S143,,CAssro_WS5,WaDE Unspecified,WaDE Unspecified,FRESNO,4326,,,,,37.005,-118.969,,,Gage,WISHON,WSN,,Reservoir Gage,CA,
CAssro_S144,,CAssro_WS1,WaDE Unspecified,WaDE Unspecified,Unspecified,4326,,,180201000000.0,18020125.0,39.23496822,-121.2736555,,,Gage,YUBA RIVER NEAR SMARTVILLE,YRS,,Stream Gage,CA,
