<metadata xml:lang="en"><Esri><CreaDate>20200911</CreaDate><CreaTime>10533100</CreaTime><ArcGISFormat>1.0</ArcGISFormat><SyncOnce>FALSE</SyncOnce><DataProperties><itemProps><itemName Sync="TRUE">InterstateStreamCompactRegions</itemName><imsContentType Sync="TRUE">002</imsContentType><itemSize Sync="TRUE">0.000</itemSize><itemLocation><linkage Sync="TRUE">file://\\RJWSWCWLT\C$\Users\rjame\Documents\WSWC Documents\MappingStatesDataToWaDE2.0\NewMexico\Regulatory\RawInputData\Interstate Stream Compact Regions\shapefile\InterstateStreamCompactRegions.shp</linkage><protocol Sync="TRUE">Local Area Network</protocol></itemLocation></itemProps><coordRef><type Sync="TRUE">Geographic</type><geogcsn Sync="TRUE">GCS_WGS_1984</geogcsn><csUnits Sync="TRUE">Angular Unit: Degree (0.017453)</csUnits><peXml Sync="TRUE">&lt;GeographicCoordinateSystem xsi:type='typens:GeographicCoordinateSystem' xmlns:xsi='http://www.w3.org/2001/XMLSchema-instance' xmlns:xs='http://www.w3.org/2001/XMLSchema' xmlns:typens='http://www.esri.com/schemas/ArcGIS/3.0.0'&gt;&lt;WKT&gt;GEOGCS[&amp;quot;GCS_WGS_1984&amp;quot;,DATUM[&amp;quot;D_WGS_1984&amp;quot;,SPHEROID[&amp;quot;WGS_1984&amp;quot;,6378137.0,298.257223563]],PRIMEM[&amp;quot;Greenwich&amp;quot;,0.0],UNIT[&amp;quot;Degree&amp;quot;,0.0174532925199433],AUTHORITY[&amp;quot;EPSG&amp;quot;,4326]]&lt;/WKT&gt;&lt;XOrigin&gt;-400&lt;/XOrigin&gt;&lt;YOrigin&gt;-400&lt;/YOrigin&gt;&lt;XYScale&gt;11258999068426.238&lt;/XYScale&gt;&lt;ZOrigin&gt;-100000&lt;/ZOrigin&gt;&lt;ZScale&gt;10000&lt;/ZScale&gt;&lt;MOrigin&gt;-100000&lt;/MOrigin&gt;&lt;MScale&gt;10000&lt;/MScale&gt;&lt;XYTolerance&gt;8.983152841195215e-09&lt;/XYTolerance&gt;&lt;ZTolerance&gt;0.001&lt;/ZTolerance&gt;&lt;MTolerance&gt;0.001&lt;/MTolerance&gt;&lt;HighPrecision&gt;true&lt;/HighPrecision&gt;&lt;LeftLongitude&gt;-180&lt;/LeftLongitude&gt;&lt;WKID&gt;4326&lt;/WKID&gt;&lt;LatestWKID&gt;4326&lt;/LatestWKID&gt;&lt;/GeographicCoordinateSystem&gt;</peXml></coordRef><lineage><Process ToolSource="c:\program files\arcgis\pro\Resources\ArcToolbox\toolboxes\Data Management Tools.tbx\CopyFeatures" Date="20200911" Time="105332">CopyFeatures "ISC Compact Areas" "C:\Users\rjame\Documents\WSWC Documents\State Mapping Projects\NM Project\Regulatory\ISC Compact Areas.shp" # # # #</Process><Process ToolSource="c:\program files\arcgis\pro\Resources\ArcToolbox\Toolboxes\Data Management Tools.tbx\UpdateSchema" Date="20200911" Time="110813">UpdateSchema "CIMDATA=&lt;CIMStandardDataConnection xsi:type='typens:CIMStandardDataConnection' xmlns:xsi='http://www.w3.org/2001/XMLSchema-instance' xmlns:xs='http://www.w3.org/2001/XMLSchema' xmlns:typens='http://www.esri.com/schemas/ArcGIS/2.6.0'&gt;&lt;WorkspaceConnectionString&gt;DATABASE=C:\Users\rjame\Documents\WSWC Documents\State Mapping Projects\NM Project\Regulatory&lt;/WorkspaceConnectionString&gt;&lt;WorkspaceFactory&gt;Shapefile&lt;/WorkspaceFactory&gt;&lt;Dataset&gt;ISC Compact Areas.shp&lt;/Dataset&gt;&lt;DatasetType&gt;esriDTFeatureClass&lt;/DatasetType&gt;&lt;/CIMStandardDataConnection&gt;" &lt;operationSequence&gt;&lt;workflow&gt;&lt;AddField&gt;&lt;field_name&gt;Full_Name&lt;/field_name&gt;&lt;field_type&gt;TEXT&lt;/field_type&gt;&lt;field_length&gt;255&lt;/field_length&gt;&lt;field_is_nullable&gt;False&lt;/field_is_nullable&gt;&lt;field_is_required&gt;False&lt;/field_is_required&gt;&lt;/AddField&gt;&lt;/workflow&gt;&lt;/operationSequence&gt;</Process><Process ToolSource="c:\program files\arcgis\pro\Resources\ArcToolbox\toolboxes\Conversion Tools.tbx\FeatureClassToFeatureClass" Date="20210810" Time="144543">FeatureClassToFeatureClass "ISC Compact Areas" C:\Users\rjame\Documents\ArcGIS\Projects\NMData\NMData.gdb NMInterstateStreamCompactRegions # "States "States" true true false 50 Text 0 0,First,#,ISC Compact Areas,States,0,50;Source "Source" true true false 50 Text 0 0,First,#,ISC Compact Areas,Source,0,50;Compact_Na "Compact_Na" true true false 5 Text 0 0,First,#,ISC Compact Areas,Compact_Na,0,5;URL "URL" true true false 150 Text 0 0,First,#,ISC Compact Areas,URL,0,150;Shape__Are "Shape__Are" true true false 19 Double 0 0,First,#,ISC Compact Areas,Shape__Are,-1,-1;Shape__Len "Shape__Len" true true false 19 Double 0 0,First,#,ISC Compact Areas,Shape__Len,-1,-1;Full_Name "Full_Name" true true false 254 Text 0 0,First,#,ISC Compact Areas,Full_Name,0,254" #</Process><Process ToolSource="c:\program files\arcgis\pro\Resources\ArcToolbox\toolboxes\Conversion Tools.tbx\FeatureClassToFeatureClass" Date="20210810" Time="144624">FeatureClassToFeatureClass NMInterstateStreamCompactRegions "C:\Users\rjame\Documents\WSWC Documents\MappingStatesDataToWaDE2.0\NewMexico\Regulatory\RawInputData\ShapefileData" NMInterstateStreamCompactRegions.shp # "States "States" true true false 50 Text 0 0,First,#,NMInterstateStreamCompactRegions,States,0,50;Source "Source" true true false 50 Text 0 0,First,#,NMInterstateStreamCompactRegions,Source,0,50;Compact_Na "Compact_Na" true true false 5 Text 0 0,First,#,NMInterstateStreamCompactRegions,Compact_Na,0,5;URL "URL" true true false 150 Text 0 0,First,#,NMInterstateStreamCompactRegions,URL,0,150;Shape__Are "Shape__Are" true true false 8 Double 0 0,First,#,NMInterstateStreamCompactRegions,Shape__Are,-1,-1;Shape__Len "Shape__Len" true true false 8 Double 0 0,First,#,NMInterstateStreamCompactRegions,Shape__Len,-1,-1;Full_Name "Full_Name" true true false 254 Text 0 0,First,#,NMInterstateStreamCompactRegions,Full_Name,0,254;Shape_Length "Shape_Length" false true true 8 Double 0 0,First,#,NMInterstateStreamCompactRegions,Shape_Length,-1,-1;Shape_Area "Shape_Area" false true true 8 Double 0 0,First,#,NMInterstateStreamCompactRegions,Shape_Area,-1,-1" #</Process><Process ToolSource="c:\program files\arcgis\pro\Resources\ArcToolbox\toolboxes\Conversion Tools.tbx\ExportFeatures" Date="20230414" Time="125253">ExportFeatures NMInterstateStreamCompactRegions C:\Users\rjame\Documents\ArcGIS\Projects\NMData\NMData.gdb\InterstateStreamCompactRegions # NOT_USE_ALIAS "States "States" true true false 50 Text 0 0,First,#,NMInterstateStreamCompactRegions,States,0,50;Source "Source" true true false 50 Text 0 0,First,#,NMInterstateStreamCompactRegions,Source,0,50;Compact_Na "Compact_Na" true true false 5 Text 0 0,First,#,NMInterstateStreamCompactRegions,Compact_Na,0,5;URL "URL" true true false 150 Text 0 0,First,#,NMInterstateStreamCompactRegions,URL,0,150;Shape__Are "Shape__Are" true true false 19 Double 0 0,First,#,NMInterstateStreamCompactRegions,Shape__Are,-1,-1;Shape__Len "Shape__Len" true true false 19 Double 0 0,First,#,NMInterstateStreamCompactRegions,Shape__Len,-1,-1;Full_Name "Full_Name" true true false 254 Text 0 0,First,#,NMInterstateStreamCompactRegions,Full_Name,0,254;Shape_Leng "Shape_Leng" true true false 19 Double 0 0,First,#,NMInterstateStreamCompactRegions,Shape_Leng,-1,-1;Shape_Area "Shape_Area" true true false 19 Double 0 0,First,#,NMInterstateStreamCompactRegions,Shape_Area,-1,-1" #</Process><Process ToolSource="c:\program files\arcgis\pro\Resources\ArcToolbox\toolboxes\Conversion Tools.tbx\ExportFeatures" Date="20230414" Time="151600">ExportFeatures InterstateStreamCompactRegions "C:\Users\rjame\Documents\WSWC Documents\MappingStatesDataToWaDE2.0\NewMexico\Regulatory\RawInputData\Interstate Stream Compact Regions\shapefile\InterstateStreamCompactRegions.shp" # NOT_USE_ALIAS "States "States" true true false 50 Text 0 0,First,#,InterstateStreamCompactRegions,States,0,50;Source "Source" true true false 50 Text 0 0,First,#,InterstateStreamCompactRegions,Source,0,50;Compact_Na "Compact_Na" true true false 5 Text 0 0,First,#,InterstateStreamCompactRegions,Compact_Na,0,5;URL "URL" true true false 150 Text 0 0,First,#,InterstateStreamCompactRegions,URL,0,150;Shape__Are "Shape__Are" true true false 8 Double 0 0,First,#,InterstateStreamCompactRegions,Shape__Are,-1,-1;Shape__Len "Shape__Len" true true false 8 Double 0 0,First,#,InterstateStreamCompactRegions,Shape__Len,-1,-1;Full_Name "Full_Name" true true false 254 Text 0 0,First,#,InterstateStreamCompactRegions,Full_Name,0,254;Shape_Leng "Shape_Leng" true true false 8 Double 0 0,First,#,InterstateStreamCompactRegions,Shape_Leng,-1,-1;Shape_Length "Shape_Length" false true true 8 Double 0 0,First,#,InterstateStreamCompactRegions,Shape_Length,-1,-1;Shape_Area "Shape_Area" false true true 8 Double 0 0,First,#,InterstateStreamCompactRegions,Shape_Area,-1,-1" #</Process></lineage></DataProperties><SyncDate>20230414</SyncDate><SyncTime>15160000</SyncTime><ModDate>20230414</ModDate><ModTime>15160000</ModTime></Esri><dataIdInfo><envirDesc Sync="TRUE">Microsoft Windows 10 Version 10.0 (Build 22000) ; Esri ArcGIS 13.0.2.36056</envirDesc><dataLang><languageCode value="eng" Sync="TRUE"></languageCode><countryCode value="USA" Sync="TRUE"></countryCode></dataLang><idCitation><resTitle Sync="TRUE">InterstateStreamCompactRegions</resTitle><presForm><PresFormCd value="005" Sync="TRUE"></PresFormCd></presForm></idCitation><spatRpType><SpatRepTypCd value="001" Sync="TRUE"></SpatRepTypCd></spatRpType></dataIdInfo><mdLang><languageCode value="eng" Sync="TRUE"></languageCode><countryCode value="USA" Sync="TRUE"></countryCode></mdLang><mdChar><CharSetCd value="004" Sync="TRUE"></CharSetCd></mdChar><distInfo><distFormat><formatName Sync="TRUE">Shapefile</formatName></distFormat><distTranOps><transSize Sync="TRUE">0.000</transSize></distTranOps></distInfo><mdHrLv><ScopeCd value="005" Sync="TRUE"></ScopeCd></mdHrLv><mdHrLvName Sync="TRUE">dataset</mdHrLvName><refSysInfo><RefSystem><refSysID><identCode code="4326" Sync="TRUE"></identCode><idCodeSpace Sync="TRUE">EPSG</idCodeSpace><idVersion Sync="TRUE">6.2(3.0.1)</idVersion></refSysID></RefSystem></refSysInfo><spatRepInfo><VectSpatRep><geometObjs Name="InterstateStreamCompactRegions"><geoObjTyp><GeoObjTypCd value="002" Sync="TRUE"></GeoObjTypCd></geoObjTyp><geoObjCnt Sync="TRUE">0</geoObjCnt></geometObjs><topLvl><TopoLevCd value="001" Sync="TRUE"></TopoLevCd></topLvl></VectSpatRep></spatRepInfo><spdoinfo><ptvctinf><esriterm Name="InterstateStreamCompactRegions"><efeatyp Sync="TRUE">Simple</efeatyp><efeageom code="4" Sync="TRUE"></efeageom><esritopo Sync="TRUE">FALSE</esritopo><efeacnt Sync="TRUE">0</efeacnt><spindex Sync="TRUE">FALSE</spindex><linrefer Sync="TRUE">FALSE</linrefer></esriterm></ptvctinf></spdoinfo><eainfo><detailed Name="InterstateStreamCompactRegions"><enttyp><enttypl Sync="TRUE">InterstateStreamCompactRegions</enttypl><enttypt Sync="TRUE">Feature Class</enttypt><enttypc Sync="TRUE">0</enttypc></enttyp><attr><attrlabl Sync="TRUE">FID</attrlabl><attalias Sync="TRUE">FID</attalias><attrtype Sync="TRUE">OID</attrtype><attwidth Sync="TRUE">4</attwidth><atprecis Sync="TRUE">0</atprecis><attscale Sync="TRUE">0</attscale><attrdef Sync="TRUE">Internal feature number.</attrdef><attrdefs Sync="TRUE">Esri</attrdefs><attrdomv><udom Sync="TRUE">Sequential unique whole numbers that are automatically generated.</udom></attrdomv></attr><attr><attrlabl Sync="TRUE">Shape</attrlabl><attalias Sync="TRUE">Shape</attalias><attrtype Sync="TRUE">Geometry</attrtype><attwidth Sync="TRUE">0</attwidth><atprecis Sync="TRUE">0</atprecis><attscale Sync="TRUE">0</attscale><attrdef Sync="TRUE">Feature geometry.</attrdef><attrdefs Sync="TRUE">Esri</attrdefs><attrdomv><udom Sync="TRUE">Coordinates defining the features.</udom></attrdomv></attr><attr><attrlabl Sync="TRUE">States</attrlabl><attalias Sync="TRUE">States</attalias><attrtype Sync="TRUE">String</attrtype><attwidth Sync="TRUE">50</attwidth><atprecis Sync="TRUE">0</atprecis><attscale Sync="TRUE">0</attscale></attr><attr><attrlabl Sync="TRUE">Source</attrlabl><attalias Sync="TRUE">Source</attalias><attrtype Sync="TRUE">String</attrtype><attwidth Sync="TRUE">50</attwidth><atprecis Sync="TRUE">0</atprecis><attscale Sync="TRUE">0</attscale></attr><attr><attrlabl Sync="TRUE">Compact_Na</attrlabl><attalias Sync="TRUE">Compact_Na</attalias><attrtype Sync="TRUE">String</attrtype><attwidth Sync="TRUE">5</attwidth><atprecis Sync="TRUE">0</atprecis><attscale Sync="TRUE">0</attscale></attr><attr><attrlabl Sync="TRUE">URL</attrlabl><attalias Sync="TRUE">URL</attalias><attrtype Sync="TRUE">String</attrtype><attwidth Sync="TRUE">150</attwidth><atprecis Sync="TRUE">0</atprecis><attscale Sync="TRUE">0</attscale></attr><attr><attrlabl Sync="TRUE">Shape__Are</attrlabl><attalias Sync="TRUE">Shape__Are</attalias><attrtype Sync="TRUE">Double</attrtype><attwidth Sync="TRUE">19</attwidth><atprecis Sync="TRUE">0</atprecis><attscale Sync="TRUE">0</attscale></attr><attr><attrlabl Sync="TRUE">Shape__Len</attrlabl><attalias Sync="TRUE">Shape__Len</attalias><attrtype Sync="TRUE">Double</attrtype><attwidth Sync="TRUE">19</attwidth><atprecis Sync="TRUE">0</atprecis><attscale Sync="TRUE">0</attscale></attr><attr><attrlabl Sync="TRUE">Full_Name</attrlabl><attalias Sync="TRUE">Full_Name</attalias><attrtype Sync="TRUE">String</attrtype><attwidth Sync="TRUE">254</attwidth><atprecis Sync="TRUE">0</atprecis><attscale Sync="TRUE">0</attscale></attr><attr><attrlabl Sync="TRUE">Shape_Leng</attrlabl><attalias Sync="TRUE">Shape_Leng</attalias><attrtype Sync="TRUE">Double</attrtype><attwidth Sync="TRUE">19</attwidth><atprecis Sync="TRUE">0</atprecis><attscale Sync="TRUE">0</attscale></attr><attr><attrlabl Sync="TRUE">Shape_Le_1</attrlabl><attalias Sync="TRUE">Shape_Le_1</attalias><attrtype Sync="TRUE">Double</attrtype><attwidth Sync="TRUE">19</attwidth><atprecis Sync="TRUE">0</atprecis><attscale Sync="TRUE">0</attscale></attr><attr><attrlabl Sync="TRUE">Shape_Area</attrlabl><attalias Sync="TRUE">Shape_Area</attalias><attrtype Sync="TRUE">Double</attrtype><attwidth Sync="TRUE">19</attwidth><atprecis Sync="TRUE">0</atprecis><attscale Sync="TRUE">0</attscale><attrdef Sync="TRUE">Area of feature in internal units squared.</attrdef><attrdefs Sync="TRUE">Esri</attrdefs><attrdomv><udom Sync="TRUE">Positive real numbers that are automatically generated.</udom></attrdomv></attr></detailed></eainfo><mdDateSt Sync="TRUE">20230414</mdDateSt></metadata>
