<metadata xml:lang="en"><Esri><CreaDate>20210810</CreaDate><CreaTime>15013500</CreaTime><ArcGISFormat>1.0</ArcGISFormat><SyncOnce>FALSE</SyncOnce><DataProperties><itemProps><itemName Sync="TRUE">OSEWaterRightDistrictBoundary</itemName><imsContentType Sync="TRUE">002</imsContentType><itemSize Sync="TRUE">0.000</itemSize><itemLocation><linkage Sync="TRUE">file://\\RJWSWCWLT\C$\Users\rjame\Documents\WSWC Documents\MappingStatesDataToWaDE2.0\NewMexico\Regulatory\RawInputData\OSE Water Right District Boundary\shapefile\OSEWaterRightDistrictBoundary.shp</linkage><protocol Sync="TRUE">Local Area Network</protocol></itemLocation></itemProps><coordRef><type Sync="TRUE">Geographic</type><geogcsn Sync="TRUE">GCS_WGS_1984</geogcsn><csUnits Sync="TRUE">Angular Unit: Degree (0.017453)</csUnits><peXml Sync="TRUE">&lt;GeographicCoordinateSystem xsi:type='typens:GeographicCoordinateSystem' xmlns:xsi='http://www.w3.org/2001/XMLSchema-instance' xmlns:xs='http://www.w3.org/2001/XMLSchema' xmlns:typens='http://www.esri.com/schemas/ArcGIS/3.0.0'&gt;&lt;WKT&gt;GEOGCS[&amp;quot;GCS_WGS_1984&amp;quot;,DATUM[&amp;quot;D_WGS_1984&amp;quot;,SPHEROID[&amp;quot;WGS_1984&amp;quot;,6378137.0,298.257223563]],PRIMEM[&amp;quot;Greenwich&amp;quot;,0.0],UNIT[&amp;quot;Degree&amp;quot;,0.0174532925199433],AUTHORITY[&amp;quot;EPSG&amp;quot;,4326]]&lt;/WKT&gt;&lt;XOrigin&gt;-400&lt;/XOrigin&gt;&lt;YOrigin&gt;-400&lt;/YOrigin&gt;&lt;XYScale&gt;11258999068426.238&lt;/XYScale&gt;&lt;ZOrigin&gt;-100000&lt;/ZOrigin&gt;&lt;ZScale&gt;10000&lt;/ZScale&gt;&lt;MOrigin&gt;-100000&lt;/MOrigin&gt;&lt;MScale&gt;10000&lt;/MScale&gt;&lt;XYTolerance&gt;8.983152841195215e-09&lt;/XYTolerance&gt;&lt;ZTolerance&gt;0.001&lt;/ZTolerance&gt;&lt;MTolerance&gt;0.001&lt;/MTolerance&gt;&lt;HighPrecision&gt;true&lt;/HighPrecision&gt;&lt;LeftLongitude&gt;-180&lt;/LeftLongitude&gt;&lt;WKID&gt;4326&lt;/WKID&gt;&lt;LatestWKID&gt;4326&lt;/LatestWKID&gt;&lt;/GeographicCoordinateSystem&gt;</peXml></coordRef><lineage><Process ToolSource="c:\program files\arcgis\pro\Resources\ArcToolbox\toolboxes\Conversion Tools.tbx\FeatureClassToFeatureClass" Date="20210810" Time="150136">FeatureClassToFeatureClass "OSE Districts" "C:\Users\rjame\Documents\WSWC Documents\MappingStatesDataToWaDE2.0\NewMexico\Regulatory\RawInputData\ShapefileData\OSE District Boundary" OSEDistrictBoundary.shp # "ose_dist_id "ose_dist_id" true true false 0 Long 0 0,First,#,OSE Districts,ose_dist_id,-1,-1;name "Name" true true false 40 Text 0 0,First,#,OSE Districts,name,0,40;dist_nbr "dist_nbr" true true false 0 Short 0 0,First,#,OSE Districts,dist_nbr,-1,-1;Shape__Area "Shape__Area" false true true 0 Double 0 0,First,#,OSE Districts,Shape__Area,-1,-1;Shape__Length "Shape__Length" false true true 0 Double 0 0,First,#,OSE Districts,Shape__Length,-1,-1;Designation "District Designation" true true false 256 Text 0 0,First,#,OSE Districts,Designation,0,256;Address "Address" true true false 256 Text 0 0,First,#,OSE Districts,Address,0,256;URL "Website" true true false 256 Text 0 0,First,#,OSE Districts,URL,0,256;MeterReadingInfo "Meter Reading Information" true true false 256 Text 0 0,First,#,OSE Districts,MeterReadingInfo,0,256" #</Process><Process ToolSource="c:\program files\arcgis\pro\Resources\ArcToolbox\toolboxes\Conversion Tools.tbx\ExportFeatures" Date="20230414" Time="125227">ExportFeatures OSEDistrictBoundary C:\Users\rjame\Documents\ArcGIS\Projects\NMData\NMData.gdb\OSEWaterRightDistrictBoundary # NOT_USE_ALIAS "ose_dist_i "ose_dist_i" true true false 10 Long 0 10,First,#,OSEDistrictBoundary,ose_dist_i,-1,-1;name "name" true true false 40 Text 0 0,First,#,OSEDistrictBoundary,name,0,40;dist_nbr "dist_nbr" true true false 5 Long 0 5,First,#,OSEDistrictBoundary,dist_nbr,-1,-1;Shape__Are "Shape__Are" true true false 19 Double 0 0,First,#,OSEDistrictBoundary,Shape__Are,-1,-1;Shape__Len "Shape__Len" true true false 19 Double 0 0,First,#,OSEDistrictBoundary,Shape__Len,-1,-1;Designatio "Designatio" true true false 254 Text 0 0,First,#,OSEDistrictBoundary,Designatio,0,254;Address "Address" true true false 254 Text 0 0,First,#,OSEDistrictBoundary,Address,0,254;URL "URL" true true false 254 Text 0 0,First,#,OSEDistrictBoundary,URL,0,254;MeterReadi "MeterReadi" true true false 254 Text 0 0,First,#,OSEDistrictBoundary,MeterReadi,0,254" #</Process><Process ToolSource="c:\program files\arcgis\pro\Resources\ArcToolbox\toolboxes\Conversion Tools.tbx\ExportFeatures" Date="20230414" Time="151653">ExportFeatures "Source Data\OSEWaterRightDistrictBoundary" "C:\Users\rjame\Documents\WSWC Documents\MappingStatesDataToWaDE2.0\NewMexico\Regulatory\RawInputData\OSE Water Right District Boundary\shapefile\OSEWaterRightDistrictBoundary.shp" # NOT_USE_ALIAS "ose_dist_i "ose_dist_i" true true false 4 Long 0 0,First,#,Source Data\OSEWaterRightDistrictBoundary,ose_dist_i,-1,-1;name "name" true true false 40 Text 0 0,First,#,Source Data\OSEWaterRightDistrictBoundary,name,0,40;dist_nbr "dist_nbr" true true false 4 Long 0 0,First,#,Source Data\OSEWaterRightDistrictBoundary,dist_nbr,-1,-1;Shape__Are "Shape__Are" true true false 8 Double 0 0,First,#,Source Data\OSEWaterRightDistrictBoundary,Shape__Are,-1,-1;Shape__Len "Shape__Len" true true false 8 Double 0 0,First,#,Source Data\OSEWaterRightDistrictBoundary,Shape__Len,-1,-1;Designatio "Designatio" true true false 254 Text 0 0,First,#,Source Data\OSEWaterRightDistrictBoundary,Designatio,0,254;Address "Address" true true false 254 Text 0 0,First,#,Source Data\OSEWaterRightDistrictBoundary,Address,0,254;URL "URL" true true false 254 Text 0 0,First,#,Source Data\OSEWaterRightDistrictBoundary,URL,0,254;MeterReadi "MeterReadi" true true false 254 Text 0 0,First,#,Source Data\OSEWaterRightDistrictBoundary,MeterReadi,0,254;Shape_Length "Shape_Length" false true true 8 Double 0 0,First,#,Source Data\OSEWaterRightDistrictBoundary,Shape_Length,-1,-1;Shape_Area "Shape_Area" false true true 8 Double 0 0,First,#,Source Data\OSEWaterRightDistrictBoundary,Shape_Area,-1,-1" #</Process></lineage></DataProperties><SyncDate>20230414</SyncDate><SyncTime>15165300</SyncTime><ModDate>20230414</ModDate><ModTime>15165300</ModTime></Esri><dataIdInfo><envirDesc Sync="TRUE">Microsoft Windows 10 Version 10.0 (Build 22000) ; Esri ArcGIS 13.0.2.36056</envirDesc><dataLang><languageCode value="eng" Sync="TRUE"></languageCode><countryCode value="USA" Sync="TRUE"></countryCode></dataLang><idCitation><resTitle Sync="TRUE">OSEWaterRightDistrictBoundary</resTitle><presForm><PresFormCd value="005" Sync="TRUE"></PresFormCd></presForm></idCitation><spatRpType><SpatRepTypCd value="001" Sync="TRUE"></SpatRepTypCd></spatRpType></dataIdInfo><mdLang><languageCode value="eng" Sync="TRUE"></languageCode><countryCode value="USA" Sync="TRUE"></countryCode></mdLang><mdChar><CharSetCd value="004" Sync="TRUE"></CharSetCd></mdChar><distInfo><distFormat><formatName Sync="TRUE">Shapefile</formatName></distFormat><distTranOps><transSize Sync="TRUE">0.000</transSize></distTranOps></distInfo><mdHrLv><ScopeCd value="005" Sync="TRUE"></ScopeCd></mdHrLv><mdHrLvName Sync="TRUE">dataset</mdHrLvName><refSysInfo><RefSystem><refSysID><identCode code="4326" Sync="TRUE"></identCode><idCodeSpace Sync="TRUE">EPSG</idCodeSpace><idVersion Sync="TRUE">6.2(3.0.1)</idVersion></refSysID></RefSystem></refSysInfo><spatRepInfo><VectSpatRep><geometObjs Name="OSEWaterRightDistrictBoundary"><geoObjTyp><GeoObjTypCd value="002" Sync="TRUE"></GeoObjTypCd></geoObjTyp><geoObjCnt Sync="TRUE">0</geoObjCnt></geometObjs><topLvl><TopoLevCd value="001" Sync="TRUE"></TopoLevCd></topLvl></VectSpatRep></spatRepInfo><spdoinfo><ptvctinf><esriterm Name="OSEWaterRightDistrictBoundary"><efeatyp Sync="TRUE">Simple</efeatyp><efeageom code="4" Sync="TRUE"></efeageom><esritopo Sync="TRUE">FALSE</esritopo><efeacnt Sync="TRUE">0</efeacnt><spindex Sync="TRUE">FALSE</spindex><linrefer Sync="TRUE">FALSE</linrefer></esriterm></ptvctinf></spdoinfo><eainfo><detailed Name="OSEWaterRightDistrictBoundary"><enttyp><enttypl Sync="TRUE">OSEWaterRightDistrictBoundary</enttypl><enttypt Sync="TRUE">Feature Class</enttypt><enttypc Sync="TRUE">0</enttypc></enttyp><attr><attrlabl Sync="TRUE">FID</attrlabl><attalias Sync="TRUE">FID</attalias><attrtype Sync="TRUE">OID</attrtype><attwidth Sync="TRUE">4</attwidth><atprecis Sync="TRUE">0</atprecis><attscale Sync="TRUE">0</attscale><attrdef Sync="TRUE">Internal feature number.</attrdef><attrdefs Sync="TRUE">Esri</attrdefs><attrdomv><udom Sync="TRUE">Sequential unique whole numbers that are automatically generated.</udom></attrdomv></attr><attr><attrlabl Sync="TRUE">Shape</attrlabl><attalias Sync="TRUE">Shape</attalias><attrtype Sync="TRUE">Geometry</attrtype><attwidth Sync="TRUE">0</attwidth><atprecis Sync="TRUE">0</atprecis><attscale Sync="TRUE">0</attscale><attrdef Sync="TRUE">Feature geometry.</attrdef><attrdefs Sync="TRUE">Esri</attrdefs><attrdomv><udom Sync="TRUE">Coordinates defining the features.</udom></attrdomv></attr><attr><attrlabl Sync="TRUE">ose_dist_i</attrlabl><attalias Sync="TRUE">ose_dist_i</attalias><attrtype Sync="TRUE">Integer</attrtype><attwidth Sync="TRUE">10</attwidth><atprecis Sync="TRUE">10</atprecis><attscale Sync="TRUE">0</attscale></attr><attr><attrlabl Sync="TRUE">name</attrlabl><attalias Sync="TRUE">name</attalias><attrtype Sync="TRUE">String</attrtype><attwidth Sync="TRUE">40</attwidth><atprecis Sync="TRUE">0</atprecis><attscale Sync="TRUE">0</attscale></attr><attr><attrlabl Sync="TRUE">dist_nbr</attrlabl><attalias Sync="TRUE">dist_nbr</attalias><attrtype Sync="TRUE">Integer</attrtype><attwidth Sync="TRUE">10</attwidth><atprecis Sync="TRUE">10</atprecis><attscale Sync="TRUE">0</attscale></attr><attr><attrlabl Sync="TRUE">Shape__Are</attrlabl><attalias Sync="TRUE">Shape__Are</attalias><attrtype Sync="TRUE">Double</attrtype><attwidth Sync="TRUE">19</attwidth><atprecis Sync="TRUE">0</atprecis><attscale Sync="TRUE">0</attscale></attr><attr><attrlabl Sync="TRUE">Shape__Len</attrlabl><attalias Sync="TRUE">Shape__Len</attalias><attrtype Sync="TRUE">Double</attrtype><attwidth Sync="TRUE">19</attwidth><atprecis Sync="TRUE">0</atprecis><attscale Sync="TRUE">0</attscale></attr><attr><attrlabl Sync="TRUE">Designatio</attrlabl><attalias Sync="TRUE">Designatio</attalias><attrtype Sync="TRUE">String</attrtype><attwidth Sync="TRUE">254</attwidth><atprecis Sync="TRUE">0</atprecis><attscale Sync="TRUE">0</attscale></attr><attr><attrlabl Sync="TRUE">Address</attrlabl><attalias Sync="TRUE">Address</attalias><attrtype Sync="TRUE">String</attrtype><attwidth Sync="TRUE">254</attwidth><atprecis Sync="TRUE">0</atprecis><attscale Sync="TRUE">0</attscale></attr><attr><attrlabl Sync="TRUE">URL</attrlabl><attalias Sync="TRUE">URL</attalias><attrtype Sync="TRUE">String</attrtype><attwidth Sync="TRUE">254</attwidth><atprecis Sync="TRUE">0</atprecis><attscale Sync="TRUE">0</attscale></attr><attr><attrlabl Sync="TRUE">MeterReadi</attrlabl><attalias Sync="TRUE">MeterReadi</attalias><attrtype Sync="TRUE">String</attrtype><attwidth Sync="TRUE">254</attwidth><atprecis Sync="TRUE">0</atprecis><attscale Sync="TRUE">0</attscale></attr><attr><attrlabl Sync="TRUE">Shape_Leng</attrlabl><attalias Sync="TRUE">Shape_Leng</attalias><attrtype Sync="TRUE">Double</attrtype><attwidth Sync="TRUE">19</attwidth><atprecis Sync="TRUE">0</atprecis><attscale Sync="TRUE">0</attscale></attr><attr><attrlabl Sync="TRUE">Shape_Area</attrlabl><attalias Sync="TRUE">Shape_Area</attalias><attrtype Sync="TRUE">Double</attrtype><attwidth Sync="TRUE">19</attwidth><atprecis Sync="TRUE">0</atprecis><attscale Sync="TRUE">0</attscale><attrdef Sync="TRUE">Area of feature in internal units squared.</attrdef><attrdefs Sync="TRUE">Esri</attrdefs><attrdomv><udom Sync="TRUE">Positive real numbers that are automatically generated.</udom></attrdomv></attr></detailed></eainfo><mdDateSt Sync="TRUE">20230414</mdDateSt></metadata>
