DataPublicationDate,OrganizationUUID,RegulatoryOverlayUUID,ReportingUnitUUID
08/28/2023,NMwr_O1,NMre_ROISCR0,NMre_RUISCR0
08/28/2023,NMwr_O1,NMre_ROISCR1,NMre_RUISCR1
08/28/2023,NMwr_O1,NMre_ROISCR2,NMre_RUISCR2
08/28/2023,NMwr_O1,NMre_ROISCR3,NMre_RUISCR3
08/28/2023,NMwr_O1,NMre_ROISCR4,NMre_RUISCR4
08/28/2023,NMwr_O1,NMre_ROISCR5,NMre_RUISCR5
08/28/2023,NMwr_O1,NMre_ROISCR6,NMre_RUISCR6
08/28/2023,NMwr_O1,NMre_ROISCR7,NMre_RUISCR7
08/28/2023,NMwr_O1,NMre_ROOSEWR0,NMre_RUOSEWRB7
08/28/2023,NMwr_O1,NMre_ROOSEWR1,NMre_RUOSEWRB6
08/28/2023,NMwr_O1,NMre_ROOSEWR2,NMre_RUOSEWRB5
08/28/2023,NMwr_O1,NMre_ROOSEWR3,NMre_RUOSEWRB4
08/28/2023,NMwr_O1,NMre_ROOSEWR4,NMre_RUOSEWRB3
08/28/2023,NMwr_O1,NMre_ROOSEWR5,NMre_RUOSEWRB2
08/28/2023,NMwr_O1,NMre_ROOSEWR6,NMre_RUOSEWRB1
08/28/2023,NMwr_O1,NMre_ROSCWR0,NMre_RUSCWR0
08/28/2023,NMwr_O1,NMre_ROSCWR1,NMre_RUSCWR1
08/28/2023,NMwr_O1,NMre_ROSCWR2,NMre_RUSCWR2
08/28/2023,NMwr_O1,NMre_ROSCWR3,NMre_RUSCWR3
08/28/2023,NMwr_O1,NMre_ROSCWR4,NMre_RUSCWR4
08/28/2023,NMwr_O1,NMre_ROSCWR5,NMre_RUSCWR5
08/28/2023,NMwr_O1,NMre_ROSCWR6,NMre_RUSCWR6
08/28/2023,NMwr_O1,NMre_ROSCWR7,NMre_RUSCWR7
08/28/2023,NMwr_O1,NMre_ROSCWR8,NMre_RUSCWR8
08/28/2023,NMwr_O1,NMre_ROSCWR9,NMre_RUSCWR9
08/28/2023,NMwr_O1,NMre_ROSCWR11,NMre_RUSCWR11
08/28/2023,NMwr_O1,NMre_ROSCWR12,NMre_RUSCWR12
08/28/2023,NMwr_O1,NMre_ROSCWR13,NMre_RUSCWR13
08/28/2023,NMwr_O1,NMre_ROSCWR14,NMre_RUSCWR14
08/28/2023,NMwr_O1,NMre_ROSCWR15,NMre_RUSCWR15
08/28/2023,NMwr_O1,NMre_ROSCWR16,NMre_RUSCWR16
08/28/2023,NMwr_O1,NMre_ROSCWR17,NMre_RUSCWR17
08/28/2023,NMwr_O1,NMre_ROSCWR18,NMre_RUSCWR18
08/28/2023,NMwr_O1,NMre_ROSCWR19,NMre_RUSCWR19
08/28/2023,NMwr_O1,NMre_ROSCWR20,NMre_RUSCWR20
08/28/2023,NMwr_O1,NMre_ROSCWR21,NMre_RUSCWR21
08/28/2023,NMwr_O1,NMre_ROSCWR22,NMre_RUSCWR22
08/28/2023,NMwr_O1,NMre_ROSCWR23,NMre_RUSCWR23
08/28/2023,NMwr_O1,NMre_ROSCWR24,NMre_RUSCWR24
08/28/2023,NMwr_O1,NMre_ROSCWR25,NMre_RUSCWR25
08/28/2023,NMwr_O1,NMre_ROSCWR26,NMre_RUSCWR26
08/28/2023,NMwr_O1,NMre_ROSCWR27,NMre_RUSCWR27
08/28/2023,NMwr_O1,NMre_ROSCWR28,NMre_RUSCWR28
08/28/2023,NMwr_O1,NMre_ROSCWR29,NMre_RUSCWR29
08/28/2023,NMwr_O1,NMre_ROSCWR30,NMre_RUSCWR30
08/28/2023,NMwr_O1,NMre_ROSCWR31,NMre_RUSCWR31
08/28/2023,NMwr_O1,NMre_ROSCWR32,NMre_RUSCWR32
08/28/2023,NMwr_O1,NMre_ROSCWR33,NMre_RUSCWR33
08/28/2023,NMwr_O1,NMre_ROSCWR34,NMre_RUSCWR34
08/28/2023,NMwr_O1,NMre_ROSCWR35,NMre_RUSCWR35
08/28/2023,NMwr_O1,NMre_ROSCWR36,NMre_RUSCWR36
08/28/2023,NMwr_O1,NMre_ROSCWR37,NMre_RUSCWR37
08/28/2023,NMwr_O1,NMre_ROSCWR38,NMre_RUSCWR38
08/28/2023,NMwr_O1,NMre_ROSCWR40,NMre_RUSCWR40
08/28/2023,NMwr_O1,NMre_ROSCWR41,NMre_RUSCWR41
08/28/2023,NMwr_O1,NMre_ROSCWR42,NMre_RUSCWR42
08/28/2023,NMwr_O1,NMre_ROSCWR43,NMre_RUSCWR43
08/28/2023,NMwr_O1,NMre_ROSCWR44,NMre_RUSCWR44
08/28/2023,NMwr_O1,NMre_ROSCWR45,NMre_RUSCWR45
08/28/2023,NMwr_O1,NMre_ROSCWR46,NMre_RUSCWR46
08/28/2023,NMwr_O1,NMre_ROSCWR48,NMre_RUSCWR48
08/28/2023,NMwr_O1,NMre_ROSCWR49,NMre_RUSCWR49
08/28/2023,NMwr_O1,NMre_ROSCWR50,NMre_RUSCWR50
08/28/2023,NMwr_O1,NMre_ROSCWR51,NMre_RUSCWR51
08/28/2023,NMwr_O1,NMre_ROSCWR52,NMre_RUSCWR52
08/28/2023,NMwr_O1,NMre_ROSCWR53,NMre_RUSCWR53
08/28/2023,NMwr_O1,NMre_ROSCWR54,NMre_RUSCWR54
08/28/2023,NMwr_O1,NMre_ROSCWR55,NMre_RUSCWR55
08/28/2023,NMwr_O1,NMre_ROSCWR56,NMre_RUSCWR56
08/28/2023,NMwr_O1,NMre_ROSCWR57,NMre_RUSCWR57
08/28/2023,NMwr_O1,NMre_ROSCWR58,NMre_RUSCWR58
08/28/2023,NMwr_O1,NMre_ROSCWR59,NMre_RUSCWR59
08/28/2023,NMwr_O1,NMre_ROSCWR60,NMre_RUSCWR60
08/28/2023,NMwr_O1,NMre_ROSCWR61,NMre_RUSCWR61
08/28/2023,NMwr_O1,NMre_ROSCWR62,NMre_RUSCWR62
08/28/2023,NMwr_O1,NMre_ROSCWR63,NMre_RUSCWR63
08/28/2023,NMwr_O1,NMre_ROSCWR64,NMre_RUSCWR64
08/28/2023,NMwr_O1,NMre_ROSCWR65,NMre_RUSCWR65
08/28/2023,NMwr_O1,NMre_ROSCWR66,NMre_RUSCWR66
08/28/2023,NMwr_O1,NMre_ROSCWR67,NMre_RUSCWR67
08/28/2023,NMwr_O1,NMre_ROSCWR68,NMre_RUSCWR68
08/28/2023,NMwr_O1,NMre_ROSCWR69,NMre_RUSCWR69
08/28/2023,NMwr_O1,NMre_ROSCWR70,NMre_RUSCWR70
08/28/2023,NMwr_O1,NMre_ROSCWR71,NMre_RUSCWR71
08/28/2023,NMwr_O1,NMre_ROSCWR72,NMre_RUSCWR72
08/28/2023,NMwr_O1,NMre_ROSCWR73,NMre_RUSCWR73
08/28/2023,NMwr_O1,NMre_ROSCWR74,NMre_RUSCWR74
08/28/2023,NMwr_O1,NMre_ROSCWR75,NMre_RUSCWR75
08/28/2023,NMwr_O1,NMre_ROSCWR76,NMre_RUSCWR76
08/28/2023,NMwr_O1,NMre_ROSCWR77,NMre_RUSCWR77
08/28/2023,NMwr_O1,NMre_ROSCWR78,NMre_RUSCWR78
08/28/2023,NMwr_O1,NMre_ROSCWR79,NMre_RUSCWR79
08/28/2023,NMwr_O1,NMre_ROSCWR80,NMre_RUSCWR80
08/28/2023,NMwr_O1,NMre_ROSCWR81,NMre_RUSCWR81
08/28/2023,NMwr_O1,NMre_ROSCWR82,NMre_RUSCWR82
08/28/2023,NMwr_O1,NMre_ROSCWR83,NMre_RUSCWR83
08/28/2023,NMwr_O1,NMre_ROSCWR84,NMre_RUSCWR84
08/28/2023,NMwr_O1,NMre_ROSCWR85,NMre_RUSCWR85
08/28/2023,NMwr_O1,NMre_ROSCWR86,NMre_RUSCWR86
08/28/2023,NMwr_O1,NMre_ROSCWR87,NMre_RUSCWR87
08/28/2023,NMwr_O1,NMre_ROSCWR88,NMre_RUSCWR88
08/28/2023,NMwr_O1,NMre_ROSCWR89,NMre_RUSCWR89
08/28/2023,NMwr_O1,NMre_ROSCWR90,NMre_RUSCWR90
08/28/2023,NMwr_O1,NMre_ROSCWR91,NMre_RUSCWR91
08/28/2023,NMwr_O1,NMre_ROSCWR92,NMre_RUSCWR92
08/28/2023,NMwr_O1,NMre_ROSCWR93,NMre_RUSCWR93
08/28/2023,NMwr_O1,NMre_ROSCWR94,NMre_RUSCWR94
08/28/2023,NMwr_O1,NMre_ROSCWR95,NMre_RUSCWR95
08/28/2023,NMwr_O1,NMre_ROSCWR96,NMre_RUSCWR96
08/28/2023,NMwr_O1,NMre_ROSCWR97,NMre_RUSCWR97
08/28/2023,NMwr_O1,NMre_ROSCWR98,NMre_RUSCWR98
08/28/2023,NMwr_O1,NMre_ROSCWR99,NMre_RUSCWR99
08/28/2023,NMwr_O1,NMre_ROSCWR100,NMre_RUSCWR100
08/28/2023,NMwr_O1,NMre_ROSCWR101,NMre_RUSCWR101
08/28/2023,NMwr_O1,NMre_ROSCWR102,NMre_RUSCWR102
08/28/2023,NMwr_O1,NMre_ROSCWR103,NMre_RUSCWR103
08/28/2023,NMwr_O1,NMre_ROSCWR104,NMre_RUSCWR104
08/28/2023,NMwr_O1,NMre_ROSCWR105,NMre_RUSCWR105
08/28/2023,NMwr_O1,NMre_ROSCWR106,NMre_RUSCWR106
08/28/2023,NMwr_O1,NMre_ROSCWR107,NMre_RUSCWR107
08/28/2023,NMwr_O1,NMre_ROSCWR108,NMre_RUSCWR108
08/28/2023,NMwr_O1,NMre_ROSCWR109,NMre_RUSCWR109
08/28/2023,NMwr_O1,NMre_ROSCWR110,NMre_RUSCWR110
08/28/2023,NMwr_O1,NMre_ROSCWR111,NMre_RUSCWR111
08/28/2023,NMwr_O1,NMre_ROSCWR112,NMre_RUSCWR112
08/28/2023,NMwr_O1,NMre_ROSCWR113,NMre_RUSCWR113
08/28/2023,NMwr_O1,NMre_ROSCWR114,NMre_RUSCWR114
08/28/2023,NMwr_O1,NMre_ROSCWR115,NMre_RUSCWR115
08/28/2023,NMwr_O1,NMre_ROSCWR116,NMre_RUSCWR116
08/28/2023,NMwr_O1,NMre_ROSCWR117,NMre_RUSCWR117
08/28/2023,NMwr_O1,NMre_ROSCWR118,NMre_RUSCWR118
08/28/2023,NMwr_O1,NMre_ROSCWR119,NMre_RUSCWR119
08/28/2023,NMwr_O1,NMre_ROSCWR120,NMre_RUSCWR120
08/28/2023,NMwr_O1,NMre_ROSCWR121,NMre_RUSCWR121
08/28/2023,NMwr_O1,NMre_ROSCWR122,NMre_RUSCWR122
08/28/2023,NMwr_O1,NMre_ROSCWR123,NMre_RUSCWR123
08/28/2023,NMwr_O1,NMre_ROSCWR124,NMre_RUSCWR124
08/28/2023,NMwr_O1,NMre_ROSCWR125,NMre_RUSCWR125
08/28/2023,NMwr_O1,NMre_ROSCWR126,NMre_RUSCWR126
08/28/2023,NMwr_O1,NMre_ROSCWR127,NMre_RUSCWR127
08/28/2023,NMwr_O1,NMre_ROSCWR128,NMre_RUSCWR128
08/28/2023,NMwr_O1,NMre_ROSCWR129,NMre_RUSCWR129
08/28/2023,NMwr_O1,NMre_ROSCWR130,NMre_RUSCWR130
08/28/2023,NMwr_O1,NMre_ROSCWR131,NMre_RUSCWR131
08/28/2023,NMwr_O1,NMre_ROSCWR132,NMre_RUSCWR132
08/28/2023,NMwr_O1,NMre_ROSCWR133,NMre_RUSCWR133
08/28/2023,NMwr_O1,NMre_ROSCWR134,NMre_RUSCWR134
08/28/2023,NMwr_O1,NMre_ROSCWR135,NMre_RUSCWR135
08/28/2023,NMwr_O1,NMre_ROSCWR136,NMre_RUSCWR136
08/28/2023,NMwr_O1,NMre_ROSCWR137,NMre_RUSCWR137
08/28/2023,NMwr_O1,NMre_ROSCWR138,NMre_RUSCWR138
08/28/2023,NMwr_O1,NMre_ROSCWR139,NMre_RUSCWR139
08/28/2023,NMwr_O1,NMre_ROSCWR140,NMre_RUSCWR140
08/28/2023,NMwr_O1,NMre_ROSCWR141,NMre_RUSCWR141
08/28/2023,NMwr_O1,NMre_ROSCWR142,NMre_RUSCWR142
08/28/2023,NMwr_O1,NMre_ROSCWR143,NMre_RUSCWR143
08/28/2023,NMwr_O1,NMre_ROSCWR144,NMre_RUSCWR144
08/28/2023,NMwr_O1,NMre_ROSCWR145,NMre_RUSCWR145
08/28/2023,NMwr_O1,NMre_ROSCWR146,NMre_RUSCWR146
08/28/2023,NMwr_O1,NMre_ROSCWR147,NMre_RUSCWR147
08/28/2023,NMwr_O1,NMre_ROSCWR148,NMre_RUSCWR148
08/28/2023,NMwr_O1,NMre_ROSCWR149,NMre_RUSCWR149
08/28/2023,NMwr_O1,NMre_ROSCWR150,NMre_RUSCWR150
08/28/2023,NMwr_O1,NMre_ROSCWR151,NMre_RUSCWR151
08/28/2023,NMwr_O1,NMre_ROSCWR152,NMre_RUSCWR152
08/28/2023,NMwr_O1,NMre_ROSCWR153,NMre_RUSCWR153
08/28/2023,NMwr_O1,NMre_ROSCWR154,NMre_RUSCWR154
08/28/2023,NMwr_O1,NMre_ROSCWR155,NMre_RUSCWR155
08/28/2023,NMwr_O1,NMre_ROSCWR156,NMre_RUSCWR156
08/28/2023,NMwr_O1,NMre_ROSCWR157,NMre_RUSCWR157
08/28/2023,NMwr_O1,NMre_ROSCWR158,NMre_RUSCWR158
08/28/2023,NMwr_O1,NMre_ROSCWR159,NMre_RUSCWR159
08/28/2023,NMwr_O1,NMre_ROSCWR160,NMre_RUSCWR160
08/28/2023,NMwr_O1,NMre_ROSCWR161,NMre_RUSCWR161
08/28/2023,NMwr_O1,NMre_ROSCWR162,NMre_RUSCWR162
08/28/2023,NMwr_O1,NMre_ROSCWR163,NMre_RUSCWR163
08/28/2023,NMwr_O1,NMre_ROSCWR164,NMre_RUSCWR164
08/28/2023,NMwr_O1,NMre_ROSCWR165,NMre_RUSCWR165
08/28/2023,NMwr_O1,NMre_ROSCWR166,NMre_RUSCWR166
08/28/2023,NMwr_O1,NMre_ROSCWR167,NMre_RUSCWR167
08/28/2023,NMwr_O1,NMre_ROSCWR168,NMre_RUSCWR168
08/28/2023,NMwr_O1,NMre_ROSCWR169,NMre_RUSCWR169
08/28/2023,NMwr_O1,NMre_ROSCWR170,NMre_RUSCWR170
08/28/2023,NMwr_O1,NMre_ROSCWR171,NMre_RUSCWR171
08/28/2023,NMwr_O1,NMre_ROSCWR172,NMre_RUSCWR172
08/28/2023,NMwr_O1,NMre_ROSCWR173,NMre_RUSCWR173
08/28/2023,NMwr_O1,NMre_ROSCWR174,NMre_RUSCWR174
08/28/2023,NMwr_O1,NMre_ROSCWR175,NMre_RUSCWR175
08/28/2023,NMwr_O1,NMre_ROSCWR176,NMre_RUSCWR176
08/28/2023,NMwr_O1,NMre_ROSCWR177,NMre_RUSCWR177
08/28/2023,NMwr_O1,NMre_ROSCWR178,NMre_RUSCWR178
08/28/2023,NMwr_O1,NMre_ROSCWR179,NMre_RUSCWR179
08/28/2023,NMwr_O1,NMre_ROSCWR180,NMre_RUSCWR180
08/28/2023,NMwr_O1,NMre_ROSCWR181,NMre_RUSCWR181
08/28/2023,NMwr_O1,NMre_ROSCWR182,NMre_RUSCWR182
08/28/2023,NMwr_O1,NMre_ROSCWR183,NMre_RUSCWR183
08/28/2023,NMwr_O1,NMre_ROSCWR184,NMre_RUSCWR184
08/28/2023,NMwr_O1,NMre_ROSCWR185,NMre_RUSCWR185
08/28/2023,NMwr_O1,NMre_ROSCWR186,NMre_RUSCWR186
08/28/2023,NMwr_O1,NMre_ROSCWR187,NMre_RUSCWR187
08/28/2023,NMwr_O1,NMre_ROSCWR188,NMre_RUSCWR188
08/28/2023,NMwr_O1,NMre_ROSCWR189,NMre_RUSCWR189
08/28/2023,NMwr_O1,NMre_ROSCWR190,NMre_RUSCWR190
08/28/2023,NMwr_O1,NMre_ROSCWR191,NMre_RUSCWR191
08/28/2023,NMwr_O1,NMre_ROSCWR192,NMre_RUSCWR192
08/28/2023,NMwr_O1,NMre_ROSCWR193,NMre_RUSCWR193
