RegulatoryOverlayUUID,OversightAgency,RegulatoryDescription,RegulatoryName,RegulatoryOverlayNativeID,RegulatoryStatusCV,RegulatoryStatute,RegulatoryStatuteLink,StatutoryEffectiveDate,StatutoryEndDate,RegulatoryOverlayTypeCV,WaterSourceTypeCV
NMre_ROSCWR15,WaDE Unspecified,"No new groundwater wells, with the exception of remediation and monitoring wells, shall be permitted within the area surrounding the site's contaminated groundwater.",AT&SF ABQ Superfund Site,SCWR15,Active,,WaDE Unspecified,2009-01-29,,Special Condition Water Right,Surface Water and Groundwater
NMre_ROSCWR26,WaDE Unspecified,Applications will be evaluated using the Tularosa Underground Water Basin Administrative Criteria,Alamogordo-Tularosa Administrative Area,SCWR26,Active,,WaDE Unspecified,1997-05-01,,Special Condition Water Right,Surface Water and Groundwater
NMre_ROSCWR27,WaDE Unspecified,Applications will be evaluated using the Tularosa Underground Water Basin Administrative Criteria,Alamogordo-Tularosa Administrative Area,SCWR27,Active,,WaDE Unspecified,1997-05-01,,Special Condition Water Right,Surface Water and Groundwater
NMre_ROSCWR41,WaDE Unspecified,Applications will be evaluated using the Tularosa Underground Water Basin Administrative Criteria,Alamogordo-Tularosa Administrative Area,SCWR41,Active,,WaDE Unspecified,1997-05-01,,Special Condition Water Right,Surface Water and Groundwater
NMre_ROSCWR28,WaDE Unspecified,Applications will be evaluated using the Tularosa Underground Water Basin Administrative Criteria,Alamogordo-Tularosa Administrative Model Area,SCWR28,Active,,WaDE Unspecified,1997-05-01,,Special Condition Water Right,Surface Water and Groundwater
NMre_ROSCWR81,WaDE Unspecified,"Land sold pursuant to this section shall be subject to deed restrictions to ensure that no new water development or use, including the drilling of domestic wells.",Albert Carter,SCWR81,Active,,WaDE Unspecified,2008-02-27,,Special Condition Water Right,Surface Water and Groundwater
NMre_ROSCWR82,WaDE Unspecified,"Land sold pursuant to this section shall be subject to deed restrictions to ensure that no new water development or use, including the drilling of domestic wells.",Albert Carter,SCWR82,Active,,WaDE Unspecified,2008-02-27,,Special Condition Water Right,Surface Water and Groundwater
NMre_ROSCWR83,WaDE Unspecified,"Land sold pursuant to this section shall be subject to deed restrictions to ensure that no new water development or use, including the drilling of domestic wells.",Albert Carter,SCWR83,Active,,WaDE Unspecified,2008-02-27,,Special Condition Water Right,Surface Water and Groundwater
NMre_ROSCWR84,WaDE Unspecified,"Land sold pursuant to this section shall be subject to deed restrictions to ensure that no new water development or use, including the drilling of domestic wells.",Albert Carter,SCWR84,Active,,WaDE Unspecified,2008-02-27,,Special Condition Water Right,Surface Water and Groundwater
NMre_ROSCWR85,WaDE Unspecified,"Land sold pursuant to this section shall be subject to deed restrictions to ensure that no new water development or use, including the drilling of domestic wells.",Albert Carter,SCWR85,Active,,WaDE Unspecified,2008-02-27,,Special Condition Water Right,Surface Water and Groundwater
NMre_ROSCWR86,WaDE Unspecified,"Land sold pursuant to this section shall be subject to deed restrictions to ensure that no new water development or use, including the drilling of domestic wells.",Albert Carter,SCWR86,Active,,WaDE Unspecified,2008-02-27,,Special Condition Water Right,Surface Water and Groundwater
NMre_ROSCWR87,WaDE Unspecified,"Land sold pursuant to this section shall be subject to deed restrictions to ensure that no new water development or use, including the drilling of domestic wells.",Albert Carter,SCWR87,Active,,WaDE Unspecified,2008-02-27,,Special Condition Water Right,Surface Water and Groundwater
NMre_ROSCWR88,WaDE Unspecified,"Land sold pursuant to this section shall be subject to deed restrictions to ensure that no new water development or use, including the drilling of domestic wells.",Albert Carter,SCWR88,Active,,WaDE Unspecified,2008-02-27,,Special Condition Water Right,Surface Water and Groundwater
NMre_ROSCWR89,WaDE Unspecified,"Land sold pursuant to this section shall be subject to deed restrictions to ensure that no new water development or use, including the drilling of domestic wells.",Albert Carter,SCWR89,Active,,WaDE Unspecified,2008-02-27,,Special Condition Water Right,Surface Water and Groundwater
NMre_ROSCWR93,WaDE Unspecified,"Land sold pursuant to this section shall be subject to deed restrictions to ensure that no new water development or use, including the drilling of domestic wells.",Albert Carter,SCWR93,Active,,WaDE Unspecified,2008-02-27,,Special Condition Water Right,Surface Water and Groundwater
NMre_ROSCWR14,WaDE Unspecified,Authorization from the State Engineer must be obtained for all permits.,Albuquerque CMA,SCWR14,Active,,WaDE Unspecified,2000-09-22,,Special Condition Water Right,Surface Water and Groundwater
NMre_ROSCWR55,WaDE Unspecified,"Applications filed pursuant to 72-12-3, 72-12-7, 72-6-1 through 72-6-7 and 72-12-22 through 72-12-24 NMSA 1978, will be evaluated using the Animas Underground Water Basin Administrative Criteria.  Metering is required on all new wells drilled.",Animas Guidelines CMA,SCWR55,Active,,WaDE Unspecified,2016-07-18,,Special Condition Water Right,Surface Water and Groundwater
NMre_ROSCWR60,WaDE Unspecified,Closed to New Appropriations,Animas UG Water Basin Guidelines,SCWR60,Active,,WaDE Unspecified,2016-07-18,,Special Condition Water Right,Surface Water and Groundwater
NMre_ROSCWR96,WaDE Unspecified,"Land sold pursuant to this section shall be subject to deed restrictions to ensure that no new water development or use, including the drilling of domestic wells.",Arlys Finch,SCWR96,Active,,WaDE Unspecified,2008-02-27,,Special Condition Water Right,Surface Water and Groundwater
NMre_ROSCWR50,WaDE Unspecified,"No new appropriations of gw including new wells, no changes to POD of any existing wells within AOI, Restrictions shall remain in perpetuity or until contaminates have decreased to levels less than WQCC standards.",BNSF Grants Depot  Benzene Plume,SCWR50,Active,,WaDE Unspecified,2018-01-25,,Special Condition Water Right,Surface Water and Groundwater
NMre_ROSCWR49,WaDE Unspecified,"No new appropriations of groundwater including new wells, no changes to the point of diversion of any existing water rights to wells shall be allowed within the area except for those needed by NMED for remediation.",BNSF Grants Depot Site,SCWR49,Active,,WaDE Unspecified,2018-01-25,,Special Condition Water Right,Surface Water and Groundwater
NMre_ROSCWR91,WaDE Unspecified,"Land sold pursuant to this section shall be subject to deed restrictions to ensure that no new water development or use, including the drilling of domestic wells.",Barney Green,SCWR91,Active,,WaDE Unspecified,2008-02-27,,Special Condition Water Right,Surface Water and Groundwater
NMre_ROSCWR102,WaDE Unspecified,"Land sold pursuant to this section shall be subject to deed restrictions to ensure that no new water development or use, including the drilling of domestic wells.",Bill Shepard,SCWR102,Active,,WaDE Unspecified,2008-02-27,,Special Condition Water Right,Surface Water and Groundwater
NMre_ROSCWR164,WaDE Unspecified,"Land sold pursuant to this section shall be subject to deed restrictions to ensure that no new water development or use, including the drilling of domestic wells.",Bramblett Family Trust,SCWR164,Active,,WaDE Unspecified,2008-02-27,,Special Condition Water Right,Surface Water and Groundwater
NMre_ROSCWR121,WaDE Unspecified,"Land sold pursuant to this section shall be subject to deed restrictions to ensure that no new water development or use, including the drilling of domestic wells.",Brantley Brothers,SCWR121,Active,,WaDE Unspecified,2008-02-27,,Special Condition Water Right,Surface Water and Groundwater
NMre_ROSCWR95,WaDE Unspecified,"Land sold pursuant to this section shall be subject to deed restrictions to ensure that no new water development or use, including the drilling of domestic wells.",Calumet Calumet,SCWR95,Active,,WaDE Unspecified,2008-02-27,,Special Condition Water Right,Surface Water and Groundwater
NMre_ROSCWR165,WaDE Unspecified,"Land sold pursuant to this section shall be subject to deed restrictions to ensure that no new water development or use, including the drilling of domestic wells.",Carter Farms,SCWR165,Active,,WaDE Unspecified,2008-02-27,,Special Condition Water Right,Surface Water and Groundwater
NMre_ROSCWR128,WaDE Unspecified,"Land sold pursuant to this section shall be subject to deed restrictions to ensure that no new water development or use, including the drilling of domestic wells.",Ceclia Valdez,SCWR128,Active,,WaDE Unspecified,2008-02-27,,Special Condition Water Right,Surface Water and Groundwater
NMre_ROSCWR133,WaDE Unspecified,"Land sold pursuant to this section shall be subject to deed restrictions to ensure that no new water development or use, including the drilling of domestic wells.",Ceclia Valdez,SCWR133,Active,,WaDE Unspecified,2008-02-27,,Special Condition Water Right,Surface Water and Groundwater
NMre_ROSCWR51,WaDE Unspecified,"Prohibit drilling of new, replacement, or supplemental wells within the area of the site",Chinle Moratorium,SCWR51,Active,,WaDE Unspecified,2018-02-15,,Special Condition Water Right,Surface Water and Groundwater
NMre_ROSCWR16,WaDE Unspecified,No new groundwater wells within the Lakeshore City Sanitation District shall be permitted.,City of E.B. Domestic well restrictions,SCWR16,Active,,WaDE Unspecified,2008-08-01,,Special Condition Water Right,Surface Water and Groundwater
NMre_ROISCR1,WaDE Unspecfied,City will issue permit for new dom well with OSE approval,City of Rio Rancho Ordinance 59,ISCR1,Active,,http://www.ose.state.nm.us/Compacts/AnimasLaPlata/isc_animas_laPlata_compact.php,1970-01-01,,Interstate River Compact,Surface Water
NMre_ROOSEWR1,WaDE Unspecfied,City will issue permit for new dom well with OSE approval,City of Rio Rancho Ordinance 59,OSEWR1,Active,,https://www.ose.state.nm.us/DO/district_6.php,2021-08-12,,Water Rights District,Surface Water and Groundwater
NMre_ROSCWR1,WaDE Unspecified,City will issue permit for new dom well with OSE approval,City of Rio Rancho Ordinance 59,SCWR1,Active,,WaDE Unspecified,2006-09-19,,Special Condition Water Right,Surface Water and Groundwater
NMre_ROSCWR131,WaDE Unspecified,"Land sold pursuant to this section shall be subject to deed restrictions to ensure that no new water development or use, including the drilling of domestic wells.",Corina Urquidez,SCWR131,Active,,WaDE Unspecified,2008-02-27,,Special Condition Water Right,Surface Water and Groundwater
NMre_ROSCWR12,WaDE Unspecified,72-12-3 applications to appropriate from High Plains aquifer shall be rejected.  Guidelines do not apply to permits under 72-12-1,Curry-Portales Underground Water Basins,SCWR12,Active,,WaDE Unspecified,2010-06-02,,Special Condition Water Right,Surface Water and Groundwater
NMre_ROSCWR13,WaDE Unspecified,72-12-3 applications to appropriate from High Plains aquifer shall be rejected.  Guidelines do not apply to permits under 72-12-1,Curry-Portales Underground Water Basins,SCWR13,Active,,WaDE Unspecified,2010-06-02,,Special Condition Water Right,Surface Water and Groundwater
NMre_ROSCWR80,WaDE Unspecified,"Land sold pursuant to this section shall be subject to deed restrictions to ensure that no new water development or use, including the drilling of domestic wells.",Dale Johnson,SCWR80,Active,,WaDE Unspecified,2008-02-27,,Special Condition Water Right,Surface Water and Groundwater
NMre_ROSCWR162,WaDE Unspecified,"Land sold pursuant to this section shall be subject to deed restrictions to ensure that no new water development or use, including the drilling of domestic wells.",David & Sandra T. Borges,SCWR162,Active,,WaDE Unspecified,2008-02-27,,Special Condition Water Right,Surface Water and Groundwater
NMre_ROSCWR163,WaDE Unspecified,"Land sold pursuant to this section shall be subject to deed restrictions to ensure that no new water development or use, including the drilling of domestic wells.",David & Sandra T. Borges,SCWR163,Active,,WaDE Unspecified,2008-02-27,,Special Condition Water Right,Surface Water and Groundwater
NMre_ROSCWR180,WaDE Unspecified,"Land sold pursuant to this section shall be subject to deed restrictions to ensure that no new water development or use, including the drilling of domestic wells.",David & Sandra T. Borges,SCWR180,Active,,WaDE Unspecified,2008-02-27,,Special Condition Water Right,Surface Water and Groundwater
NMre_ROSCWR64,WaDE Unspecified,"To promote the orderly development of water resources in the DCAA while meeting statutory obligations regarding impairment, conservation of water within the state, and public welfare of the state",Deming-Columbus Administrative Area,SCWR64,Active,,WaDE Unspecified,2011-05-20,,Special Condition Water Right,Surface Water and Groundwater
NMre_ROSCWR146,WaDE Unspecified,"Land sold pursuant to this section shall be subject to deed restrictions to ensure that no new water development or use, including the drilling of domestic wells.",Don Kidd,SCWR146,Active,,WaDE Unspecified,2008-02-27,,Special Condition Water Right,Surface Water and Groundwater
NMre_ROSCWR148,WaDE Unspecified,"Land sold pursuant to this section shall be subject to deed restrictions to ensure that no new water development or use, including the drilling of domestic wells.",Don Kidd,SCWR148,Active,,WaDE Unspecified,2008-02-27,,Special Condition Water Right,Surface Water and Groundwater
NMre_ROSCWR58,WaDE Unspecified,"Applications filed pursuant to 72-12-3 NMSA will be rejected. Applies to applications filed pursuant to 72-12-7, 72-6-1 through 72-6-7, 72-12-1.3, and 72-12-22 through 72-12-24. Metering is required on all new wells drilled.",Eastern Clayton Basin Administrative Area,SCWR58,Active,,WaDE Unspecified,2019-01-10,,Special Condition Water Right,Surface Water and Groundwater
NMre_ROSCWR57,WaDE Unspecified,"Applications filed pursuant to 72-12-3 NMSA will be rejected. Applies to applications filed pursuant to 72-12-7, 72-6-1 through 72-6-7, 72-12-1.3, and 72-12-22 through 72-12-24. Metering is required on all new wells drilled.",Eastern portion of the Clayton CMA,SCWR57,Active,,WaDE Unspecified,2019-01-10,,Special Condition Water Right,Surface Water and Groundwater
NMre_ROSCWR59,WaDE Unspecified,"Applications filed pursuant to 72-12-3 NMSA will be rejected. Applies to applications filed pursuant to 72-12-7, 72-6-1 through 72-6-7, 72-12-1.3, and 72-12-22 through 72-12-24. Metering is required on all new wells drilled.",Eastern portion of the Clayton CMA,SCWR59,Active,,WaDE Unspecified,2019-01-10,,Special Condition Water Right,Surface Water and Groundwater
NMre_ROSCWR42,WaDE Unspecified,send copy permits for new well within area to El Prado Water and Sanitation District.,El Prado WSD - No new 72-12-1 wells,SCWR42,Active,,WaDE Unspecified,2003-02-05,,Special Condition Water Right,Surface Water and Groundwater
NMre_ROISCR5,WaDE Unspecfied,"No new appropriations from NMSA 72-12-3 wells, NMSA 72-12-1 wells limited to 0.5 acre ft. per annum.",Estancia Basin CMA,ISCR5,Active,,http://www.ose.state.nm.us/Compacts/Canadian/isc_Canadian.php,1970-01-01,,Interstate River Compact,Surface Water
NMre_ROOSEWR5,WaDE Unspecfied,"No new appropriations from NMSA 72-12-3 wells, NMSA 72-12-1 wells limited to 0.5 acre ft. per annum.",Estancia Basin CMA,OSEWR5,Active,,https://www.ose.state.nm.us/DO/district_2.php,2021-08-12,,Water Rights District,Surface Water and Groundwater
NMre_ROSCWR192,WaDE Unspecified,"No new appropriations from NMSA 72-12-3 wells, NMSA 72-12-1 wells limited to 0.5 acre ft. per annum.",Estancia Basin CMA,SCWR192,Active,,WaDE Unspecified,2002-01-01,,Special Condition Water Right,Surface Water and Groundwater
NMre_ROSCWR5,WaDE Unspecified,"No new appropriations from NMSA 72-12-3 wells, NMSA 72-12-1 wells limited to 0.5 acre ft. per annum.",Estancia Basin CMA,SCWR5,Active,,WaDE Unspecified,2002-01-01,,Special Condition Water Right,Surface Water and Groundwater
NMre_ROISCR6,WaDE Unspecfied,Restricted access to the upper or first water zone requires condition 2.,Estancia Poor Quality Area,ISCR6,Active,,http://www.ose.state.nm.us/Compacts/RioGrande/isc_RioGrande.php,1970-01-01,,Interstate River Compact,Surface Water
NMre_ROOSEWR6,WaDE Unspecfied,Restricted access to the upper or first water zone requires condition 2.,Estancia Poor Quality Area,OSEWR6,Active,,https://www.ose.state.nm.us/DO/district_1.php,2021-08-12,,Water Rights District,Surface Water and Groundwater
NMre_ROSCWR6,WaDE Unspecified,Restricted access to the upper or first water zone requires condition 2.,Estancia Poor Quality Area,SCWR6,Active,,WaDE Unspecified,2002-01-01,,Special Condition Water Right,Surface Water and Groundwater
NMre_ROSCWR44,WaDE Unspecified,"It is unlawful for any person or persons to drill new wells, or transfer either surface or groundwater to existing wells within this area.",Fruit Ave. Plume Superfund Site,SCWR44,Active,,WaDE Unspecified,2003-07-15,,Special Condition Water Right,Surface Water and Groundwater
NMre_ROSCWR32,WaDE Unspecified,"One household. Use restricted to household, drinking and/or sanitary purposes, no outdoor use allowed.",GSF Basin Restrictions-AC-Aragon Area,SCWR32,Active,,WaDE Unspecified,1960-10-20,,Special Condition Water Right,Surface Water and Groundwater
NMre_ROSCWR36,WaDE Unspecified,"One household. Use restricted to household, drinking and/or sanitary purposes, no outdoor use allowed.",GSF Basin Restrictions-Cliff-Gila,SCWR36,Active,,WaDE Unspecified,1960-10-20,,Special Condition Water Right,Surface Water and Groundwater
NMre_ROSCWR35,WaDE Unspecified,"One household. Use restricted to household, drinking and/or sanitary purposes, no outdoor use allowed.",GSF Basin Restrictions-Gwd-Mule Creek,SCWR35,Active,,WaDE Unspecified,1960-10-20,,Special Condition Water Right,Surface Water and Groundwater
NMre_ROSCWR31,WaDE Unspecified,"One household. Use restricted to household, drinking and/or sanitary purposes, no outdoor use allowed.",GSF Basin Restrictions-Luna Area,SCWR31,Active,,WaDE Unspecified,1960-10-20,,Special Condition Water Right,Surface Water and Groundwater
NMre_ROSCWR30,WaDE Unspecified,"One household. Use restricted to household, drinking and/or sanitary purposes, no outdoor use allowed.",GSF Basin Restrictions-Redrock Area,SCWR30,Active,,WaDE Unspecified,1960-10-20,,Special Condition Water Right,Surface Water and Groundwater
NMre_ROSCWR33,WaDE Unspecified,"One household. Use restricted to household, drinking and/or sanitary purposes, no outdoor use allowed.",GSF Basin Restrictions-Reserve Area,SCWR33,Active,,WaDE Unspecified,1960-10-20,,Special Condition Water Right,Surface Water and Groundwater
NMre_ROSCWR34,WaDE Unspecified,"One household. Use restricted to household, drinking and/or sanitary purposes, no outdoor use allowed.",GSF Basin Restrictions-Upper Gila Area,SCWR34,Active,,WaDE Unspecified,1960-10-20,,Special Condition Water Right,Surface Water and Groundwater
NMre_ROSCWR29,WaDE Unspecified,"One household. Use restricted to household, drinking and/or sanitary purposes, no outdoor use allowed.",GSF Basin Restrictions-Virden Area,SCWR29,Active,,WaDE Unspecified,1960-10-20,,Special Condition Water Right,Surface Water and Groundwater
NMre_ROSCWR37,WaDE Unspecified,"One household. Use restricted to household, drinking and/or sanitary purposes, no outdoor use allowed.",GSF Basin Restrictions-Virden Valley,SCWR37,Active,,WaDE Unspecified,1960-10-20,,Special Condition Water Right,Surface Water and Groundwater
NMre_ROSCWR38,WaDE Unspecified,"One household. Use restricted to household, drinking and/or sanitary purposes, no outdoor use allowed.",GSF Basin Restrictions-Virden Valley,SCWR38,Active,,WaDE Unspecified,1960-10-20,,Special Condition Water Right,Surface Water and Groundwater
NMre_ROSCWR147,WaDE Unspecified,"Land sold pursuant to this section shall be subject to deed restrictions to ensure that no new water development or use, including the drilling of domestic wells.",Gary and Linda Kirkes,SCWR147,Active,,WaDE Unspecified,2008-02-27,,Special Condition Water Right,Surface Water and Groundwater
NMre_ROSCWR126,WaDE Unspecified,"Land sold pursuant to this section shall be subject to deed restrictions to ensure that no new water development or use, including the drilling of domestic wells.",George & Nancy Brantley,SCWR126,Active,,WaDE Unspecified,2008-02-27,,Special Condition Water Right,Surface Water and Groundwater
NMre_ROSCWR127,WaDE Unspecified,"Land sold pursuant to this section shall be subject to deed restrictions to ensure that no new water development or use, including the drilling of domestic wells.",George & Nancy Brantley,SCWR127,Active,,WaDE Unspecified,2008-02-27,,Special Condition Water Right,Surface Water and Groundwater
NMre_ROSCWR78,WaDE Unspecified,"Land sold pursuant to this section shall be subject to deed restrictions to ensure that no new water development or use, including the drilling of domestic wells.",George Annis,SCWR78,Active,,WaDE Unspecified,2008-02-27,,Special Condition Water Right,Surface Water and Groundwater
NMre_ROSCWR167,WaDE Unspecified,"Land sold pursuant to this section shall be subject to deed restrictions to ensure that no new water development or use, including the drilling of domestic wells.",Gomez All,SCWR167,Active,,WaDE Unspecified,2008-02-27,,Special Condition Water Right,Surface Water and Groundwater
NMre_ROSCWR166,WaDE Unspecified,"Land sold pursuant to this section shall be subject to deed restrictions to ensure that no new water development or use, including the drilling of domestic wells.",Gossett/Witt,SCWR166,Active,,WaDE Unspecified,2008-02-27,,Special Condition Water Right,Surface Water and Groundwater
NMre_ROSCWR18,WaDE Unspecified,"No wells drilled - """"mandatory connection of homes or other facilities within the City to the Public sewer and water system . . .""""",Grants Chlorinated Solvents Plume,SCWR18,Active,,WaDE Unspecified,2012-09-14,,Special Condition Water Right,Surface Water and Groundwater
NMre_ROSCWR168,WaDE Unspecified,"Land sold pursuant to this section shall be subject to deed restrictions to ensure that no new water development or use, including the drilling of domestic wells.",Gray,SCWR168,Active,,WaDE Unspecified,2008-02-27,,Special Condition Water Right,Surface Water and Groundwater
NMre_ROSCWR24,WaDE Unspecified,"Restrictions for new appropriations, including 72-12-1.1, 72-12-1.2 and 72-12-1.3",Griggs & Walnut GW Plume Superfund Site,SCWR24,Active,,WaDE Unspecified,2011-10-13,,Special Condition Water Right,Surface Water and Groundwater
NMre_ROSCWR65,WaDE Unspecified,"Land sold pursuant to this section shall be subject to deed restrictions to ensure that no new water development or use, including the drilling of domestic wells.",Harold Green,SCWR65,Active,,WaDE Unspecified,2008-02-27,,Special Condition Water Right,Surface Water and Groundwater
NMre_ROSCWR70,WaDE Unspecified,"Land sold pursuant to this section shall be subject to deed restrictions to ensure that no new water development or use, including the drilling of domestic wells.",Harold Green,SCWR70,Active,,WaDE Unspecified,2008-02-27,,Special Condition Water Right,Surface Water and Groundwater
NMre_ROSCWR97,WaDE Unspecified,"Land sold pursuant to this section shall be subject to deed restrictions to ensure that no new water development or use, including the drilling of domestic wells.",Harold Green,SCWR97,Active,,WaDE Unspecified,2008-02-27,,Special Condition Water Right,Surface Water and Groundwater
NMre_ROSCWR169,WaDE Unspecified,"Land sold pursuant to this section shall be subject to deed restrictions to ensure that no new water development or use, including the drilling of domestic wells.",Harper,SCWR169,Active,,WaDE Unspecified,2008-02-27,,Special Condition Water Right,Surface Water and Groundwater
NMre_ROSCWR106,WaDE Unspecified,"Land sold pursuant to this section shall be subject to deed restrictions to ensure that no new water development or use, including the drilling of domestic wells.",Hayden Kimbley,SCWR106,Active,,WaDE Unspecified,2008-02-27,,Special Condition Water Right,Surface Water and Groundwater
NMre_ROSCWR129,WaDE Unspecified,"Land sold pursuant to this section shall be subject to deed restrictions to ensure that no new water development or use, including the drilling of domestic wells.",Hector Valdez,SCWR129,Active,,WaDE Unspecified,2008-02-27,,Special Condition Water Right,Surface Water and Groundwater
NMre_ROSCWR135,WaDE Unspecified,"Land sold pursuant to this section shall be subject to deed restrictions to ensure that no new water development or use, including the drilling of domestic wells.",Henry McDonald,SCWR135,Active,,WaDE Unspecified,2008-02-27,,Special Condition Water Right,Surface Water and Groundwater
NMre_ROSCWR136,WaDE Unspecified,"Land sold pursuant to this section shall be subject to deed restrictions to ensure that no new water development or use, including the drilling of domestic wells.",Henry McDonald,SCWR136,Active,,WaDE Unspecified,2008-02-27,,Special Condition Water Right,Surface Water and Groundwater
NMre_ROSCWR137,WaDE Unspecified,"Land sold pursuant to this section shall be subject to deed restrictions to ensure that no new water development or use, including the drilling of domestic wells.",Henry McDonald,SCWR137,Active,,WaDE Unspecified,2008-02-27,,Special Condition Water Right,Surface Water and Groundwater
NMre_ROSCWR138,WaDE Unspecified,"Land sold pursuant to this section shall be subject to deed restrictions to ensure that no new water development or use, including the drilling of domestic wells.",Henry McDonald,SCWR138,Active,,WaDE Unspecified,2008-02-27,,Special Condition Water Right,Surface Water and Groundwater
NMre_ROSCWR139,WaDE Unspecified,"Land sold pursuant to this section shall be subject to deed restrictions to ensure that no new water development or use, including the drilling of domestic wells.",Henry McDonald,SCWR139,Active,,WaDE Unspecified,2008-02-27,,Special Condition Water Right,Surface Water and Groundwater
NMre_ROSCWR140,WaDE Unspecified,"Land sold pursuant to this section shall be subject to deed restrictions to ensure that no new water development or use, including the drilling of domestic wells.",Henry McDonald,SCWR140,Active,,WaDE Unspecified,2008-02-27,,Special Condition Water Right,Surface Water and Groundwater
NMre_ROSCWR141,WaDE Unspecified,"Land sold pursuant to this section shall be subject to deed restrictions to ensure that no new water development or use, including the drilling of domestic wells.",Henry McDonald,SCWR141,Active,,WaDE Unspecified,2008-02-27,,Special Condition Water Right,Surface Water and Groundwater
NMre_ROSCWR142,WaDE Unspecified,"Land sold pursuant to this section shall be subject to deed restrictions to ensure that no new water development or use, including the drilling of domestic wells.",Henry McDonald,SCWR142,Active,,WaDE Unspecified,2008-02-27,,Special Condition Water Right,Surface Water and Groundwater
NMre_ROSCWR143,WaDE Unspecified,"Land sold pursuant to this section shall be subject to deed restrictions to ensure that no new water development or use, including the drilling of domestic wells.",Henry McDonald,SCWR143,Active,,WaDE Unspecified,2008-02-27,,Special Condition Water Right,Surface Water and Groundwater
NMre_ROSCWR144,WaDE Unspecified,"Land sold pursuant to this section shall be subject to deed restrictions to ensure that no new water development or use, including the drilling of domestic wells.",Henry McDonald,SCWR144,Active,,WaDE Unspecified,2008-02-27,,Special Condition Water Right,Surface Water and Groundwater
NMre_ROSCWR145,WaDE Unspecified,"Land sold pursuant to this section shall be subject to deed restrictions to ensure that no new water development or use, including the drilling of domestic wells.",Henry McDonald,SCWR145,Active,,WaDE Unspecified,2008-02-27,,Special Condition Water Right,Surface Water and Groundwater
NMre_ROSCWR110,WaDE Unspecified,"Land sold pursuant to this section shall be subject to deed restrictions to ensure that no new water development or use, including the drilling of domestic wells.",Henry Wunsch,SCWR110,Active,,WaDE Unspecified,2008-02-27,,Special Condition Water Right,Surface Water and Groundwater
NMre_ROSCWR66,WaDE Unspecified,"Land sold pursuant to this section shall be subject to deed restrictions to ensure that no new water development or use, including the drilling of domestic wells.",Herb Bindel,SCWR66,Active,,WaDE Unspecified,2008-02-27,,Special Condition Water Right,Surface Water and Groundwater
NMre_ROSCWR52,WaDE Unspecified,"Prohibit drilling of new, replacement, or supplemental wells",Homestake/Bluewater Moratorium 2017,SCWR52,Active,,WaDE Unspecified,2018-02-15,,Special Condition Water Right,Surface Water and Groundwater
NMre_ROSCWR20,WaDE Unspecified,"Jal Underground Basin is closed for an indefinite period of time to the filing of 72-12-3 wells, all applications for filing shall be rejected",Jal Basin,SCWR20,Active,,WaDE Unspecified,2013-01-25,,Special Condition Water Right,Surface Water and Groundwater
NMre_ROSCWR123,WaDE Unspecified,"Land sold pursuant to this section shall be subject to deed restrictions to ensure that no new water development or use, including the drilling of domestic wells.",John & Betty Draper & Brantley,SCWR123,Active,,WaDE Unspecified,2008-02-27,,Special Condition Water Right,Surface Water and Groundwater
NMre_ROSCWR124,WaDE Unspecified,"Land sold pursuant to this section shall be subject to deed restrictions to ensure that no new water development or use, including the drilling of domestic wells.",John & Betty Draper & Brantley,SCWR124,Active,,WaDE Unspecified,2008-02-27,,Special Condition Water Right,Surface Water and Groundwater
NMre_ROSCWR186,WaDE Unspecified,"Land sold pursuant to this section shall be subject to deed restrictions to ensure that no new water development or use, including the drilling of domestic wells.",John D. & Nan E. Clayton,SCWR186,Active,,WaDE Unspecified,2008-02-27,,Special Condition Water Right,Surface Water and Groundwater
NMre_ROSCWR90,WaDE Unspecified,"Land sold pursuant to this section shall be subject to deed restrictions to ensure that no new water development or use, including the drilling of domestic wells.",John Krasowsky,SCWR90,Active,,WaDE Unspecified,2008-02-27,,Special Condition Water Right,Surface Water and Groundwater
NMre_ROSCWR98,WaDE Unspecified,"Land sold pursuant to this section shall be subject to deed restrictions to ensure that no new water development or use, including the drilling of domestic wells.",John Krasowsky,SCWR98,Active,,WaDE Unspecified,2008-02-27,,Special Condition Water Right,Surface Water and Groundwater
NMre_ROSCWR92,WaDE Unspecified,"Land sold pursuant to this section shall be subject to deed restrictions to ensure that no new water development or use, including the drilling of domestic wells.",Johnny Nelson,SCWR92,Active,,WaDE Unspecified,2008-02-27,,Special Condition Water Right,Surface Water and Groundwater
NMre_ROSCWR77,WaDE Unspecified,"Land sold pursuant to this section shall be subject to deed restrictions to ensure that no new water development or use, including the drilling of domestic wells.",Juan Villa/,SCWR77,Active,,WaDE Unspecified,2008-02-27,,Special Condition Water Right,Surface Water and Groundwater
NMre_ROSCWR170,WaDE Unspecified,"Land sold pursuant to this section shall be subject to deed restrictions to ensure that no new water development or use, including the drilling of domestic wells.",Kennard,SCWR170,Active,,WaDE Unspecified,2008-02-27,,Special Condition Water Right,Surface Water and Groundwater
NMre_ROSCWR160,WaDE Unspecified,"Land sold pursuant to this section shall be subject to deed restrictions to ensure that no new water development or use, including the drilling of domestic wells.",Lamb A,SCWR160,Active,,WaDE Unspecified,2008-02-27,,Special Condition Water Right,Surface Water and Groundwater
NMre_ROSCWR161,WaDE Unspecified,"Land sold pursuant to this section shall be subject to deed restrictions to ensure that no new water development or use, including the drilling of domestic wells.",Lamb B,SCWR161,Active,,WaDE Unspecified,2008-02-27,,Special Condition Water Right,Surface Water and Groundwater
NMre_ROSCWR171,WaDE Unspecified,"Land sold pursuant to this section shall be subject to deed restrictions to ensure that no new water development or use, including the drilling of domestic wells.",Langenegger,SCWR171,Active,,WaDE Unspecified,2008-02-27,,Special Condition Water Right,Surface Water and Groundwater
NMre_ROSCWR75,WaDE Unspecified,"Land sold pursuant to this section shall be subject to deed restrictions to ensure that no new water development or use, including the drilling of domestic wells.",Larry Waggoner,SCWR75,Active,,WaDE Unspecified,2008-02-27,,Special Condition Water Right,Surface Water and Groundwater
NMre_ROSCWR53,WaDE Unspecified,Applications will be evaluated using the Lea County Underground Water Basin Administrative Criteria.,Lea County Critical Management Area,SCWR53,Active,,WaDE Unspecified,2009-09-14,,Special Condition Water Right,Surface Water and Groundwater
NMre_ROSCWR56,WaDE Unspecified,"Applications filed under NMSA 1978, Section 72-12-3, 72-12-7, 72-6-1 through 72-6-7, 72-12-1.3 and 72-12-22 through 72-12-24. evaluated using the Lordsburg Underground Water Basin Administrative Criteria. Metering is required on all wells drilled",Lordsburg Valley CMA,SCWR56,Active,,WaDE Unspecified,2019-01-10,,Special Condition Water Right,Surface Water and Groundwater
NMre_ROSCWR9,WaDE Unspecified,Applications will be evaluated using the MRGAA guidelines,MRG Administrative Area,SCWR9,Active,,WaDE Unspecified,2000-09-13,,Special Condition Water Right,Surface Water and Groundwater
NMre_ROSCWR149,WaDE Unspecified,"Land sold pursuant to this section shall be subject to deed restrictions to ensure that no new water development or use, including the drilling of domestic wells.",Marvin Bramblett,SCWR149,Active,,WaDE Unspecified,2008-02-27,,Special Condition Water Right,Surface Water and Groundwater
NMre_ROSCWR150,WaDE Unspecified,"Land sold pursuant to this section shall be subject to deed restrictions to ensure that no new water development or use, including the drilling of domestic wells.",Marvin Bramblett,SCWR150,Active,,WaDE Unspecified,2008-02-27,,Special Condition Water Right,Surface Water and Groundwater
NMre_ROSCWR109,WaDE Unspecified,"Land sold pursuant to this section shall be subject to deed restrictions to ensure that no new water development or use, including the drilling of domestic wells.",Maude Pirtle Trust,SCWR109,Active,,WaDE Unspecified,2008-02-27,,Special Condition Water Right,Surface Water and Groundwater
NMre_ROISCR0,WaDE Unspecfied,Restrict permitting of new wells except for EPA and NMED in order to protect human health and prevent interference with planned groundwater remediation,McGaffey and Main Ground Water Management Area,ISCR0,Active,,http://www.ose.state.nm.us/Compacts/CostillaCreek/isc_Costilla_Creek.php,1970-01-01,,Interstate River Compact,Surface Water
NMre_ROOSEWR0,WaDE Unspecfied,Restrict permitting of new wells except for EPA and NMED in order to protect human health and prevent interference with planned groundwater remediation,McGaffey and Main Ground Water Management Area,OSEWR0,Active,,https://www.ose.state.nm.us/DO/district_7.php,2021-08-12,,Water Rights District,Surface Water and Groundwater
NMre_ROSCWR0,WaDE Unspecified,Restrict permitting of new wells except for EPA and NMED in order to protect human health and prevent interference with planned groundwater remediation,McGaffey and Main Ground Water Management Area,SCWR0,Active,,WaDE Unspecified,2016-05-21,,Special Condition Water Right,Surface Water and Groundwater
NMre_ROSCWR46,WaDE Unspecified,"Applications for surface and groundwater appropriations and transfers inclusive of 72-12-1.1, 72-12-1.2, 72-12-1.3 and 72-12-3 NMSA will be evaluated using the MVAA guidelines and subject to metering order.",Mesilla Valley Administrative Area CMA,SCWR46,Active,,WaDE Unspecified,1999-01-05,,Special Condition Water Right,Surface Water and Groundwater
NMre_ROSCWR191,WaDE Unspecified,"Conservation of water, and public welfare",Mimbres Closed Area,SCWR191,Active,,WaDE Unspecified,2011-05-20,,Special Condition Water Right,Surface Water and Groundwater
NMre_ROSCWR188,WaDE Unspecified,"Land sold pursuant to this section shall be subject to deed restrictions to ensure that no new water development or use, including the drilling of domestic wells.",NEW MEXICO INTERSTATE STREAM COMMISSION,SCWR188,Active,,WaDE Unspecified,2008-02-27,,Special Condition Water Right,Surface Water and Groundwater
NMre_ROSCWR189,WaDE Unspecified,"Land sold pursuant to this section shall be subject to deed restrictions to ensure that no new water development or use, including the drilling of domestic wells.",NEW MEXICO INTERSTATE STREAM COMMISSION,SCWR189,Active,,WaDE Unspecified,2008-02-27,,Special Condition Water Right,Surface Water and Groundwater
NMre_ROSCWR190,WaDE Unspecified,"Land sold pursuant to this section shall be subject to deed restrictions to ensure that no new water development or use, including the drilling of domestic wells.",NEW MEXICO INTERSTATE STREAM COMMISSION,SCWR190,Active,,WaDE Unspecified,2008-02-27,,Special Condition Water Right,Surface Water and Groundwater
NMre_ROSCWR187,WaDE Unspecified,"Land sold pursuant to this section shall be subject to deed restrictions to ensure that no new water development or use, including the drilling of domestic wells.",NMISC,SCWR187,Active,,WaDE Unspecified,2008-02-27,,Special Condition Water Right,Surface Water and Groundwater
NMre_ROSCWR17,WaDE Unspecified,New domestic wells require transfer and replacement wells may require county approval. See rule and settlement for more info.,NPT Domestic Well Stipulation,SCWR17,Active,,WaDE Unspecified,2017-09-12,,Special Condition Water Right,Surface Water and Groundwater
NMre_ROSCWR172,WaDE Unspecified,"Land sold pursuant to this section shall be subject to deed restrictions to ensure that no new water development or use, including the drilling of domestic wells.",Needham,SCWR172,Active,,WaDE Unspecified,2008-02-27,,Special Condition Water Right,Surface Water and Groundwater
NMre_ROSCWR173,WaDE Unspecified,"Land sold pursuant to this section shall be subject to deed restrictions to ensure that no new water development or use, including the drilling of domestic wells.",Needham,SCWR173,Active,,WaDE Unspecified,2008-02-27,,Special Condition Water Right,Surface Water and Groundwater
NMre_ROSCWR174,WaDE Unspecified,"Land sold pursuant to this section shall be subject to deed restrictions to ensure that no new water development or use, including the drilling of domestic wells.",Needham,SCWR174,Active,,WaDE Unspecified,2008-02-27,,Special Condition Water Right,Surface Water and Groundwater
NMre_ROSCWR22,WaDE Unspecified,"No new approp. of GW, inc. new 72-12-1 wells,  & no transfers of either SW or GW to exist.",North Railroad Avenue Plume,SCWR22,Active,,WaDE Unspecified,2001-07-13,,Special Condition Water Right,Surface Water and Groundwater
NMre_ROSCWR21,WaDE Unspecified,"Add the following language to all well permits.  WARNING: The NMED - GW Quality Bureau, Superfund Oversight Section has determined that there may be contaminated GW within the area of this well.  Call 505-827-2900 for additional info.",Old Gulton Industries Site,SCWR21,Active,,WaDE Unspecified,2003-01-30,,Special Condition Water Right,Surface Water and Groundwater
NMre_ROSCWR54,WaDE Unspecified,"No New Appropriations of gw, no new wells,replacement or supplemental. no change to point of diversion of any existing water rights shall be allowed in area",Pecos Mine Operable Unit,SCWR54,Active,,WaDE Unspecified,2019-01-28,,Special Condition Water Right,Surface Water and Groundwater
NMre_ROSCWR69,WaDE Unspecified,"Land sold pursuant to this section shall be subject to deed restrictions to ensure that no new water development or use, including the drilling of domestic wells.",Phil Troost,SCWR69,Active,,WaDE Unspecified,2008-02-27,,Special Condition Water Right,Surface Water and Groundwater
NMre_ROSCWR45,WaDE Unspecified,Restrict permitting of new wells in order to protect human health and prevent interference with planned groundwater remediation.,Prices Valley Gold North Diary,SCWR45,Active,,WaDE Unspecified,2017-02-07,,Special Condition Water Right,Surface Water and Groundwater
NMre_ROSCWR179,WaDE Unspecified,"Land sold pursuant to this section shall be subject to deed restrictions to ensure that no new water development or use, including the drilling of domestic wells.","RCMA, LLC",SCWR179,Active,,WaDE Unspecified,2008-02-27,,Special Condition Water Right,Surface Water and Groundwater
NMre_ROSCWR94,WaDE Unspecified,"Land sold pursuant to this section shall be subject to deed restrictions to ensure that no new water development or use, including the drilling of domestic wells.",Reed Kimbley,SCWR94,Active,,WaDE Unspecified,2008-02-27,,Special Condition Water Right,Surface Water and Groundwater
NMre_ROSCWR100,WaDE Unspecified,"Land sold pursuant to this section shall be subject to deed restrictions to ensure that no new water development or use, including the drilling of domestic wells.",Richard Vaughan,SCWR100,Active,,WaDE Unspecified,2008-02-27,,Special Condition Water Right,Surface Water and Groundwater
NMre_ROSCWR101,WaDE Unspecified,"Land sold pursuant to this section shall be subject to deed restrictions to ensure that no new water development or use, including the drilling of domestic wells.",Richard Vaughan,SCWR101,Active,,WaDE Unspecified,2008-02-27,,Special Condition Water Right,Surface Water and Groundwater
NMre_ROSCWR175,WaDE Unspecified,"Land sold pursuant to this section shall be subject to deed restrictions to ensure that no new water development or use, including the drilling of domestic wells.",Robinson,SCWR175,Active,,WaDE Unspecified,2008-02-27,,Special Condition Water Right,Surface Water and Groundwater
NMre_ROSCWR107,WaDE Unspecified,"Land sold pursuant to this section shall be subject to deed restrictions to ensure that no new water development or use, including the drilling of domestic wells.",Roger Manning,SCWR107,Active,,WaDE Unspecified,2008-02-27,,Special Condition Water Right,Surface Water and Groundwater
NMre_ROSCWR108,WaDE Unspecified,"Land sold pursuant to this section shall be subject to deed restrictions to ensure that no new water development or use, including the drilling of domestic wells.",Roger Manning,SCWR108,Active,,WaDE Unspecified,2008-02-27,,Special Condition Water Right,Surface Water and Groundwater
NMre_ROISCR7,WaDE Unspecfied,No new applications for groundwater or surface water except NMSA 72-12-1 wells.,Roswell CMA,ISCR7,Active,,http://www.ose.state.nm.us/Compacts/ColoradoRiver/PDF/Colorado_River_Compact.pdf,1970-01-01,,Interstate River Compact,Surface Water
NMre_ROSCWR7,WaDE Unspecified,No new applications for groundwater or surface water except NMSA 72-12-1 wells.,Roswell CMA,SCWR7,Active,,WaDE Unspecified,2005-02-10,,Special Condition Water Right,Surface Water and Groundwater
NMre_ROSCWR176,WaDE Unspecified,"Land sold pursuant to this section shall be subject to deed restrictions to ensure that no new water development or use, including the drilling of domestic wells.",Roxie Williams,SCWR176,Active,,WaDE Unspecified,2008-02-27,,Special Condition Water Right,Surface Water and Groundwater
NMre_ROSCWR177,WaDE Unspecified,"Land sold pursuant to this section shall be subject to deed restrictions to ensure that no new water development or use, including the drilling of domestic wells.",Roxie Williams,SCWR177,Active,,WaDE Unspecified,2008-02-27,,Special Condition Water Right,Surface Water and Groundwater
NMre_ROSCWR99,WaDE Unspecified,"Land sold pursuant to this section shall be subject to deed restrictions to ensure that no new water development or use, including the drilling of domestic wells.",Roy Bowman,SCWR99,Active,,WaDE Unspecified,2008-02-27,,Special Condition Water Right,Surface Water and Groundwater
NMre_ROSCWR61,WaDE Unspecified,Restriction of new domestic water well except for agricultural zones and if Domestic Well Applicant is within 300' of a municipal distribution water line,Ruidoso Domestic Well Restriction,SCWR61,Active,,WaDE Unspecified,2004-05-11,,Special Condition Water Right,Surface Water and Groundwater
NMre_ROSCWR62,WaDE Unspecified,Restriction of new domestic water well except for agricultural zones and if Domestic Well Applicant is within 300' of a municipal distribution water line,Ruidoso Domestic Well Restriction,SCWR62,Active,,WaDE Unspecified,2004-05-11,,Special Condition Water Right,Surface Water and Groundwater
NMre_ROSCWR63,WaDE Unspecified,Retsriction of new domestic water well except for agricultural zones and if Domestic Well Applicant is within 300' of a municipal distribution water line,Ruidoso Domestic Well Restriction,SCWR63,Active,,WaDE Unspecified,2004-05-11,,Special Condition Water Right,Surface Water and Groundwater
NMre_ROSCWR115,WaDE Unspecified,"Land sold pursuant to this section shall be subject to deed restrictions to ensure that no new water development or use, including the drilling of domestic wells.",Rustler Hills,SCWR115,Active,,WaDE Unspecified,2008-02-27,,Special Condition Water Right,Surface Water and Groundwater
NMre_ROSCWR116,WaDE Unspecified,"Land sold pursuant to this section shall be subject to deed restrictions to ensure that no new water development or use, including the drilling of domestic wells.",Rustler Hills,SCWR116,Active,,WaDE Unspecified,2008-02-27,,Special Condition Water Right,Surface Water and Groundwater
NMre_ROSCWR117,WaDE Unspecified,"Land sold pursuant to this section shall be subject to deed restrictions to ensure that no new water development or use, including the drilling of domestic wells.",Rustler Hills,SCWR117,Active,,WaDE Unspecified,2008-02-27,,Special Condition Water Right,Surface Water and Groundwater
NMre_ROSCWR118,WaDE Unspecified,"Land sold pursuant to this section shall be subject to deed restrictions to ensure that no new water development or use, including the drilling of domestic wells.",Rustler Hills,SCWR118,Active,,WaDE Unspecified,2008-02-27,,Special Condition Water Right,Surface Water and Groundwater
NMre_ROSCWR119,WaDE Unspecified,"Land sold pursuant to this section shall be subject to deed restrictions to ensure that no new water development or use, including the drilling of domestic wells.",Rustler Hills,SCWR119,Active,,WaDE Unspecified,2008-02-27,,Special Condition Water Right,Surface Water and Groundwater
NMre_ROSCWR120,WaDE Unspecified,"Land sold pursuant to this section shall be subject to deed restrictions to ensure that no new water development or use, including the drilling of domestic wells.",Rustler Hills,SCWR120,Active,,WaDE Unspecified,2008-02-27,,Special Condition Water Right,Surface Water and Groundwater
NMre_ROSCWR122,WaDE Unspecified,"Land sold pursuant to this section shall be subject to deed restrictions to ensure that no new water development or use, including the drilling of domestic wells.",Rustler Hills,SCWR122,Active,,WaDE Unspecified,2008-02-27,,Special Condition Water Right,Surface Water and Groundwater
NMre_ROSCWR125,WaDE Unspecified,"Land sold pursuant to this section shall be subject to deed restrictions to ensure that no new water development or use, including the drilling of domestic wells.",Rustler Hills,SCWR125,Active,,WaDE Unspecified,2008-02-27,,Special Condition Water Right,Surface Water and Groundwater
NMre_ROSCWR134,WaDE Unspecified,"Land sold pursuant to this section shall be subject to deed restrictions to ensure that no new water development or use, including the drilling of domestic wells.",Rustler Hills,SCWR134,Active,,WaDE Unspecified,2008-02-27,,Special Condition Water Right,Surface Water and Groundwater
NMre_ROSCWR68,WaDE Unspecified,"Land sold pursuant to this section shall be subject to deed restrictions to ensure that no new water development or use, including the drilling of domestic wells.",Sammuel Burkham,SCWR68,Active,,WaDE Unspecified,2008-02-27,,Special Condition Water Right,Surface Water and Groundwater
NMre_ROSCWR79,WaDE Unspecified,"Land sold pursuant to this section shall be subject to deed restrictions to ensure that no new water development or use, including the drilling of domestic wells.",Sammuel Burkham,SCWR79,Active,,WaDE Unspecified,2008-02-27,,Special Condition Water Right,Surface Water and Groundwater
NMre_ROSCWR11,WaDE Unspecified,Heath Advisory must be given to all permittees. All present and future well owners and users of private wells are advised to sample their wells to ensure that the quality of their well water does not pose health concerns,San Mateo Creek Health Advisory,SCWR11,Active,,WaDE Unspecified,2008-12-19,,Special Condition Water Right,Surface Water and Groundwater
NMre_ROSCWR8,WaDE Unspecified,"One household, not to exceed 0.6 acre-feet per annum diversion and 0.17 acre-feet per annum consumptive use on not to exceed 0.1 acre of non-commercial lawn, garden, and trees.",San Simon Restrictions,SCWR8,Active,,WaDE Unspecified,1960-10-20,,Special Condition Water Right,Surface Water and Groundwater
NMre_ROSCWR193,WaDE Unspecified,Closed to filing of appropriations under 72-12-3 NMSA 1978,Sandia Underground Basin,SCWR193,Active,,WaDE Unspecified,2021-03-12,,Special Condition Water Right,Surface Water and Groundwater
NMre_ROISCR4,WaDE Unspecfied,Authorization from the City of Santa Fe must be obtained for 72-12-1 domestic well application for permit,Santa Fe Domestic Well Ordinance,ISCR4,Active,,http://www.ose.state.nm.us/Compacts/Pecos/isc_pecosCompact.php,1970-01-01,,Interstate River Compact,Surface Water
NMre_ROOSEWR4,WaDE Unspecfied,Authorization from the City of Santa Fe must be obtained for 72-12-1 domestic well application for permit,Santa Fe Domestic Well Ordinance,OSEWR4,Active,,https://www.ose.state.nm.us/DO/district_3.php,2021-08-12,,Water Rights District,Surface Water and Groundwater
NMre_ROSCWR4,WaDE Unspecified,Authorization from the City of Santa Fe must be obtained for 72-12-1 domestic well application for permit,Santa Fe Domestic Well Ordinance,SCWR4,Active,,WaDE Unspecified,2014-01-28,,Special Condition Water Right,Surface Water and Groundwater
NMre_ROSCWR43,WaDE Unspecified,Restricted access to the shallow water zone < 300 feet. Domestic and non-domestic.,South Valley QRA-Min Well Depth Area,SCWR43,Active,,WaDE Unspecified,1988-12-01,,Special Condition Water Right,Surface Water and Groundwater
NMre_ROSCWR48,WaDE Unspecified,"Restrictions are in perpetuity, applicable to proposed water wells (public or private) excluding monitroing wells",St.Anthony Mine,SCWR48,Active,,WaDE Unspecified,2018-01-12,,Special Condition Water Right,Surface Water and Groundwater
NMre_ROSCWR67,WaDE Unspecified,"Land sold pursuant to this section shall be subject to deed restrictions to ensure that no new water development or use, including the drilling of domestic wells.",State Parks State Parks,SCWR67,Active,,WaDE Unspecified,2008-02-27,,Special Condition Water Right,Surface Water and Groundwater
NMre_ROSCWR71,WaDE Unspecified,"Land sold pursuant to this section shall be subject to deed restrictions to ensure that no new water development or use, including the drilling of domestic wells.",Steve Lewis,SCWR71,Active,,WaDE Unspecified,2008-02-27,,Special Condition Water Right,Surface Water and Groundwater
NMre_ROSCWR72,WaDE Unspecified,"Land sold pursuant to this section shall be subject to deed restrictions to ensure that no new water development or use, including the drilling of domestic wells.",Steve Lewis,SCWR72,Active,,WaDE Unspecified,2008-02-27,,Special Condition Water Right,Surface Water and Groundwater
NMre_ROSCWR73,WaDE Unspecified,"Land sold pursuant to this section shall be subject to deed restrictions to ensure that no new water development or use, including the drilling of domestic wells.",Steve Lewis,SCWR73,Active,,WaDE Unspecified,2008-02-27,,Special Condition Water Right,Surface Water and Groundwater
NMre_ROSCWR74,WaDE Unspecified,"Land sold pursuant to this section shall be subject to deed restrictions to ensure that no new water development or use, including the drilling of domestic wells.",Steve Lewis,SCWR74,Active,,WaDE Unspecified,2008-02-27,,Special Condition Water Right,Surface Water and Groundwater
NMre_ROSCWR76,WaDE Unspecified,"Land sold pursuant to this section shall be subject to deed restrictions to ensure that no new water development or use, including the drilling of domestic wells.",Steve Lewis,SCWR76,Active,,WaDE Unspecified,2008-02-27,,Special Condition Water Right,Surface Water and Groundwater
NMre_ROSCWR105,WaDE Unspecified,"Land sold pursuant to this section shall be subject to deed restrictions to ensure that no new water development or use, including the drilling of domestic wells.",Stuart Bogle,SCWR105,Active,,WaDE Unspecified,2008-02-27,,Special Condition Water Right,Surface Water and Groundwater
NMre_ROISCR3,WaDE Unspecfied,"Currently allows new 72-12-1, not annexed.  may be limited in the future.",Taos - 72-12-1 wells allowed - 2013,ISCR3,Active,,http://www.ose.state.nm.us/Compacts/UpperColoradoRiver/isc_upper_colorado_compact.php,1970-01-01,,Interstate River Compact,Surface Water
NMre_ROOSEWR3,WaDE Unspecfied,"Currently allows new 72-12-1, not annexed.  may be limited in the future.",Taos - 72-12-1 wells allowed - 2013,OSEWR3,Active,,https://www.ose.state.nm.us/DO/district_4.php,2021-08-12,,Water Rights District,Surface Water and Groundwater
NMre_ROSCWR3,WaDE Unspecified,"Currently allows new 72-12-1, not annexed.  may be limited in the future.",Taos - 72-12-1 wells allowed - 2013,SCWR3,Active,,WaDE Unspecified,2003-03-25,,Special Condition Water Right,Surface Water and Groundwater
NMre_ROISCR2,WaDE Unspecfied,"No new 72-12-1 wells to be drilled within Taos Town Limits - wtihin 300 ft of water line, no permitting within boundary without documentation from city.",Taos Town limits 2013,ISCR2,Active,,http://www.ose.state.nm.us/Compacts/LaPlata/isc_laPlata_river_compact.php,1970-01-01,,Interstate River Compact,Surface Water
NMre_ROOSEWR2,WaDE Unspecfied,"No new 72-12-1 wells to be drilled within Taos Town Limits - wtihin 300 ft of water line, no permitting within boundary without documentation from city.",Taos Town limits 2013,OSEWR2,Active,,https://www.ose.state.nm.us/DO/district_5.php,2021-08-12,,Water Rights District,Surface Water and Groundwater
NMre_ROSCWR2,WaDE Unspecified,"No new 72-12-1 wells to be drilled within Taos Town Limits - wtihin 300 ft of water line, no permitting within boundary without documentation from city.",Taos Town limits 2013,SCWR2,Active,,WaDE Unspecified,2003-03-25,,Special Condition Water Right,Surface Water and Groundwater
NMre_ROSCWR113,WaDE Unspecified,"Land sold pursuant to this section shall be subject to deed restrictions to ensure that no new water development or use, including the drilling of domestic wells.","Thompson & Martinez Mark & Melinda, Greg",SCWR113,Active,,WaDE Unspecified,2008-02-27,,Special Condition Water Right,Surface Water and Groundwater
NMre_ROSCWR114,WaDE Unspecified,"Land sold pursuant to this section shall be subject to deed restrictions to ensure that no new water development or use, including the drilling of domestic wells.","Thompson & Martinez Mark & Melinda, Greg",SCWR114,Active,,WaDE Unspecified,2008-02-27,,Special Condition Water Right,Surface Water and Groundwater
NMre_ROSCWR151,WaDE Unspecified,"Land sold pursuant to this section shall be subject to deed restrictions to ensure that no new water development or use, including the drilling of domestic wells.",Timothy Pollard,SCWR151,Active,,WaDE Unspecified,2008-02-27,,Special Condition Water Right,Surface Water and Groundwater
NMre_ROSCWR152,WaDE Unspecified,"Land sold pursuant to this section shall be subject to deed restrictions to ensure that no new water development or use, including the drilling of domestic wells.",Timothy Pollard,SCWR152,Active,,WaDE Unspecified,2008-02-27,,Special Condition Water Right,Surface Water and Groundwater
NMre_ROSCWR153,WaDE Unspecified,"Land sold pursuant to this section shall be subject to deed restrictions to ensure that no new water development or use, including the drilling of domestic wells.",Timothy Pollard,SCWR153,Active,,WaDE Unspecified,2008-02-27,,Special Condition Water Right,Surface Water and Groundwater
NMre_ROSCWR154,WaDE Unspecified,"Land sold pursuant to this section shall be subject to deed restrictions to ensure that no new water development or use, including the drilling of domestic wells.",Timothy Pollard,SCWR154,Active,,WaDE Unspecified,2008-02-27,,Special Condition Water Right,Surface Water and Groundwater
NMre_ROSCWR155,WaDE Unspecified,"Land sold pursuant to this section shall be subject to deed restrictions to ensure that no new water development or use, including the drilling of domestic wells.",Timothy Pollard,SCWR155,Active,,WaDE Unspecified,2008-02-27,,Special Condition Water Right,Surface Water and Groundwater
NMre_ROSCWR156,WaDE Unspecified,"Land sold pursuant to this section shall be subject to deed restrictions to ensure that no new water development or use, including the drilling of domestic wells.",Timothy Pollard,SCWR156,Active,,WaDE Unspecified,2008-02-27,,Special Condition Water Right,Surface Water and Groundwater
NMre_ROSCWR157,WaDE Unspecified,"Land sold pursuant to this section shall be subject to deed restrictions to ensure that no new water development or use, including the drilling of domestic wells.",Timothy Pollard,SCWR157,Active,,WaDE Unspecified,2008-02-27,,Special Condition Water Right,Surface Water and Groundwater
NMre_ROSCWR158,WaDE Unspecified,"Land sold pursuant to this section shall be subject to deed restrictions to ensure that no new water development or use, including the drilling of domestic wells.",Timothy Pollard,SCWR158,Active,,WaDE Unspecified,2008-02-27,,Special Condition Water Right,Surface Water and Groundwater
NMre_ROSCWR159,WaDE Unspecified,"Land sold pursuant to this section shall be subject to deed restrictions to ensure that no new water development or use, including the drilling of domestic wells.",Timothy Pollard,SCWR159,Active,,WaDE Unspecified,2008-02-27,,Special Condition Water Right,Surface Water and Groundwater
NMre_ROSCWR19,WaDE Unspecified,No domestic wells within city limits without permission from the city's utlity manager,Truth or Consequences,SCWR19,Active,,WaDE Unspecified,1992-08-02,,Special Condition Water Right,Surface Water and Groundwater
NMre_ROSCWR181,WaDE Unspecified,"Land sold pursuant to this section shall be subject to deed restrictions to ensure that no new water development or use, including the drilling of domestic wells.",Vandivier,SCWR181,Active,,WaDE Unspecified,2008-02-27,,Special Condition Water Right,Surface Water and Groundwater
NMre_ROSCWR182,WaDE Unspecified,"Land sold pursuant to this section shall be subject to deed restrictions to ensure that no new water development or use, including the drilling of domestic wells.",Vandivier,SCWR182,Active,,WaDE Unspecified,2008-02-27,,Special Condition Water Right,Surface Water and Groundwater
NMre_ROSCWR183,WaDE Unspecified,"Land sold pursuant to this section shall be subject to deed restrictions to ensure that no new water development or use, including the drilling of domestic wells.",Vandivier,SCWR183,Active,,WaDE Unspecified,2008-02-27,,Special Condition Water Right,Surface Water and Groundwater
NMre_ROSCWR111,WaDE Unspecified,"Land sold pursuant to this section shall be subject to deed restrictions to ensure that no new water development or use, including the drilling of domestic wells.",Vasquez Ignacio,SCWR111,Active,,WaDE Unspecified,2008-02-27,,Special Condition Water Right,Surface Water and Groundwater
NMre_ROSCWR112,WaDE Unspecified,"Land sold pursuant to this section shall be subject to deed restrictions to ensure that no new water development or use, including the drilling of domestic wells.",Vasquez Ignacio,SCWR112,Active,,WaDE Unspecified,2008-02-27,,Special Condition Water Right,Surface Water and Groundwater
NMre_ROSCWR130,WaDE Unspecified,"Land sold pursuant to this section shall be subject to deed restrictions to ensure that no new water development or use, including the drilling of domestic wells.",Victor Onsurez,SCWR130,Active,,WaDE Unspecified,2008-02-27,,Special Condition Water Right,Surface Water and Groundwater
NMre_ROSCWR132,WaDE Unspecified,"Land sold pursuant to this section shall be subject to deed restrictions to ensure that no new water development or use, including the drilling of domestic wells.",Victor Onsurez,SCWR132,Active,,WaDE Unspecified,2008-02-27,,Special Condition Water Right,Surface Water and Groundwater
NMre_ROSCWR40,WaDE Unspecified,"Restricted drilling of new domestic wells, except for property zoned as agricultural, new dom wells need OSE approval",Village of Magdalena Ordinance 2014 04,SCWR40,Active,,WaDE Unspecified,2014-11-24,,Special Condition Water Right,Surface Water and Groundwater
NMre_ROSCWR25,WaDE Unspecified,All permits for new 72-12 wells must be approved by village's governing body before they can be drilled,Village of Questa Ordinance 24,SCWR25,Active,,WaDE Unspecified,1996-09-23,,Special Condition Water Right,Surface Water and Groundwater
NMre_ROSCWR23,WaDE Unspecified,No New 72-12-1 Wells will be drilled unless written approval from Village of TSV.,Village of Taos Ski Valley,SCWR23,Active,,WaDE Unspecified,2003-11-18,,Special Condition Water Right,Surface Water and Groundwater
NMre_ROSCWR178,WaDE Unspecified,"Land sold pursuant to this section shall be subject to deed restrictions to ensure that no new water development or use, including the drilling of domestic wells.",Williams Linville,SCWR178,Active,,WaDE Unspecified,2008-02-27,,Special Condition Water Right,Surface Water and Groundwater
NMre_ROSCWR103,WaDE Unspecified,"Land sold pursuant to this section shall be subject to deed restrictions to ensure that no new water development or use, including the drilling of domestic wells.",Willow Lake,SCWR103,Active,,WaDE Unspecified,2008-02-27,,Special Condition Water Right,Surface Water and Groundwater
NMre_ROSCWR104,WaDE Unspecified,"Land sold pursuant to this section shall be subject to deed restrictions to ensure that no new water development or use, including the drilling of domestic wells.",Willow Lake,SCWR104,Active,,WaDE Unspecified,2008-02-27,,Special Condition Water Right,Surface Water and Groundwater
NMre_ROSCWR185,WaDE Unspecified,"Land sold pursuant to this section shall be subject to deed restrictions to ensure that no new water development or use, including the drilling of domestic wells.",Wilson Excluded East,SCWR185,Active,,WaDE Unspecified,2008-02-27,,Special Condition Water Right,Surface Water and Groundwater
NMre_ROSCWR184,WaDE Unspecified,"Land sold pursuant to this section shall be subject to deed restrictions to ensure that no new water development or use, including the drilling of domestic wells.",Wilson Excluded West,SCWR184,Active,,WaDE Unspecified,2008-02-27,,Special Condition Water Right,Surface Water and Groundwater
