WaterSourceUUID,Geometry,GNISFeatureNameCV,WaterQualityIndicatorCV,WaterSourceName,WaterSourceNativeID,WaterSourceTypeCV
NMwr_WSwadeID1,,,Fresh,WaDE Blank,wadeID1,Groundwater
NMwr_WSwadeID10,,,Fresh,Rio Chupadero,wadeID10,Surface Water
NMwr_WSwadeID100,,,Fresh,Caballero Canyon,wadeID100,Surface Water
NMwr_WSwadeID101,,,Fresh,Hay Canyon,wadeID101,Surface Water
NMwr_WSwadeID102,,,Fresh,Nogal Arroyo /N,wadeID102,Surface Water
NMwr_WSwadeID103,,,Fresh,Mud Springs Canyon,wadeID103,Surface Water
NMwr_WSwadeID104,,,Fresh,Emerson Canyon,wadeID104,Surface Water
NMwr_WSwadeID105,,,Fresh,Dog Canyon,wadeID105,Surface Water
NMwr_WSwadeID106,,,Fresh,Moore Canyon,wadeID106,Surface Water
NMwr_WSwadeID107,,,Fresh,La Luz Creek,wadeID107,Surface Water
NMwr_WSwadeID108,,,Fresh,Cottonwood Canyon,wadeID108,Surface Water
NMwr_WSwadeID109,,,Fresh,Tularosa River,wadeID109,Surface Water
NMwr_WSwadeID11,,,Fresh,Rio Grande Area 5,wadeID11,Surface Water
NMwr_WSwadeID110,,,Fresh,Nogal Canyon /N,wadeID110,Surface Water
NMwr_WSwadeID111,,,Fresh,Rio Tularosa,wadeID111,Surface Water
NMwr_WSwadeID112,,,Fresh,Cottonwood Creek,wadeID112,Surface Water
NMwr_WSwadeID113,,,Fresh,Elephant Butte Reservoir,wadeID113,Surface Water
NMwr_WSwadeID114,,,Fresh,Fresnal Canyon,wadeID114,Surface Water
NMwr_WSwadeID115,,,Fresh,White Oaks Canyon,wadeID115,Surface Water
NMwr_WSwadeID116,,,Fresh,Tularosa Basin,wadeID116,Surface Water
NMwr_WSwadeID117,,,Fresh,Laborcita Canyon,wadeID117,Surface Water
NMwr_WSwadeID118,,,Fresh,Rancheria Canyon,wadeID118,Surface Water
NMwr_WSwadeID119,,,Fresh,Coyote Canyon,wadeID119,Surface Water
NMwr_WSwadeID12,,,Fresh,Rio Grande Area 3,wadeID12,Surface Water
NMwr_WSwadeID120,,,Fresh,Karr Canyon,wadeID120,Surface Water
NMwr_WSwadeID121,,,Fresh,Haynes Canyon,wadeID121,Surface Water
NMwr_WSwadeID122,,,Fresh,Deep Canyon,wadeID122,Surface Water
NMwr_WSwadeID123,,,Fresh,Wilson Canyon,wadeID123,Surface Water
NMwr_WSwadeID124,,,Fresh,Long Canyon,wadeID124,Surface Water
NMwr_WSwadeID125,,,Fresh,Rio Ruidoso,wadeID125,Surface Water
NMwr_WSwadeID126,,,Fresh,Rio Bonito,wadeID126,Surface Water
NMwr_WSwadeID127,,,Fresh,Pecos River Area 1,wadeID127,Surface Water
NMwr_WSwadeID128,,,Fresh,Indian Creek,wadeID128,Surface Water
NMwr_WSwadeID129,,,Fresh,Three Rivers,wadeID129,Surface Water
NMwr_WSwadeID13,,,Fresh,Rio Grande Area 1,wadeID13,Surface Water
NMwr_WSwadeID130,,,Fresh,Rio Hondo,wadeID130,Surface Water
NMwr_WSwadeID131,,,Fresh,Mimbres River,wadeID131,Surface Water
NMwr_WSwadeID132,,,Fresh,Canjilon Creek,wadeID132,Surface Water
NMwr_WSwadeID133,,,Fresh,Rio Pueblo,wadeID133,Surface Water
NMwr_WSwadeID134,,,Fresh,Animas River,wadeID134,Surface Water
NMwr_WSwadeID135,,,Fresh,Agua Chiquita Creek,wadeID135,Surface Water
NMwr_WSwadeID136,,,Fresh,San Juan Area 1,wadeID136,Surface Water
NMwr_WSwadeID137,,,Fresh,Rio Penasco,wadeID137,Surface and Groundwater
NMwr_WSwadeID138,,,Fresh,Abo Arroyo,wadeID138,Surface Water
NMwr_WSwadeID139,,,Fresh,Ox Canyon,wadeID139,Surface Water
NMwr_WSwadeID14,,,Fresh,Rio Grande Area 2,wadeID14,Surface Water
NMwr_WSwadeID140,,,Fresh,Canon De Las Palas,wadeID140,Surface Water
NMwr_WSwadeID141,,,Fresh,Canon Colorado,wadeID141,Surface Water
NMwr_WSwadeID142,,,Fresh,Arroyo Del Cuervo,wadeID142,Surface Water
NMwr_WSwadeID143,,,Fresh,Rio Salado,wadeID143,Surface Water
NMwr_WSwadeID144,,,Fresh,Dark Canyon /N,wadeID144,Surface Water
NMwr_WSwadeID145,,,Fresh,Hyatt Canyon,wadeID145,Surface Water
NMwr_WSwadeID146,,,Fresh,La Plata River,wadeID146,Surface Water
NMwr_WSwadeID147,,,Fresh,Gila River Area 2,wadeID147,Surface Water
NMwr_WSwadeID148,,,Fresh,Wayland Canyon,wadeID148,Surface Water
NMwr_WSwadeID149,,,Fresh,Silver Springs Canyon,wadeID149,Surface Water
NMwr_WSwadeID15,,,Fresh,Rio Tesuque,wadeID15,Surface Water
NMwr_WSwadeID150,,,Fresh,Bear Canyon /N,wadeID150,Surface Water
NMwr_WSwadeID151,,,Fresh,Slough Canyon,wadeID151,Surface Water
NMwr_WSwadeID152,,,Fresh,Potato Canyon,wadeID152,Surface Water
NMwr_WSwadeID153,,,Fresh,Pepper Canyon,wadeID153,Surface Water
NMwr_WSwadeID154,,,Fresh,Ojo De Gallo Spring,wadeID154,Surface Water
NMwr_WSwadeID155,,,Fresh,Rito De La Lama,wadeID155,Surface Water
NMwr_WSwadeID156,,,Fresh,Duck Creek,wadeID156,Surface and Groundwater
NMwr_WSwadeID157,,,Fresh,Vallecito Creek,wadeID157,Surface Water
NMwr_WSwadeID158,,,Fresh,Abiquiu Creek,wadeID158,Surface Water
NMwr_WSwadeID159,,,Fresh,El Rito,wadeID159,Surface Water
NMwr_WSwadeID16,,,Fresh,Rio Santa Barbara,wadeID16,Surface Water
NMwr_WSwadeID160,,,Fresh,Ojo Caliente,wadeID160,Surface Water
NMwr_WSwadeID161,,,Fresh,San Mateo Creek,wadeID161,Surface Water
NMwr_WSwadeID162,,,Fresh,Poleo Creek,wadeID162,Surface Water
NMwr_WSwadeID163,,,Fresh,Rio Puerco De Chama,wadeID163,Surface Water
NMwr_WSwadeID164,,,Fresh,Coyote Creek,wadeID164,Surface Water
NMwr_WSwadeID165,,,Fresh,Agua Sarca,wadeID165,Surface Water
NMwr_WSwadeID166,,,Fresh,Rito Del Ojo,wadeID166,Surface Water
NMwr_WSwadeID167,,,Fresh,Rito De Las Sillas,wadeID167,Surface Water
NMwr_WSwadeID168,,,Fresh,Rito Encino,wadeID168,Surface Water
NMwr_WSwadeID169,,,Fresh,Corralitos Creek,wadeID169,Surface Water
NMwr_WSwadeID17,,,Fresh,La Jara Creek,wadeID17,Surface Water
NMwr_WSwadeID170,,,Fresh,Rio Tusas,wadeID170,Surface Water
NMwr_WSwadeID171,,,Fresh,San Antonio Creek,wadeID171,Surface Water
NMwr_WSwadeID172,,,Fresh,Rio Vallecitos /N,wadeID172,Surface Water
NMwr_WSwadeID173,,,Fresh,Santa Clara Creek,wadeID173,Surface Water
NMwr_WSwadeID174,,,Fresh,Madera Canon,wadeID174,Surface Water
NMwr_WSwadeID175,,,Fresh,Pojoaque River,wadeID175,Surface Water
NMwr_WSwadeID176,,,Fresh,Barrancones Creek,wadeID176,Surface Water
NMwr_WSwadeID177,,,Fresh,Ojitos Canyon,wadeID177,Surface Water
NMwr_WSwadeID178,,,Fresh,Rio Pueblo De Taos,wadeID178,Surface Water
NMwr_WSwadeID179,,,Fresh,Canjilon Creek,wadeID179,Surface and Groundwater
NMwr_WSwadeID18,,,Fresh,Rio San Jose /N,wadeID18,Surface Water
NMwr_WSwadeID180,,,Fresh,Capulin Creek /N,wadeID180,Surface Water
NMwr_WSwadeID181,,,Fresh,Rio Capulin /N,wadeID181,Surface Water
NMwr_WSwadeID182,,,Fresh,Rio Nutrias,wadeID182,Surface Water
NMwr_WSwadeID183,,,Fresh,Rito Del Medio,wadeID183,Surface Water
NMwr_WSwadeID184,,,Fresh,Rio Del Oso,wadeID184,Surface Water
NMwr_WSwadeID185,,,Fresh,El Rito Creek /N,wadeID185,Surface Water
NMwr_WSwadeID186,,,Fresh,Rio Cebolla,wadeID186,Surface Water
NMwr_WSwadeID187,,,Fresh,Salado Arroyo /Nm,wadeID187,Surface Water
NMwr_WSwadeID188,,,Fresh,Arroyo Pecos,wadeID188,Surface Water
NMwr_WSwadeID189,,,Fresh,Gallinas River /N,wadeID189,Surface Water
NMwr_WSwadeID19,,,Fresh,Rio Chama,wadeID19,Surface Water
NMwr_WSwadeID190,,,Fresh,Spring Arroyo /Nm,wadeID190,Surface Water
NMwr_WSwadeID191,,,Fresh,Gallinas River /N,wadeID191,Surface and Groundwater
NMwr_WSwadeID192,,,Fresh,Rito De Tierra Amarilla,wadeID192,Surface Water
NMwr_WSwadeID193,,,Fresh,Agua Limpia /N,wadeID193,Surface Water
NMwr_WSwadeID194,,,Fresh,Sanguijuela Creek /N,wadeID194,Surface Water
NMwr_WSwadeID195,,,Fresh,Cebolla Creek,wadeID195,Surface Water
NMwr_WSwadeID196,,,Fresh,Navajo River,wadeID196,Surface Water
NMwr_WSwadeID197,,,Fresh,Amargo Creek,wadeID197,Surface Water
NMwr_WSwadeID198,,,Fresh,San Juan Area 2,wadeID198,Surface Water
NMwr_WSwadeID199,,,Fresh,Westwater Arroyo,wadeID199,Surface Water
NMwr_WSwadeID2,,,Fresh,WaDE Blank,wadeID2,WaDE Blank
NMwr_WSwadeID20,,,Fresh,Canones Creek /N,wadeID20,Surface Water
NMwr_WSwadeID200,,,Fresh,Hanover Creek,wadeID200,Surface Water
NMwr_WSwadeID201,,,Fresh,Willow Creek,wadeID201,Surface Water
NMwr_WSwadeID202,,,Fresh,Vaqueros Canyon,wadeID202,Surface Water
NMwr_WSwadeID203,,,Fresh,Cabresto Canyon,wadeID203,Surface Water
NMwr_WSwadeID204,,,Fresh,Mentzel Canyon,wadeID204,Surface Water
NMwr_WSwadeID205,,,Fresh,Animas River,wadeID205,Surface and Groundwater
NMwr_WSwadeID206,,,Fresh,Zuni River,wadeID206,Surface Water
NMwr_WSwadeID207,,,Fresh,Horse Lake Creek,wadeID207,Surface Water
NMwr_WSwadeID208,,,Fresh,Cuevo Canyon /N,wadeID208,Surface Water
NMwr_WSwadeID209,,,Fresh,Gila River Area 1,wadeID209,Surface Water
NMwr_WSwadeID21,,,Fresh,Chavez Creek,wadeID21,Surface Water
NMwr_WSwadeID210,,,Fresh,Rio Guadalupe,wadeID210,Surface Water
NMwr_WSwadeID211,,,Fresh,Sapello River,wadeID211,Surface Water
NMwr_WSwadeID212,,,Fresh,Rio En Medio,wadeID212,Surface and Groundwater
NMwr_WSwadeID213,,,Fresh,Rio Nambe,wadeID213,Surface Water
NMwr_WSwadeID214,,,Fresh,Cottonwood Arroyo /N,wadeID214,Surface Water
NMwr_WSwadeID215,,,Fresh,Adams Canyon,wadeID215,Surface and Groundwater
NMwr_WSwadeID216,,,Fresh,Chaco River,wadeID216,Surface Water
NMwr_WSwadeID217,,,Fresh,Jarosa Creek /N,wadeID217,Surface Water
NMwr_WSwadeID218,,,Fresh,Puerco River,wadeID218,Surface Water
NMwr_WSwadeID219,,,Fresh,Webb Creek,wadeID219,Surface Water
NMwr_WSwadeID22,,,Fresh,Rio Chamita,wadeID22,Surface Water
NMwr_WSwadeID220,,,Fresh,Allison Draw /Nm,wadeID220,Surface Water
NMwr_WSwadeID221,,,Fresh,Shumway Arroyo,wadeID221,Surface Water
NMwr_WSwadeID222,,,Fresh,Carrizo Creek,wadeID222,Surface Water
NMwr_WSwadeID223,,,Fresh,La Jara Canyon,wadeID223,Surface Water
NMwr_WSwadeID224,,,Fresh,Cereza Canyon,wadeID224,Surface Water
NMwr_WSwadeID225,,,Fresh,Chaco Wash,wadeID225,Surface Water
NMwr_WSwadeID226,,,Fresh,Rio Chiquito /N,wadeID226,Surface Water
NMwr_WSwadeID227,,,Fresh,Salt Creek,wadeID227,Surface Water
NMwr_WSwadeID228,,,Fresh,Cienega Creek,wadeID228,Surface Water
NMwr_WSwadeID229,,,Fresh,Rio De Truchas,wadeID229,Surface Water
NMwr_WSwadeID23,,,Fresh,Brazos River,wadeID23,Surface Water
NMwr_WSwadeID230,,,Fresh,Rio Grande Area 4,wadeID230,Surface Water
NMwr_WSwadeID231,,,Fresh,Tapicita Creek,wadeID231,Surface Water
NMwr_WSwadeID232,,,Fresh,Rio Frijoles,wadeID232,Surface Water
NMwr_WSwadeID233,,,Fresh,Rio Medio,wadeID233,Surface Water
NMwr_WSwadeID234,,,Fresh,Rio Quemado,wadeID234,Surface Water
NMwr_WSwadeID235,,,Fresh,Dry Cimarron River,wadeID235,Surface Water
NMwr_WSwadeID236,,,Fresh,Dry Cimarron River,wadeID236,Surface and Groundwater
NMwr_WSwadeID237,,,Fresh,Travesser Creek,wadeID237,Surface Water
NMwr_WSwadeID238,,,Fresh,Pine Canyon,wadeID238,Surface Water
NMwr_WSwadeID239,,,Fresh,Flathead Canyon,wadeID239,Surface Water
NMwr_WSwadeID24,,,Fresh,San Francisco River,wadeID24,Surface Water
NMwr_WSwadeID240,,,Fresh,Fisher Creek,wadeID240,Surface Water
NMwr_WSwadeID241,,,Fresh,Trincherita Creek /Nm,wadeID241,Surface Water
NMwr_WSwadeID242,,,Fresh,Trinchera Creek,wadeID242,Surface Water
NMwr_WSwadeID243,,,Fresh,Pecos River Area 2,wadeID243,Surface Water
NMwr_WSwadeID244,,,Fresh,Mora River,wadeID244,Surface Water
NMwr_WSwadeID245,,,Fresh,Magado Creek,wadeID245,Surface Water
NMwr_WSwadeID246,,,Fresh,Hinchley Canyon,wadeID246,Surface Water
NMwr_WSwadeID247,,,Fresh,Mitten Bar Canyon /N,wadeID247,Surface Water
NMwr_WSwadeID248,,,Fresh,Eagle Creek /N,wadeID248,Surface Water
NMwr_WSwadeID249,,,Fresh,Bonito Lake,wadeID249,Surface Water
NMwr_WSwadeID25,,,Fresh,Patos Creek,wadeID25,Surface Water
NMwr_WSwadeID250,,,Fresh,Lookout Canyon,wadeID250,Surface Water
NMwr_WSwadeID251,,,Fresh,Little Creek,wadeID251,Surface Water
NMwr_WSwadeID252,,,Fresh,Salado Creek,wadeID252,Surface Water
NMwr_WSwadeID253,,,Fresh,Cedar Creek,wadeID253,Surface Water
NMwr_WSwadeID254,,,Fresh,Carrizo Creek /N,wadeID254,Surface Water
NMwr_WSwadeID255,,,Fresh,Bonito Creek,wadeID255,Surface Water
NMwr_WSwadeID256,,,Fresh,Philadelphia Canyon,wadeID256,Surface Water
NMwr_WSwadeID257,,,Fresh,Tanbark Canyon,wadeID257,Surface Water
NMwr_WSwadeID258,,,Fresh,Gonzales Canyon,wadeID258,Surface Water
NMwr_WSwadeID259,,,Fresh,Mills Canyon,wadeID259,Surface Water
NMwr_WSwadeID26,,,Fresh,Carracas Canyon,wadeID26,Surface Water
NMwr_WSwadeID260,,,Fresh,Lincoln Canyon,wadeID260,Surface Water
NMwr_WSwadeID261,,,Fresh,Mitt And Bar Canyon,wadeID261,Surface Water
NMwr_WSwadeID262,,,Fresh,Santa Rita Canyon,wadeID262,Surface Water
NMwr_WSwadeID263,,,Fresh,Anan Canyon,wadeID263,Surface Water
NMwr_WSwadeID264,,,Fresh,Rito De Los Pinos,wadeID264,Surface Water
NMwr_WSwadeID265,,,Fresh,San Simon Cienega,wadeID265,Surface Water
NMwr_WSwadeID266,,,Fresh,Gobernador Canyon,wadeID266,Surface Water
NMwr_WSwadeID267,,,Fresh,Oso Creek,wadeID267,Surface Water
NMwr_WSwadeID268,,,Fresh,Little Coyote Creek,wadeID268,Surface Water
NMwr_WSwadeID269,,,Fresh,Truchas Creek,wadeID269,Surface Water
NMwr_WSwadeID27,,,Fresh,Jones Canyon /Nm,wadeID27,Surface Water
NMwr_WSwadeID270,,,Fresh,Silver Springs Creek,wadeID270,Surface Water
NMwr_WSwadeID271,,,Fresh,Rito De Agua Negra Chiquita /N,wadeID271,Surface Water
NMwr_WSwadeID272,,,Fresh,Dollins Canyon,wadeID272,Surface Water
NMwr_WSwadeID273,,,Fresh,Lucas Canyon,wadeID273,Surface Water
NMwr_WSwadeID274,,,Fresh,Greasy Canyon,wadeID274,Surface Water
NMwr_WSwadeID275,,,Fresh,Telephone Canyon,wadeID275,Surface Water
NMwr_WSwadeID276,,,Fresh,Cienega Canyon,wadeID276,Surface Water
NMwr_WSwadeID277,,,Fresh,Willie White Canyon,wadeID277,Surface Water
NMwr_WSwadeID278,,,Fresh,Benson Canyon,wadeID278,Surface Water
NMwr_WSwadeID279,,,Fresh,Curtis Canyon,wadeID279,Surface Water
NMwr_WSwadeID28,,,Fresh,Jim Goodloe Canyon /Nm,wadeID28,Surface Water
NMwr_WSwadeID280,,,Fresh,Newman Canyon,wadeID280,Surface Water
NMwr_WSwadeID281,,,Fresh,Graveyard Canyon,wadeID281,Surface Water
NMwr_WSwadeID282,,,Fresh,Animas Basin,wadeID282,Surface Water
NMwr_WSwadeID283,,,Fresh,Tecolote Ceek,wadeID283,Surface Water
NMwr_WSwadeID284,,,Fresh,Penasco Canyon,wadeID284,Surface Water
NMwr_WSwadeID285,,,Fresh,Duran Canyon,wadeID285,Surface Water
NMwr_WSwadeID286,,,Fresh,Nacimiento Creek,wadeID286,Surface Water
NMwr_WSwadeID287,,,Fresh,Gallinas Creek,wadeID287,Surface Water
NMwr_WSwadeID288,,,Fresh,Arroyo Hondo,wadeID288,Surface Water
NMwr_WSwadeID289,,,Fresh,Cow Creek,wadeID289,Surface Water
NMwr_WSwadeID29,,,Fresh,Indian Ridge Canyon /Nm,wadeID29,Surface Water
NMwr_WSwadeID290,,,Fresh,Pecos River Area 4,wadeID290,Surface and Groundwater
NMwr_WSwadeID291,,,Fresh,Black River,wadeID291,Surface and Groundwater
NMwr_WSwadeID292,,,Fresh,Cottonwood Canyon /N,wadeID292,Surface Water
NMwr_WSwadeID293,,,Fresh,Cass Draw,wadeID293,Surface and Groundwater
NMwr_WSwadeID294,,,Fresh,Rio De Los Pinos,wadeID294,Surface Water
NMwr_WSwadeID295,,,Fresh,Dark Canyon /N,wadeID295,Surface and Groundwater
NMwr_WSwadeID296,,,Fresh,Pecos River Area 4,wadeID296,Surface Water
NMwr_WSwadeID297,,,Fresh,Agua Negra River /N,wadeID297,Surface and Groundwater
NMwr_WSwadeID298,,,Fresh,Alamosa Creek,wadeID298,Surface and Groundwater
NMwr_WSwadeID299,,,Fresh,Las Huertas Creek,wadeID299,Surface Water
NMwr_WSwadeID3,,,Fresh,Abbott Lake,wadeID3,Surface and Groundwater
NMwr_WSwadeID30,,,Fresh,Willow Creek /N,wadeID30,Surface Water
NMwr_WSwadeID300,,,Fresh,Abiquiu Creek,wadeID300,Surface and Groundwater
NMwr_WSwadeID301,,,Fresh,Pecos River Area 5,wadeID301,Surface and Groundwater
NMwr_WSwadeID302,,,Fresh,Turkey Canyon,wadeID302,Surface Water
NMwr_WSwadeID303,,,Fresh,Canario Canyon,wadeID303,Surface Water
NMwr_WSwadeID304,,,Fresh,Corrumpa Creek,wadeID304,Surface Water
NMwr_WSwadeID305,,,Fresh,South Branch Corrumpa Creek,wadeID305,Surface Water
NMwr_WSwadeID306,,,Fresh,North Branch Corrumpa Creek,wadeID306,Surface Water
NMwr_WSwadeID307,,,Fresh,Rafael Creek /Nm,wadeID307,Surface Water
NMwr_WSwadeID308,,,Fresh,Road Canyon,wadeID308,Surface Water
NMwr_WSwadeID309,,,Fresh,Rio De Las Vacas,wadeID309,Surface Water
NMwr_WSwadeID31,,,Fresh,Rito Del Tanque,wadeID31,Surface Water
NMwr_WSwadeID310,,,Fresh,American Creek,wadeID310,Surface Water
NMwr_WSwadeID311,,,Fresh,Rio Grande Area 0 (Colorado),wadeID311,Surface Water
NMwr_WSwadeID312,,,Fresh,Wild Horse Canyon,wadeID312,Surface Water
NMwr_WSwadeID313,,,Fresh,San Augustin Plains,wadeID313,Surface Water
NMwr_WSwadeID314,,,Fresh,Spring Creek,wadeID314,Surface Water
NMwr_WSwadeID315,,,Fresh,West Latir Creek,wadeID315,Surface Water
NMwr_WSwadeID316,,,Fresh,Red River,wadeID316,Surface Water
NMwr_WSwadeID317,,,Fresh,Cabresto Creek,wadeID317,Surface Water
NMwr_WSwadeID318,,,Fresh,Cedrito Arroyo,wadeID318,Surface Water
NMwr_WSwadeID319,,,Fresh,Urraca Creek,wadeID319,Surface Water
NMwr_WSwadeID32,,,Fresh,Vanderitas Creek /N,wadeID32,Surface Water
NMwr_WSwadeID320,,,Fresh,Pioneer Creek,wadeID320,Surface Water
NMwr_WSwadeID321,,,Fresh,Bitter Creek,wadeID321,Surface Water
NMwr_WSwadeID322,,,Fresh,Pinabete Creek,wadeID322,Surface Water
NMwr_WSwadeID323,,,Fresh,Rio Chama,wadeID323,Surface and Groundwater
NMwr_WSwadeID324,,,Fresh,WaDE Blank,wadeID324,Surface Water
NMwr_WSwadeID325,,,Fresh,Rio Grande De Rancho,wadeID325,Surface Water
NMwr_WSwadeID326,,,Fresh,Rio Fernando De Taos,wadeID326,Surface Water
NMwr_WSwadeID327,,,Fresh,Rio Lucero,wadeID327,Surface Water
NMwr_WSwadeID328,,,Fresh,Agua Olympia,wadeID328,Surface and Groundwater
NMwr_WSwadeID329,,,Fresh,Arroyo Seco,wadeID329,Surface Water
NMwr_WSwadeID33,,,Fresh,Alamosa Creek,wadeID33,Surface Water
NMwr_WSwadeID330,,,Fresh,Tienditas Creek,wadeID330,Surface Water
NMwr_WSwadeID331,,,Fresh,Seboyetita Creek,wadeID331,Surface Water
NMwr_WSwadeID332,,,Fresh,San Cristobal,wadeID332,Surface Water
NMwr_WSwadeID333,,,Fresh,Rito La Presa,wadeID333,Surface Water
NMwr_WSwadeID334,,,Fresh,Dickey Canyon,wadeID334,Surface Water
NMwr_WSwadeID34,,,Fresh,Rio En Medio,wadeID34,Surface Water
NMwr_WSwadeID35,,,Fresh,Galisteo Creek,wadeID35,Surface Water
NMwr_WSwadeID36,,,Fresh,Santa Fe River,wadeID36,Surface Water
NMwr_WSwadeID37,,,Fresh,Cox Canyon,wadeID37,Surface Water
NMwr_WSwadeID38,,,Fresh,Rio Penasco,wadeID38,Surface Water
NMwr_WSwadeID39,,,Fresh,James Canyon,wadeID39,Surface Water
NMwr_WSwadeID4,,,Fresh,Abo Arroyo,wadeID4,Surface and Groundwater
NMwr_WSwadeID40,,,Fresh,Canada Larga,wadeID40,Surface Water
NMwr_WSwadeID41,,,Fresh,Nogal Creek /N,wadeID41,Surface Water
NMwr_WSwadeID42,,,Fresh,Embudo Creek,wadeID42,Surface and Groundwater
NMwr_WSwadeID43,,,Fresh,Embudo Creek,wadeID43,Surface Water
NMwr_WSwadeID44,,,Fresh,Rio Puerco,wadeID44,Surface Water
NMwr_WSwadeID45,,,Fresh,Jemez River,wadeID45,Surface Water
NMwr_WSwadeID46,,,Fresh,Rio Gallina,wadeID46,Surface Water
NMwr_WSwadeID47,,,Fresh,Canon De Los Cordovas,wadeID47,Surface Water
NMwr_WSwadeID48,,,Fresh,Smith Canyon,wadeID48,Surface Water
NMwr_WSwadeID49,,,Fresh,Canon De Terrero,wadeID49,Surface Water
NMwr_WSwadeID5,,,Fresh,Agua Chiquita Creek,wadeID5,Surface and Groundwater
NMwr_WSwadeID50,,,Fresh,Patterson Canyon,wadeID50,Surface Water
NMwr_WSwadeID51,,,Fresh,Agua Media,wadeID51,Surface Water
NMwr_WSwadeID52,,,Fresh,Barillas Creek,wadeID52,Surface Water
NMwr_WSwadeID53,,,Fresh,Harris Creek,wadeID53,Surface Water
NMwr_WSwadeID54,,,Fresh,Santa Cruz River,wadeID54,Surface Water
NMwr_WSwadeID55,,,Fresh,Spring Canyon,wadeID55,Surface Water
NMwr_WSwadeID56,,,Fresh,Las Animas Creek,wadeID56,Surface Water
NMwr_WSwadeID57,,,Fresh,Wills Canyon,wadeID57,Surface Water
NMwr_WSwadeID58,,,Fresh,Palomas Creek,wadeID58,Surface Water
NMwr_WSwadeID59,,,Fresh,Abbot Creek,wadeID59,Surface Water
NMwr_WSwadeID6,,,Fresh,Rio Ruidoso,wadeID6,Surface and Groundwater
NMwr_WSwadeID60,,,Fresh,Bluewater Creek,wadeID60,Surface Water
NMwr_WSwadeID61,,,Fresh,Young Canyon,wadeID61,Surface Water
NMwr_WSwadeID62,,,Fresh,Green Canyon,wadeID62,Surface Water
NMwr_WSwadeID63,,,Fresh,Percha Creek,wadeID63,Surface Water
NMwr_WSwadeID64,,,Fresh,Seco Creek,wadeID64,Surface Water
NMwr_WSwadeID65,,,Fresh,Crow Canyon,wadeID65,Surface Water
NMwr_WSwadeID66,,,Fresh,North Salem Arroyo,wadeID66,Surface Water
NMwr_WSwadeID67,,,Fresh,County Line Arroyo,wadeID67,Surface Water
NMwr_WSwadeID68,,,Fresh,Ralph Arroyo,wadeID68,Surface Water
NMwr_WSwadeID69,,,Fresh,Broad Canyon,wadeID69,Surface Water
NMwr_WSwadeID7,,,Fresh,Agua Caliente,wadeID7,Surface and Groundwater
NMwr_WSwadeID70,,,Fresh,Tortugas Arroyo,wadeID70,Surface Water
NMwr_WSwadeID71,,,Fresh,South Percha Creek,wadeID71,Surface Water
NMwr_WSwadeID72,,,Fresh,Jaralosa Creek,wadeID72,Surface Water
NMwr_WSwadeID73,,,Fresh,Sand Hill Arroyo,wadeID73,Surface Water
NMwr_WSwadeID74,,,Fresh,Ricketson Draw,wadeID74,Surface Water
NMwr_WSwadeID75,,,Fresh,Anthony Arroyo,wadeID75,Surface Water
NMwr_WSwadeID76,,,Fresh,Velarde Arroyo,wadeID76,Surface Water
NMwr_WSwadeID77,,,Fresh,Rodey Arroyo,wadeID77,Surface Water
NMwr_WSwadeID78,,,Fresh,Rhodes Arroyo,wadeID78,Surface Water
NMwr_WSwadeID79,,,Fresh,Hammett Arroyo,wadeID79,Surface Water
NMwr_WSwadeID8,,,Fresh,Rio Brazos,wadeID8,Surface Water
NMwr_WSwadeID80,,,Fresh,Berrenda Creek,wadeID80,Surface Water
NMwr_WSwadeID81,,,Fresh,Tortolita Creek,wadeID81,Surface Water
NMwr_WSwadeID82,,,Fresh,Apodaca Arroyo,wadeID82,Surface Water
NMwr_WSwadeID83,,,Fresh,Salopek Arroyo,wadeID83,Surface Water
NMwr_WSwadeID84,,,Fresh,Mossman Arroyo,wadeID84,Surface Water
NMwr_WSwadeID85,,,Fresh,Bishops Cap Arroyo,wadeID85,Surface Water
NMwr_WSwadeID86,,,Fresh,Pena Blanca Arroyo,wadeID86,Surface Water
NMwr_WSwadeID87,,,Fresh,Apache Arroyo,wadeID87,Surface Water
NMwr_WSwadeID88,,,Fresh,North Percha Creek,wadeID88,Surface Water
NMwr_WSwadeID89,,,Fresh,Middle Percha Creek,wadeID89,Surface Water
NMwr_WSwadeID9,,,Fresh,Black River,wadeID9,Surface Water
NMwr_WSwadeID90,,,Fresh,Tierra Blanca Creek,wadeID90,Surface Water
NMwr_WSwadeID91,,,Fresh,Sacramento River,wadeID91,Surface Water
NMwr_WSwadeID92,,,Fresh,Baylor Canyon,wadeID92,Surface Water
NMwr_WSwadeID93,,,Fresh,Mescal Canyon,wadeID93,Surface Water
NMwr_WSwadeID94,,,Fresh,East Fork Mason Draw /N,wadeID94,Surface Water
NMwr_WSwadeID95,,,Fresh,Silva Canyon,wadeID95,Surface Water
NMwr_WSwadeID96,,,Fresh,Mason Draw,wadeID96,Surface Water
NMwr_WSwadeID97,,,Fresh,Middle Fork Mason Draw /N,wadeID97,Surface Water
NMwr_WSwadeID98,,,Fresh,Wildhorse Canyon,wadeID98,Surface Water
NMwr_WSwadeID99,,,Fresh,Trujillo Creek,wadeID99,Surface Water
