MethodUUID,MethodName,MethodDescription,MethodNEMILink,ApplicableResourceTypeCV,MethodTypeCV,DataCoverageValue,DataQualityValueCV,DataConfidenceValue
UT_STREAMFLOW_SUPPLY,Average Streamflow Method,Average Streamflow Method,,Surface Water,Modeled,,,
UT_Use,Agricultural Landuse Survey,Agricultural Landuse Survey,,Surface Ground,Modeled,,,
UT_LEGAVLBLE,Legally Available Water,Legally Available Water,,Surface Ground,Modeled,,,
UT_RETURNFLOW,Return Flow Estimates,Return Flow Estimates,,Surface Water,Modeled,,,
UT_Consumptive Use Estimate,Consumptive Use Estimate Method,Consumptive Use Estimate Method,,Surface Ground,Modeled,,,
UT_Withdrawal Volume Estimate,Diversion Volume Estimate,Diversion Volume Estimate,,Surface Ground,Modeled,,,
UT_INSTREAM_FLOW,Instream Flow Estimate,Instream Flow Estimate,,Surface Water,Modeled,,,
UT_STORAGE_SUPPLY,Estimate of Reservoir Storage,Estimate of Reservoir Storage,,Surface Water,Modeled,,,
UT_WaterAllocation,Water Allocation,Water Rights,,Surface Ground,Adjudicated,,,
