,OrganizationUUID,SiteUUID,VariableSpecificUUID,WaterSourceUUID,MethodUUID,PrimaryUseCategory,BeneficialUseCategory,AllocationNativeID,AllocationTypeCV,AllocationOwner,AllocationApplicationDate,AllocationPriorityDate,AllocationLegalStatusCV,AllocationCropDutyAmount,AllocationExpirationDate,AllocationChangeApplicationIndicator,LegacyAllocationIDs,AllocationBasisCV,AllocationTimeframeStart,AllocationTimeframeEnd,AllocationAmount,AllocationMaximum,PopulationServed,PowerGeneratedGWh,IrrigatedAcreage,AllocationCommunityWaterSupplySystem,AllocationSDWISIdentifierCV,AllocationAssociatedWithdrawalSiteIDs,AllocationAssociatedConsumptiveUseSiteIDs,WaterAllocationNativeURL,CustomerTypeCV,IrrigationMethodCV,CropTypeCV,CommunityWaterSupplySystem,DataPublicationDate,DataPublicationDOI
136760,UTDWRE,,UTDWRE Allocation All,,UT_WaterAllocation,Irrigation,,",",,,,,,,,,,Unknown,,,,,,,,,,,,,,,,,,
144014,UTDWRE,,UTDWRE Allocation All,,UT_WaterAllocation,Irrigation,,","","",0.00000,"",0.25000,0401""",,,D,N,,167462,,,,Unknown,,,,,,,,,,,,,,,,,,
147902,UTDWRE,,UTDWRE Allocation All,,UT_WaterAllocation,Irrigation,, 10-22-40 and 55-11091 (a1171,,,,,,,,,,Unknown,,,,,,,,,,,,,,,,,,
174844,UTDWRE,,UTDWRE Allocation All,,UT_WaterAllocation,Irrigation,,"Action deferred due to m""",,,,,,,,,,Unknown,,,,,,,,,,,,,,,,,,
189645,UTDWRE,,UTDWRE Allocation All,,UT_WaterAllocation,Irrigation,, ,,,,,,,,,,Unknown,,,,,,,,,,,,,,,,,,
189646,UTDWRE,,UTDWRE Allocation All,,UT_WaterAllocation,Irrigation,, JUL 23,,,0,0,,0,                                                                                                    ,,,Unknown,,,,,,,,,,,,,,,,,,
192146,UTDWRE,,UTDWRE Allocation All,,UT_WaterAllocation,Irrigation,,Wayne R. Wilberg - Stock Certificate Nos. 2713,,,,,,,,,,Unknown,,,,,,,,,,,,,,,,,,
195059,UTDWRE,,UTDWRE Allocation All,,UT_WaterAllocation,Irrigation,,under 35-8852 (Award 852),,,,,,,,,,Unknown,,,,,,,,,,,,,,,,,,
