<metadata xml:lang="en"><Esri><CreaDate>20210810</CreaDate><CreaTime>14592800</CreaTime><ArcGISFormat>1.0</ArcGISFormat><SyncOnce>FALSE</SyncOnce><DataProperties><itemProps><itemName Sync="TRUE">SpecialConditionsWaterRightRegulations</itemName><imsContentType Sync="TRUE">002</imsContentType><itemSize Sync="TRUE">0.000</itemSize><itemLocation><linkage Sync="TRUE">file://\\RJWSWCWLT\C$\Users\rjame\Documents\WSWC Documents\MappingStatesDataToWaDE2.0\NewMexico\Regulatory\RawInputData\Special Conditions Water Right Regulations\shapefile\SpecialConditionsWaterRightRegulations.shp</linkage><protocol Sync="TRUE">Local Area Network</protocol></itemLocation></itemProps><coordRef><type Sync="TRUE">Geographic</type><geogcsn Sync="TRUE">GCS_WGS_1984</geogcsn><csUnits Sync="TRUE">Angular Unit: Degree (0.017453)</csUnits><peXml Sync="TRUE">&lt;GeographicCoordinateSystem xsi:type='typens:GeographicCoordinateSystem' xmlns:xsi='http://www.w3.org/2001/XMLSchema-instance' xmlns:xs='http://www.w3.org/2001/XMLSchema' xmlns:typens='http://www.esri.com/schemas/ArcGIS/3.0.0'&gt;&lt;WKT&gt;GEOGCS[&amp;quot;GCS_WGS_1984&amp;quot;,DATUM[&amp;quot;D_WGS_1984&amp;quot;,SPHEROID[&amp;quot;WGS_1984&amp;quot;,6378137.0,298.257223563]],PRIMEM[&amp;quot;Greenwich&amp;quot;,0.0],UNIT[&amp;quot;Degree&amp;quot;,0.0174532925199433],AUTHORITY[&amp;quot;EPSG&amp;quot;,4326]]&lt;/WKT&gt;&lt;XOrigin&gt;-400&lt;/XOrigin&gt;&lt;YOrigin&gt;-400&lt;/YOrigin&gt;&lt;XYScale&gt;11258999068426.238&lt;/XYScale&gt;&lt;ZOrigin&gt;-100000&lt;/ZOrigin&gt;&lt;ZScale&gt;10000&lt;/ZScale&gt;&lt;MOrigin&gt;-100000&lt;/MOrigin&gt;&lt;MScale&gt;10000&lt;/MScale&gt;&lt;XYTolerance&gt;8.983152841195215e-09&lt;/XYTolerance&gt;&lt;ZTolerance&gt;0.001&lt;/ZTolerance&gt;&lt;MTolerance&gt;0.001&lt;/MTolerance&gt;&lt;HighPrecision&gt;true&lt;/HighPrecision&gt;&lt;LeftLongitude&gt;-180&lt;/LeftLongitude&gt;&lt;WKID&gt;4326&lt;/WKID&gt;&lt;LatestWKID&gt;4326&lt;/LatestWKID&gt;&lt;/GeographicCoordinateSystem&gt;</peXml></coordRef><lineage><Process ToolSource="c:\program files\arcgis\pro\Resources\ArcToolbox\toolboxes\Conversion Tools.tbx\FeatureClassToFeatureClass" Date="20210810" Time="145928">FeatureClassToFeatureClass "Water Right Regulations\Water Rights Regulations" "C:\Users\rjame\Documents\WSWC Documents\MappingStatesDataToWaDE2.0\NewMexico\Regulatory\RawInputData\ShapefileData\Water Right Regulations" WaterRightRegulations.shp # "Name "Name" true true false 255 Text 0 0,First,#,Water Right Regulations\Water Rights Regulations,Name,0,255;reg_type "Regulation Type" true true false 4 Text 0 0,First,#,Water Right Regulations\Water Rights Regulations,reg_type,0,4;geologic_unit "Geologic Unit" true true false 37 Text 0 0,First,#,Water Right Regulations\Water Rights Regulations,geologic_unit,0,37;doc_reference "Document Reference" true true false 150 Text 0 0,First,#,Water Right Regulations\Water Rights Regulations,doc_reference,0,150;requirements "Requirements" true true false 254 Text 0 0,First,#,Water Right Regulations\Water Rights Regulations,requirements,0,254;source_doc "Source Document" true true false 36 Text 0 0,First,#,Water Right Regulations\Water Rights Regulations,source_doc,0,36;created_date "Creation Date" true true false 8 Date 0 0,First,#,Water Right Regulations\Water Rights Regulations,created_date,-1,-1;effect_date "Effective Date" true true false 8 Date 0 0,First,#,Water Right Regulations\Water Rights Regulations,effect_date,-1,-1;modified_date "Modified Date" true true false 8 Date 0 0,First,#,Water Right Regulations\Water Rights Regulations,modified_date,-1,-1;Meters "Meters Required" true true false 1 Text 0 0,First,#,Water Right Regulations\Water Rights Regulations,Meters,0,1;estd_purpose "Established Purpose" true true false 50 Text 0 0,First,#,Water Right Regulations\Water Rights Regulations,estd_purpose,0,50;dom_well_limit "Domestic Well Limit" true true false 1 Text 0 0,First,#,Water Right Regulations\Water Rights Regulations,dom_well_limit,0,1;well_limit "Well Limit" true true false 1 Text 0 0,First,#,Water Right Regulations\Water Rights Regulations,well_limit,0,1;acres "Acres" true true false 0 Double 0 0,First,#,Water Right Regulations\Water Rights Regulations,acres,-1,-1;alt_name "Alternative Name" true true false 30 Text 0 0,First,#,Water Right Regulations\Water Rights Regulations,alt_name,0,30;jurisdiction "Jurisdiction" true true false 50 Text 0 0,First,#,Water Right Regulations\Water Rights Regulations,jurisdiction,0,50;district_office "District Office" true true false 6 Text 0 0,First,#,Water Right Regulations\Water Rights Regulations,district_office,0,6;OSE_District "OSE District" true true false 15 Text 0 0,First,#,Water Right Regulations\Water Rights Regulations,OSE_District,0,15;Legal_Desc "Legal Description" true true false 500 Text 0 0,First,#,Water Right Regulations\Water Rights Regulations,Legal_Desc,0,500;Disclaimer "Disclaimer" true true false 254 Text 0 0,First,#,Water Right Regulations\Water Rights Regulations,Disclaimer,0,254;GlobalID "GlobalID" false false true 38 Text 0 0,First,#,Water Right Regulations\Water Rights Regulations,GlobalID,-1,-1;Shape__Area "Shape__Area" false true true 0 Double 0 0,First,#,Water Right Regulations\Water Rights Regulations,Shape__Area,-1,-1;Shape__Length "Shape__Length" false true true 0 Double 0 0,First,#,Water Right Regulations\Water Rights Regulations,Shape__Length,-1,-1" #</Process><Process ToolSource="c:\program files\arcgis\pro\Resources\ArcToolbox\toolboxes\Data Management Tools.tbx\UpdateSchema" Date="20210816" Time="112132">UpdateSchema "CIMDATA=&lt;CIMStandardDataConnection xsi:type='typens:CIMStandardDataConnection' xmlns:xsi='http://www.w3.org/2001/XMLSchema-instance' xmlns:xs='http://www.w3.org/2001/XMLSchema' xmlns:typens='http://www.esri.com/schemas/ArcGIS/2.8.0'&gt;&lt;WorkspaceConnectionString&gt;DATABASE=C:\Users\rjame\Documents\WSWC Documents\MappingStatesDataToWaDE2.0\NewMexico\Regulatory\RawInputData\ShapefileData\Water Right Regulations&lt;/WorkspaceConnectionString&gt;&lt;WorkspaceFactory&gt;Shapefile&lt;/WorkspaceFactory&gt;&lt;Dataset&gt;WaterRightRegulations.shp&lt;/Dataset&gt;&lt;DatasetType&gt;esriDTFeatureClass&lt;/DatasetType&gt;&lt;/CIMStandardDataConnection&gt;" &lt;operationSequence&gt;&lt;workflow&gt;&lt;AddField&gt;&lt;field_name&gt;RegUUID&lt;/field_name&gt;&lt;field_type&gt;TEXT&lt;/field_type&gt;&lt;field_length&gt;255&lt;/field_length&gt;&lt;field_is_nullable&gt;False&lt;/field_is_nullable&gt;&lt;field_is_required&gt;False&lt;/field_is_required&gt;&lt;/AddField&gt;&lt;/workflow&gt;&lt;/operationSequence&gt;</Process><Process ToolSource="c:\program files\arcgis\pro\Resources\ArcToolbox\toolboxes\Conversion Tools.tbx\ExportFeatures" Date="20230414" Time="125204">ExportFeatures WaterRightRegulations C:\Users\rjame\Documents\ArcGIS\Projects\NMData\NMData.gdb\SpecialConditionsWaterRightRegulations # NOT_USE_ALIAS "Name "Name" true true false 254 Text 0 0,First,#,WaterRightRegulations,Name,0,254;reg_type "reg_type" true true false 4 Text 0 0,First,#,WaterRightRegulations,reg_type,0,4;geologic_u "geologic_u" true true false 37 Text 0 0,First,#,WaterRightRegulations,geologic_u,0,37;doc_refere "doc_refere" true true false 150 Text 0 0,First,#,WaterRightRegulations,doc_refere,0,150;requiremen "requiremen" true true false 254 Text 0 0,First,#,WaterRightRegulations,requiremen,0,254;source_doc "source_doc" true true false 36 Text 0 0,First,#,WaterRightRegulations,source_doc,0,36;created_da "created_da" true true false 8 Date 0 0,First,#,WaterRightRegulations,created_da,-1,-1;effect_dat "effect_dat" true true false 8 Date 0 0,First,#,WaterRightRegulations,effect_dat,-1,-1;modified_d "modified_d" true true false 8 Date 0 0,First,#,WaterRightRegulations,modified_d,-1,-1;Meters "Meters" true true false 1 Text 0 0,First,#,WaterRightRegulations,Meters,0,1;estd_purpo "estd_purpo" true true false 50 Text 0 0,First,#,WaterRightRegulations,estd_purpo,0,50;dom_well_l "dom_well_l" true true false 1 Text 0 0,First,#,WaterRightRegulations,dom_well_l,0,1;well_limit "well_limit" true true false 1 Text 0 0,First,#,WaterRightRegulations,well_limit,0,1;acres "acres" true true false 19 Double 0 0,First,#,WaterRightRegulations,acres,-1,-1;alt_name "alt_name" true true false 30 Text 0 0,First,#,WaterRightRegulations,alt_name,0,30;jurisdicti "jurisdicti" true true false 50 Text 0 0,First,#,WaterRightRegulations,jurisdicti,0,50;district_o "district_o" true true false 6 Text 0 0,First,#,WaterRightRegulations,district_o,0,6;OSE_Distri "OSE_Distri" true true false 15 Text 0 0,First,#,WaterRightRegulations,OSE_Distri,0,15;Legal_Desc "Legal_Desc" true true false 254 Text 0 0,First,#,WaterRightRegulations,Legal_Desc,0,254;Disclaimer "Disclaimer" true true false 254 Text 0 0,First,#,WaterRightRegulations,Disclaimer,0,254;GlobalID "GlobalID" true true false 38 Text 0 0,First,#,WaterRightRegulations,GlobalID,0,38;Shape__Are "Shape__Are" true true false 19 Double 0 0,First,#,WaterRightRegulations,Shape__Are,-1,-1;Shape__Len "Shape__Len" true true false 19 Double 0 0,First,#,WaterRightRegulations,Shape__Len,-1,-1;RegUUID "RegUUID" true true false 254 Text 0 0,First,#,WaterRightRegulations,RegUUID,0,254" #</Process><Process ToolSource="c:\program files\arcgis\pro\Resources\ArcToolbox\toolboxes\Conversion Tools.tbx\ExportFeatures" Date="20230414" Time="151730">ExportFeatures "Source Data\SpecialConditionsWaterRightRegulations" "C:\Users\rjame\Documents\WSWC Documents\MappingStatesDataToWaDE2.0\NewMexico\Regulatory\RawInputData\Special Conditions Water Right Regulations\shapefile\SpecialConditionsWaterRightRegulations.shp" # NOT_USE_ALIAS "Name "Name" true true false 254 Text 0 0,First,#,Source Data\SpecialConditionsWaterRightRegulations,Name,0,254;reg_type "reg_type" true true false 4 Text 0 0,First,#,Source Data\SpecialConditionsWaterRightRegulations,reg_type,0,4;geologic_u "geologic_u" true true false 37 Text 0 0,First,#,Source Data\SpecialConditionsWaterRightRegulations,geologic_u,0,37;doc_refere "doc_refere" true true false 150 Text 0 0,First,#,Source Data\SpecialConditionsWaterRightRegulations,doc_refere,0,150;requiremen "requiremen" true true false 254 Text 0 0,First,#,Source Data\SpecialConditionsWaterRightRegulations,requiremen,0,254;source_doc "source_doc" true true false 36 Text 0 0,First,#,Source Data\SpecialConditionsWaterRightRegulations,source_doc,0,36;created_da "created_da" true true false 8 Date 0 0,First,#,Source Data\SpecialConditionsWaterRightRegulations,created_da,-1,-1;effect_dat "effect_dat" true true false 8 Date 0 0,First,#,Source Data\SpecialConditionsWaterRightRegulations,effect_dat,-1,-1;modified_d "modified_d" true true false 8 Date 0 0,First,#,Source Data\SpecialConditionsWaterRightRegulations,modified_d,-1,-1;Meters "Meters" true true false 1 Text 0 0,First,#,Source Data\SpecialConditionsWaterRightRegulations,Meters,0,1;estd_purpo "estd_purpo" true true false 50 Text 0 0,First,#,Source Data\SpecialConditionsWaterRightRegulations,estd_purpo,0,50;dom_well_l "dom_well_l" true true false 1 Text 0 0,First,#,Source Data\SpecialConditionsWaterRightRegulations,dom_well_l,0,1;well_limit "well_limit" true true false 1 Text 0 0,First,#,Source Data\SpecialConditionsWaterRightRegulations,well_limit,0,1;acres "acres" true true false 8 Double 0 0,First,#,Source Data\SpecialConditionsWaterRightRegulations,acres,-1,-1;alt_name "alt_name" true true false 30 Text 0 0,First,#,Source Data\SpecialConditionsWaterRightRegulations,alt_name,0,30;jurisdicti "jurisdicti" true true false 50 Text 0 0,First,#,Source Data\SpecialConditionsWaterRightRegulations,jurisdicti,0,50;district_o "district_o" true true false 6 Text 0 0,First,#,Source Data\SpecialConditionsWaterRightRegulations,district_o,0,6;OSE_Distri "OSE_Distri" true true false 15 Text 0 0,First,#,Source Data\SpecialConditionsWaterRightRegulations,OSE_Distri,0,15;Legal_Desc "Legal_Desc" true true false 254 Text 0 0,First,#,Source Data\SpecialConditionsWaterRightRegulations,Legal_Desc,0,254;Disclaimer "Disclaimer" true true false 254 Text 0 0,First,#,Source Data\SpecialConditionsWaterRightRegulations,Disclaimer,0,254;GlobalID "GlobalID" true true false 38 Text 0 0,First,#,Source Data\SpecialConditionsWaterRightRegulations,GlobalID,0,38;Shape__Are "Shape__Are" true true false 8 Double 0 0,First,#,Source Data\SpecialConditionsWaterRightRegulations,Shape__Are,-1,-1;Shape__Len "Shape__Len" true true false 8 Double 0 0,First,#,Source Data\SpecialConditionsWaterRightRegulations,Shape__Len,-1,-1;RegUUID "RegUUID" true true false 254 Text 0 0,First,#,Source Data\SpecialConditionsWaterRightRegulations,RegUUID,0,254;Shape_Length "Shape_Length" false true true 8 Double 0 0,First,#,Source Data\SpecialConditionsWaterRightRegulations,Shape_Length,-1,-1;Shape_Area "Shape_Area" false true true 8 Double 0 0,First,#,Source Data\SpecialConditionsWaterRightRegulations,Shape_Area,-1,-1" #</Process></lineage></DataProperties><SyncDate>20230414</SyncDate><SyncTime>15173000</SyncTime><ModDate>20230414</ModDate><ModTime>15173000</ModTime></Esri><dataIdInfo><envirDesc Sync="TRUE">Microsoft Windows 10 Version 10.0 (Build 22000) ; Esri ArcGIS 13.0.2.36056</envirDesc><dataLang><languageCode value="eng" Sync="TRUE"></languageCode><countryCode value="USA" Sync="TRUE"></countryCode></dataLang><idCitation><resTitle Sync="TRUE">SpecialConditionsWaterRightRegulations</resTitle><presForm><PresFormCd value="005" Sync="TRUE"></PresFormCd></presForm></idCitation><spatRpType><SpatRepTypCd value="001" Sync="TRUE"></SpatRepTypCd></spatRpType></dataIdInfo><mdLang><languageCode value="eng" Sync="TRUE"></languageCode><countryCode value="USA" Sync="TRUE"></countryCode></mdLang><mdChar><CharSetCd value="004" Sync="TRUE"></CharSetCd></mdChar><distInfo><distFormat><formatName Sync="TRUE">Shapefile</formatName></distFormat><distTranOps><transSize Sync="TRUE">0.000</transSize></distTranOps></distInfo><mdHrLv><ScopeCd value="005" Sync="TRUE"></ScopeCd></mdHrLv><mdHrLvName Sync="TRUE">dataset</mdHrLvName><refSysInfo><RefSystem><refSysID><identCode code="4326" Sync="TRUE"></identCode><idCodeSpace Sync="TRUE">EPSG</idCodeSpace><idVersion Sync="TRUE">6.2(3.0.1)</idVersion></refSysID></RefSystem></refSysInfo><spatRepInfo><VectSpatRep><geometObjs Name="SpecialConditionsWaterRightRegulations"><geoObjTyp><GeoObjTypCd value="002" Sync="TRUE"></GeoObjTypCd></geoObjTyp><geoObjCnt Sync="TRUE">0</geoObjCnt></geometObjs><topLvl><TopoLevCd value="001" Sync="TRUE"></TopoLevCd></topLvl></VectSpatRep></spatRepInfo><spdoinfo><ptvctinf><esriterm Name="SpecialConditionsWaterRightRegulations"><efeatyp Sync="TRUE">Simple</efeatyp><efeageom code="4" Sync="TRUE"></efeageom><esritopo Sync="TRUE">FALSE</esritopo><efeacnt Sync="TRUE">0</efeacnt><spindex Sync="TRUE">FALSE</spindex><linrefer Sync="TRUE">FALSE</linrefer></esriterm></ptvctinf></spdoinfo><eainfo><detailed Name="SpecialConditionsWaterRightRegulations"><enttyp><enttypl Sync="TRUE">SpecialConditionsWaterRightRegulations</enttypl><enttypt Sync="TRUE">Feature Class</enttypt><enttypc Sync="TRUE">0</enttypc></enttyp><attr><attrlabl Sync="TRUE">FID</attrlabl><attalias Sync="TRUE">FID</attalias><attrtype Sync="TRUE">OID</attrtype><attwidth Sync="TRUE">4</attwidth><atprecis Sync="TRUE">0</atprecis><attscale Sync="TRUE">0</attscale><attrdef Sync="TRUE">Internal feature number.</attrdef><attrdefs Sync="TRUE">Esri</attrdefs><attrdomv><udom Sync="TRUE">Sequential unique whole numbers that are automatically generated.</udom></attrdomv></attr><attr><attrlabl Sync="TRUE">Shape</attrlabl><attalias Sync="TRUE">Shape</attalias><attrtype Sync="TRUE">Geometry</attrtype><attwidth Sync="TRUE">0</attwidth><atprecis Sync="TRUE">0</atprecis><attscale Sync="TRUE">0</attscale><attrdef Sync="TRUE">Feature geometry.</attrdef><attrdefs Sync="TRUE">Esri</attrdefs><attrdomv><udom Sync="TRUE">Coordinates defining the features.</udom></attrdomv></attr><attr><attrlabl Sync="TRUE">Name</attrlabl><attalias Sync="TRUE">Name</attalias><attrtype Sync="TRUE">String</attrtype><attwidth Sync="TRUE">254</attwidth><atprecis Sync="TRUE">0</atprecis><attscale Sync="TRUE">0</attscale></attr><attr><attrlabl Sync="TRUE">reg_type</attrlabl><attalias Sync="TRUE">reg_type</attalias><attrtype Sync="TRUE">String</attrtype><attwidth Sync="TRUE">4</attwidth><atprecis Sync="TRUE">0</atprecis><attscale Sync="TRUE">0</attscale></attr><attr><attrlabl Sync="TRUE">geologic_u</attrlabl><attalias Sync="TRUE">geologic_u</attalias><attrtype Sync="TRUE">String</attrtype><attwidth Sync="TRUE">37</attwidth><atprecis Sync="TRUE">0</atprecis><attscale Sync="TRUE">0</attscale></attr><attr><attrlabl Sync="TRUE">doc_refere</attrlabl><attalias Sync="TRUE">doc_refere</attalias><attrtype Sync="TRUE">String</attrtype><attwidth Sync="TRUE">150</attwidth><atprecis Sync="TRUE">0</atprecis><attscale Sync="TRUE">0</attscale></attr><attr><attrlabl Sync="TRUE">requiremen</attrlabl><attalias Sync="TRUE">requiremen</attalias><attrtype Sync="TRUE">String</attrtype><attwidth Sync="TRUE">254</attwidth><atprecis Sync="TRUE">0</atprecis><attscale Sync="TRUE">0</attscale></attr><attr><attrlabl Sync="TRUE">source_doc</attrlabl><attalias Sync="TRUE">source_doc</attalias><attrtype Sync="TRUE">String</attrtype><attwidth Sync="TRUE">36</attwidth><atprecis Sync="TRUE">0</atprecis><attscale Sync="TRUE">0</attscale></attr><attr><attrlabl Sync="TRUE">created_da</attrlabl><attalias Sync="TRUE">created_da</attalias><attrtype Sync="TRUE">Date</attrtype><attwidth Sync="TRUE">8</attwidth><atprecis Sync="TRUE">0</atprecis><attscale Sync="TRUE">0</attscale></attr><attr><attrlabl Sync="TRUE">effect_dat</attrlabl><attalias Sync="TRUE">effect_dat</attalias><attrtype Sync="TRUE">Date</attrtype><attwidth Sync="TRUE">8</attwidth><atprecis Sync="TRUE">0</atprecis><attscale Sync="TRUE">0</attscale></attr><attr><attrlabl Sync="TRUE">modified_d</attrlabl><attalias Sync="TRUE">modified_d</attalias><attrtype Sync="TRUE">Date</attrtype><attwidth Sync="TRUE">8</attwidth><atprecis Sync="TRUE">0</atprecis><attscale Sync="TRUE">0</attscale></attr><attr><attrlabl Sync="TRUE">Meters</attrlabl><attalias Sync="TRUE">Meters</attalias><attrtype Sync="TRUE">String</attrtype><attwidth Sync="TRUE">1</attwidth><atprecis Sync="TRUE">0</atprecis><attscale Sync="TRUE">0</attscale></attr><attr><attrlabl Sync="TRUE">estd_purpo</attrlabl><attalias Sync="TRUE">estd_purpo</attalias><attrtype Sync="TRUE">String</attrtype><attwidth Sync="TRUE">50</attwidth><atprecis Sync="TRUE">0</atprecis><attscale Sync="TRUE">0</attscale></attr><attr><attrlabl Sync="TRUE">dom_well_l</attrlabl><attalias Sync="TRUE">dom_well_l</attalias><attrtype Sync="TRUE">String</attrtype><attwidth Sync="TRUE">1</attwidth><atprecis Sync="TRUE">0</atprecis><attscale Sync="TRUE">0</attscale></attr><attr><attrlabl Sync="TRUE">well_limit</attrlabl><attalias Sync="TRUE">well_limit</attalias><attrtype Sync="TRUE">String</attrtype><attwidth Sync="TRUE">1</attwidth><atprecis Sync="TRUE">0</atprecis><attscale Sync="TRUE">0</attscale></attr><attr><attrlabl Sync="TRUE">acres</attrlabl><attalias Sync="TRUE">acres</attalias><attrtype Sync="TRUE">Double</attrtype><attwidth Sync="TRUE">19</attwidth><atprecis Sync="TRUE">0</atprecis><attscale Sync="TRUE">0</attscale></attr><attr><attrlabl Sync="TRUE">alt_name</attrlabl><attalias Sync="TRUE">alt_name</attalias><attrtype Sync="TRUE">String</attrtype><attwidth Sync="TRUE">30</attwidth><atprecis Sync="TRUE">0</atprecis><attscale Sync="TRUE">0</attscale></attr><attr><attrlabl Sync="TRUE">jurisdicti</attrlabl><attalias Sync="TRUE">jurisdicti</attalias><attrtype Sync="TRUE">String</attrtype><attwidth Sync="TRUE">50</attwidth><atprecis Sync="TRUE">0</atprecis><attscale Sync="TRUE">0</attscale></attr><attr><attrlabl Sync="TRUE">district_o</attrlabl><attalias Sync="TRUE">district_o</attalias><attrtype Sync="TRUE">String</attrtype><attwidth Sync="TRUE">6</attwidth><atprecis Sync="TRUE">0</atprecis><attscale Sync="TRUE">0</attscale></attr><attr><attrlabl Sync="TRUE">OSE_Distri</attrlabl><attalias Sync="TRUE">OSE_Distri</attalias><attrtype Sync="TRUE">String</attrtype><attwidth Sync="TRUE">15</attwidth><atprecis Sync="TRUE">0</atprecis><attscale Sync="TRUE">0</attscale></attr><attr><attrlabl Sync="TRUE">Legal_Desc</attrlabl><attalias Sync="TRUE">Legal_Desc</attalias><attrtype Sync="TRUE">String</attrtype><attwidth Sync="TRUE">254</attwidth><atprecis Sync="TRUE">0</atprecis><attscale Sync="TRUE">0</attscale></attr><attr><attrlabl Sync="TRUE">Disclaimer</attrlabl><attalias Sync="TRUE">Disclaimer</attalias><attrtype Sync="TRUE">String</attrtype><attwidth Sync="TRUE">254</attwidth><atprecis Sync="TRUE">0</atprecis><attscale Sync="TRUE">0</attscale></attr><attr><attrlabl Sync="TRUE">GlobalID</attrlabl><attalias Sync="TRUE">GlobalID</attalias><attrtype Sync="TRUE">String</attrtype><attwidth Sync="TRUE">38</attwidth><atprecis Sync="TRUE">0</atprecis><attscale Sync="TRUE">0</attscale></attr><attr><attrlabl Sync="TRUE">Shape__Are</attrlabl><attalias Sync="TRUE">Shape__Are</attalias><attrtype Sync="TRUE">Double</attrtype><attwidth Sync="TRUE">19</attwidth><atprecis Sync="TRUE">0</atprecis><attscale Sync="TRUE">0</attscale></attr><attr><attrlabl Sync="TRUE">Shape__Len</attrlabl><attalias Sync="TRUE">Shape__Len</attalias><attrtype Sync="TRUE">Double</attrtype><attwidth Sync="TRUE">19</attwidth><atprecis Sync="TRUE">0</atprecis><attscale Sync="TRUE">0</attscale></attr><attr><attrlabl Sync="TRUE">RegUUID</attrlabl><attalias Sync="TRUE">RegUUID</attalias><attrtype Sync="TRUE">String</attrtype><attwidth Sync="TRUE">254</attwidth><atprecis Sync="TRUE">0</atprecis><attscale Sync="TRUE">0</attscale></attr><attr><attrlabl Sync="TRUE">Shape_Leng</attrlabl><attalias Sync="TRUE">Shape_Leng</attalias><attrtype Sync="TRUE">Double</attrtype><attwidth Sync="TRUE">19</attwidth><atprecis Sync="TRUE">0</atprecis><attscale Sync="TRUE">0</attscale></attr><attr><attrlabl Sync="TRUE">Shape_Area</attrlabl><attalias Sync="TRUE">Shape_Area</attalias><attrtype Sync="TRUE">Double</attrtype><attwidth Sync="TRUE">19</attwidth><atprecis Sync="TRUE">0</atprecis><attscale Sync="TRUE">0</attscale><attrdef Sync="TRUE">Area of feature in internal units squared.</attrdef><attrdefs Sync="TRUE">Esri</attrdefs><attrdomv><udom Sync="TRUE">Positive real numbers that are automatically generated.</udom></attrdomv></attr></detailed></eainfo><mdDateSt Sync="TRUE">20230414</mdDateSt></metadata>
